filename,split,kelas,alasan,laplacian_var,width,height
2026-01-19-21-44-13_mp4-0022_jpg.rf.214038705eff89ccff06e056c9b0dee3_1.jpg,train,FAKE_14,terlalu_kecil,4371.750886649409,52,20
2026-01-19-21-44-13_mp4-0022_jpg.rf.214038705eff89ccff06e056c9b0dee3_3.jpg,train,FAKE_5,terlalu_kecil,1308.2345421782286,89,16
2026-01-19-21-44-13_mp4-0028_jpg.rf.4f2ca85b8db0100a4116b702fdc00453_1.jpg,train,FAKE_14,terlalu_kecil,811.1584204978438,64,23
2026-01-19-21-44-13_mp4-0028_jpg.rf.4f2ca85b8db0100a4116b702fdc00453_2.jpg,train,REAL_3,blur,42.82844339029278,197,91
2026-01-19-21-44-13_mp4-0029_jpg.rf.76c9f65273c45b0f5e61a0368ffec45b_0.jpg,train,REAL_3,blur,28.228277758752125,194,90
2026-01-19-21-44-13_mp4-0029_jpg.rf.76c9f65273c45b0f5e61a0368ffec45b_2.jpg,train,FAKE_14,terlalu_kecil,392.0660403454882,58,24
2026-01-19-21-44-13_mp4-0035_jpg.rf.d325be794a92d44fdcae47a0667626cc_2.jpg,train,R1,terlalu_kecil,328.1179767905902,23,12
2026-01-19-21-44-13_mp4-0035_jpg.rf.d325be794a92d44fdcae47a0667626cc_3.jpg,train,R1,terlalu_kecil,303.6295421749968,21,11
2026-01-19-21-44-13_mp4-0037_jpg.rf.dba445bddce1ed2ad3e0c1f0f317a607_0.jpg,train,REAL_15,terlalu_kecil,531.3034271149093,52,23
2026-01-19-21-44-13_mp4-0037_jpg.rf.dba445bddce1ed2ad3e0c1f0f317a607_4.jpg,train,FAKE_9,terlalu_kecil,1983.4860444444444,60,15
2026-01-19-21-44-13_mp4-0037_jpg.rf.dba445bddce1ed2ad3e0c1f0f317a607_5.jpg,train,R1,terlalu_kecil,759.7250320845931,56,18
2026-01-19-21-44-13_mp4-0037_jpg.rf.dba445bddce1ed2ad3e0c1f0f317a607_6.jpg,train,FAKE_14,terlalu_kecil,1085.4973988369857,34,24
2026-01-19-21-44-13_mp4-0055_jpg.rf.1f4615e1b8648170ee81aedc852e6043_5.jpg,train,R1,terlalu_kecil,2267.1475825537186,45,17
2026-01-19-21-44-13_mp4-0055_jpg.rf.1f4615e1b8648170ee81aedc852e6043_6.jpg,train,FAKE_14,terlalu_kecil,1967.716592797784,30,19
2026-01-19-21-44-13_mp4-0055_jpg.rf.1f4615e1b8648170ee81aedc852e6043_7.jpg,train,R1,terlalu_kecil,2376.8499105282394,27,17
2026-01-19-21-44-13_mp4-0055_jpg.rf.1f4615e1b8648170ee81aedc852e6043_8.jpg,train,FAKE_14,terlalu_kecil,1661.9234623890707,21,9
2026-01-19-21-44-13_mp4-0055_jpg.rf.1f4615e1b8648170ee81aedc852e6043_9.jpg,train,FAKE_1,terlalu_kecil,2658.778585944181,21,17
2026-01-19-21-44-13_mp4-0060_jpg.rf.51554b7783947542a34c5af984a84141_0.jpg,train,FAKE_14,terlalu_kecil,3651.712255859375,32,20
2026-01-19-21-44-13_mp4-0060_jpg.rf.51554b7783947542a34c5af984a84141_6.jpg,train,R1,terlalu_kecil,2110.934177777778,50,18
2026-01-19-21-44-13_mp4-0082_jpg.rf.8d0b3217b65a353d54fe827eac088926_4.jpg,train,FAKE_14,terlalu_kecil,4004.195997222221,30,20
2026-01-19-21-44-13_mp4-0082_jpg.rf.8d0b3217b65a353d54fe827eac088926_5.jpg,train,R1,terlalu_kecil,1016.1382504056245,43,16
2026-01-19-21-44-13_mp4-0101_jpg.rf.5b01fbfa122fcf4f93ac024d39b4b2c8_1.jpg,train,FAKE_14,terlalu_kecil,1135.127316623264,48,20
2026-01-19-21-44-13_mp4-0101_jpg.rf.5b01fbfa122fcf4f93ac024d39b4b2c8_3.jpg,train,FAKE_15,terlalu_kecil,368.90773799767254,76,13
2026-01-19-21-44-13_mp4-0108_jpg.rf.7329503fa023a246b3755b38cef1ca8e_0.jpg,train,FAKE_14,terlalu_kecil,5246.97629455428,42,16
2026-01-19-21-44-13_mp4-0108_jpg.rf.7329503fa023a246b3755b38cef1ca8e_2.jpg,train,REAL_15,terlalu_kecil,781.925013565706,59,12
2026-01-19-21-44-13_mp4-0108_jpg.rf.7329503fa023a246b3755b38cef1ca8e_3.jpg,train,FAKE_15,terlalu_kecil,781.925013565706,59,12
2026-01-19-21-44-13_mp4-0120_jpg.rf.0007d92e27c0346745cb5f1c7a0aa038_1.jpg,train,R1,terlalu_kecil,811.2513658048631,19,12
2026-01-19-21-44-13_mp4-0120_jpg.rf.0007d92e27c0346745cb5f1c7a0aa038_2.jpg,train,R1,terlalu_kecil,1696.1241426611798,18,12
2026-01-19-21-44-13_mp4-0120_jpg.rf.0007d92e27c0346745cb5f1c7a0aa038_3.jpg,train,R1,terlalu_kecil,2238.5937017746915,18,8
2026-01-19-21-44-13_mp4-0120_jpg.rf.0007d92e27c0346745cb5f1c7a0aa038_4.jpg,train,R1,terlalu_kecil,826.9832525951558,17,10
2026-01-19-21-44-13_mp4-0120_jpg.rf.0007d92e27c0346745cb5f1c7a0aa038_5.jpg,train,FAKE_14,terlalu_kecil,3283.7794608809995,30,13
2026-01-19-21-44-13_mp4-0120_jpg.rf.0007d92e27c0346745cb5f1c7a0aa038_6.jpg,train,R1,terlalu_kecil,3211.922839506173,18,8
2026-01-19-21-44-13_mp4-0120_jpg.rf.0007d92e27c0346745cb5f1c7a0aa038_7.jpg,train,FAKE_8,terlalu_kecil,2003.330435878055,56,9
2026-01-19-21-44-13_mp4-0133_jpg.rf.b2f3eb5acfbec2c46833a86424768819_0.jpg,train,FAKE_14,terlalu_kecil,923.2752765380608,47,19
2026-01-19-21-44-13_mp4-0133_jpg.rf.b2f3eb5acfbec2c46833a86424768819_1.jpg,train,REAL_15,terlalu_kecil,681.1192519813847,43,18
2026-01-19-21-44-13_mp4-0133_jpg.rf.b2f3eb5acfbec2c46833a86424768819_2.jpg,train,REAL_13,terlalu_kecil,644.4356162956676,70,23
2026-01-19-21-44-13_mp4-0135_jpg.rf.b39965eb979dac1260324e925efdbdc9_1.jpg,train,REAL_15,terlalu_kecil,999.6403161177324,45,17
2026-01-19-21-44-13_mp4-0135_jpg.rf.b39965eb979dac1260324e925efdbdc9_4.jpg,train,FAKE_15,terlalu_kecil,423.09020711196644,78,17
2026-01-19-21-44-13_mp4-0140_jpg.rf.d69d234ae96bcfc55056e51be2162bd8_0.jpg,train,REAL_13,terlalu_kecil,778.5479780048762,67,24
2026-01-19-21-44-13_mp4-0140_jpg.rf.d69d234ae96bcfc55056e51be2162bd8_3.jpg,train,FAKE_9,terlalu_kecil,1924.9610785361701,39,21
2026-01-19-21-44-13_mp4-0155_jpg.rf.76475a10dfa6415523da334500bd3f2e_4.jpg,train,FAKE_12,terlalu_kecil,939.3227070286212,46,21
2026-01-19-21-44-13_mp4-0160_jpg.rf.e6c1735ed3f54b6abfa77c614a424a28_0.jpg,train,FAKE_12,terlalu_kecil,657.0412673987549,58,17
2026-01-19-21-44-13_mp4-0177_jpg.rf.9120c3bd989d3d4a7bfe70352bb3df2d_0.jpg,train,R1,blur,30.59316324230916,185,157
2026-01-19-21-44-13_mp4-0179_jpg.rf.2ba62fd3b73255e36c47d587f9f7fe43_2.jpg,train,FAKE_12,terlalu_kecil,673.2185163623994,46,17
2026-01-19-21-44-13_mp4-0181_jpg.rf.5c4b52e240aea08ef2e98832b19aee9d_1.jpg,train,FAKE_12,terlalu_kecil,1574.777119023012,53,17
2026-01-19-21-44-13_mp4-0181_jpg.rf.5c4b52e240aea08ef2e98832b19aee9d_2.jpg,train,R1,blur,49.92613669198058,171,140
2026-01-19-21-44-13_mp4-0186_jpg.rf.7890b02b9ed3896e037ad37ac6740c00_2.jpg,train,REAL_2,terlalu_kecil,1439.9239156619294,85,17
2026-01-19-21-44-13_mp4-0202_jpg.rf.74c2c4eab6e79052d0405e5e8ee540d0_0.jpg,train,REAL_13,terlalu_kecil,2088.9533267580405,54,22
2026-01-19-21-44-13_mp4-0234_jpg.rf.19bf5a5f10e001ba1c93b83bb93258a2_0.jpg,train,R1,blur,32.34897199590555,159,123
2026-01-19-21-44-13_mp4-0234_jpg.rf.19bf5a5f10e001ba1c93b83bb93258a2_1.jpg,train,R1,blur,22.92443709515391,155,68
2026-01-19-21-44-13_mp4-0236_jpg.rf.bc5fae8388182a2c898ae1b5494e5c58_0.jpg,train,FAKE_8,terlalu_kecil,248.2250692520776,72,19
2026-01-19-21-44-13_mp4-0239_jpg.rf.7d2bb3c910e746f26e3bdccbc10a2186_2.jpg,train,FAKE_4,terlalu_kecil,1254.7227851304674,57,15
2026-01-19-21-44-13_mp4-0239_jpg.rf.7d2bb3c910e746f26e3bdccbc10a2186_3.jpg,train,REAL_13,terlalu_kecil,1934.6246913580246,54,20
2026-01-19-21-44-13_mp4-0239_jpg.rf.7d2bb3c910e746f26e3bdccbc10a2186_8.jpg,train,REAL_7,terlalu_kecil,3926.173605442177,45,7
2026-01-19-21-44-13_mp4-0262_jpg.rf.b4ada9cb5e9766fa86c76ed55c694525_1.jpg,train,R1,blur,45.48667540253938,140,107
2026-01-19-21-44-13_mp4-0267_jpg.rf.cf1dfbaf312cfdfb9017f5d52ed434a0_0.jpg,train,R1,blur,45.57663525140216,170,148
2026-01-19-21-44-13_mp4-0279_jpg.rf.a3521c24ab1ad7c413777c5606e10d62_1.jpg,train,R1,blur,28.76683324361201,159,106
2026-01-19-21-44-13_mp4-0279_jpg.rf.a3521c24ab1ad7c413777c5606e10d62_2.jpg,train,R1,blur,31.77100990212412,140,70
2026-01-19-21-44-13_mp4-0284_jpg.rf.9b6d4260520245f23491049db5d0784d_1.jpg,train,FAKE_3,terlalu_kecil,750.886338873136,96,23
2026-01-19-21-44-13_mp4-0286_jpg.rf.fad97b5c3d3f1f1442b5d936448e73a6_1.jpg,train,FAKE_3,terlalu_kecil,351.72458635270823,91,22
2026-01-19-21-44-13_mp4-0292_jpg.rf.cadf196dd1fe8410fb2982b41b085b92_1.jpg,train,FAKE_3,terlalu_kecil,3211.2908466526715,82,22
2026-01-19-21-44-13_mp4-0292_jpg.rf.cadf196dd1fe8410fb2982b41b085b92_2.jpg,train,R1,terlalu_kecil,394.8024411410655,72,21
2026-01-19-21-44-13_mp4-0292_jpg.rf.cadf196dd1fe8410fb2982b41b085b92_4.jpg,train,FAKE_8,terlalu_kecil,2411.900739529183,92,24
2026-01-19-21-44-13_mp4-0292_jpg.rf.cadf196dd1fe8410fb2982b41b085b92_5.jpg,train,FAKE_4,terlalu_kecil,749.2530919970568,32,19
2026-01-19-21-44-13_mp4-0294_jpg.rf.202594a4945cf71750b7ebe448f5c69e_1.jpg,train,FAKE_8,terlalu_kecil,541.4072064230031,91,24
2026-01-19-21-44-13_mp4-0294_jpg.rf.202594a4945cf71750b7ebe448f5c69e_6.jpg,train,R1,terlalu_kecil,765.8350246290062,66,18
2026-01-19-21-44-13_mp4-0321_jpg.rf.4ed55f6be75f434d9cae0b8384c9f68e_1.jpg,train,R1,terlalu_kecil,442.8903183271488,54,23
2026-01-19-21-44-13_mp4-0321_jpg.rf.4ed55f6be75f434d9cae0b8384c9f68e_4.jpg,train,REAL_7,terlalu_kecil,2777.5060482141325,34,11
2026-01-19-21-44-13_mp4-0344_jpg.rf.1cddbf8257d0f1c5d0e5e8baf67a8551_0.jpg,train,REAL_14,terlalu_kecil,392.61698486561113,67,18
2026-01-19-21-44-13_mp4-0383_jpg.rf.520f1d8f3d39ecf2a257a0d13ebf9d71_1.jpg,train,REAL_7,terlalu_kecil,2716.9812733224976,38,11
2026-01-19-21-44-13_mp4-0383_jpg.rf.520f1d8f3d39ecf2a257a0d13ebf9d71_2.jpg,train,FAKE_1,terlalu_kecil,1019.5229069010417,40,24
2026-01-19-21-44-13_mp4-0404_jpg.rf.d72711b74f0f3f40bb26cb0353b1514d_0.jpg,train,FAKE_2,terlalu_kecil,2723.314083286946,58,19
2026-01-19-21-44-13_mp4-0404_jpg.rf.d72711b74f0f3f40bb26cb0353b1514d_1.jpg,train,FAKE_3,terlalu_kecil,1728.46652129447,65,18
2026-01-19-21-44-13_mp4-0421_jpg.rf.6001e994c49ae1733abdb2bcae2208d7_1.jpg,train,FAKE_1,terlalu_kecil,750.6196175918928,45,21
2026-01-19-21-44-13_mp4-0424_jpg.rf.e12026ee7b9ca8dd13ece6ba6ac4c7d1_0.jpg,train,FAKE_14,terlalu_kecil,487.84723497602283,36,22
2026-01-19-21-44-13_mp4-0431_jpg.rf.7a1cbde166f4c3752dd713e1784556b3_0.jpg,train,FAKE_2,terlalu_kecil,275.1411476048753,48,14
2026-01-19-21-44-13_mp4-0434_jpg.rf.6d6bbb4ac6d82ec10dd8af20ab8fcb9f_0.jpg,train,FAKE_3,terlalu_kecil,1501.7572045766974,78,22
2026-01-19-21-44-13_mp4-0434_jpg.rf.6d6bbb4ac6d82ec10dd8af20ab8fcb9f_1.jpg,train,FAKE_2,terlalu_kecil,735.5016412775674,86,24
2026-01-19-21-44-13_mp4-0437_jpg.rf.4071ae954273d826e869001f21643236_0.jpg,train,FAKE_3,terlalu_kecil,2146.1053115148306,71,19
2026-01-19-21-44-13_mp4-0437_jpg.rf.4071ae954273d826e869001f21643236_1.jpg,train,FAKE_2,terlalu_kecil,535.1258858597203,59,22
2026-01-19-21-44-13_mp4-0441_jpg.rf.389dfe40b9327c87ab3952a8ddf20b72_0.jpg,train,FAKE_3,terlalu_kecil,425.00570052346274,74,19
2026-01-19-21-44-13_mp4-0441_jpg.rf.389dfe40b9327c87ab3952a8ddf20b72_1.jpg,train,FAKE_2,terlalu_kecil,205.14919494459832,48,19
2026-01-19-21-44-13_mp4-0451_jpg.rf.8379512a986128a0417642d462cb4093_0.jpg,train,FAKE_9,terlalu_kecil,1487.5475489304379,41,22
2026-01-19-21-44-13_mp4-0454_jpg.rf.127d75e2d37b95b2199bc606dd885941_0.jpg,train,FAKE_9,terlalu_kecil,1617.857598140496,40,22
2026-01-19-21-44-13_mp4-0458_jpg.rf.c4807aaa8822406a7df897fa6d4ee42c_0.jpg,train,FAKE_3,terlalu_kecil,482.8404806665024,52,12
2026-01-19-21-44-13_mp4-0464_jpg.rf.b1cd4e121e3857213b29488851d17a29_1.jpg,train,FAKE_9,terlalu_kecil,145.81950044432693,41,18
2026-01-19-21-44-13_mp4-0464_jpg.rf.b1cd4e121e3857213b29488851d17a29_3.jpg,train,FAKE_12,terlalu_kecil,500.48249896677623,43,21
2026-01-19-21-44-13_mp4-0464_jpg.rf.b1cd4e121e3857213b29488851d17a29_4.jpg,train,REAL_13,terlalu_kecil,81.72923349472399,31,22
2026-01-19-21-44-13_mp4-0464_jpg.rf.b1cd4e121e3857213b29488851d17a29_5.jpg,train,REAL_1,terlalu_kecil,241.57234712886415,43,21
2026-01-19-21-44-13_mp4-0482_jpg.rf.f19d7c16b4cce02cb042be198f929200_3.jpg,train,R1,terlalu_kecil,401.0898387675383,28,16
2026-01-19-21-44-13_mp4-0482_jpg.rf.f19d7c16b4cce02cb042be198f929200_4.jpg,train,FAKE_4,terlalu_kecil,576.7508800577037,95,19
2026-01-19-21-44-13_mp4-0509_jpg.rf.fc447cc7cdc875131a23c40843a7deec_0.jpg,train,FAKE_14,terlalu_kecil,2267.760572103857,27,19
2026-01-19-21-44-13_mp4-0531_jpg.rf.d90b8bcb718b2eb2d2bd702b3a7df518_2.jpg,train,R1,terlalu_kecil,2042.5745804520154,42,22
2026-01-19-21-44-13_mp4-0531_jpg.rf.d90b8bcb718b2eb2d2bd702b3a7df518_7.jpg,train,FAKE_4,terlalu_kecil,1032.3761314313354,114,14
2026-01-19-21-44-13_mp4-0535_jpg.rf.b25b44a19df24e6c380fa11e02c39894_5.jpg,train,FAKE_4,terlalu_kecil,114.30507376543207,120,15
2026-01-19-21-44-13_mp4-0535_jpg.rf.b25b44a19df24e6c380fa11e02c39894_6.jpg,train,R1,terlalu_kecil,172.6655097413115,42,21
2026-01-19-21-44-13_mp4-0535_jpg.rf.b25b44a19df24e6c380fa11e02c39894_7.jpg,train,FAKE_1,blur,42.387501188712896,117,54
2026-01-19-21-44-13_mp4-0540_jpg.rf.2ec44d7b4fca82de0dea4b00e0f26825_3.jpg,train,R1,terlalu_kecil,897.905758518118,43,20
2026-01-19-21-44-13_mp4-0540_jpg.rf.2ec44d7b4fca82de0dea4b00e0f26825_6.jpg,train,REAL_2,terlalu_kecil,1032.1202228673833,47,22
2026-01-19-21-44-13_mp4-0540_jpg.rf.2ec44d7b4fca82de0dea4b00e0f26825_7.jpg,train,FAKE_4,terlalu_kecil,483.5056284956137,114,13
2026-01-19-21-44-13_mp4-0544_jpg.rf.83da6c8aa90d8d7ae550d055b9d6e87d_3.jpg,train,R1,terlalu_kecil,1327.3650738617685,52,24
2026-01-19-21-44-13_mp4-0574_jpg.rf.b69f394808485cfe9786158630a5b3dd_3.jpg,train,FAKE_4,terlalu_kecil,865.561153783116,74,19
2026-01-19-21-44-13_mp4-0574_jpg.rf.b69f394808485cfe9786158630a5b3dd_7.jpg,train,R1,terlalu_kecil,707.3900360933327,42,13
2026-01-19-21-44-13_mp4-0588_jpg.rf.f60b979c3a59e18d57ee6f8140b035f5_0.jpg,train,FAKE_12,blur,35.68690500991083,265,108
2026-01-19-21-44-13_mp4-0588_jpg.rf.f60b979c3a59e18d57ee6f8140b035f5_1.jpg,train,FAKE_2,blur,49.992179608585865,96,55
2026-01-19-21-44-13_mp4-0599_jpg.rf.4c46f3c94ef2c8f8a8cfcec5f3b61622_3.jpg,train,FAKE_14,terlalu_kecil,68.11638821744671,86,21
2026-01-19-21-44-13_mp4-0612_jpg.rf.ba1817c6639fc607840ca978ad9d2668_1.jpg,train,FAKE_14,terlalu_kecil,1884.2041811822764,84,17
2026-01-19-21-44-13_mp4-0616_jpg.rf.acef47af667c409dee25ca6993aa860e_2.jpg,train,FAKE_14,terlalu_kecil,2682.663984811596,78,16
2026-01-19-21-44-13_mp4-0616_jpg.rf.acef47af667c409dee25ca6993aa860e_4.jpg,train,R1,terlalu_kecil,1958.4610080602815,46,12
2026-01-19-21-44-13_mp4-0616_jpg.rf.acef47af667c409dee25ca6993aa860e_5.jpg,train,REAL_2,terlalu_kecil,774.0168805803571,42,16
2026-01-19-21-44-13_mp4-0619_jpg.rf.225708372c9e8d49a43042d186ee5f83_2.jpg,train,R1,terlalu_kecil,1392.2280325443787,40,13
2026-01-19-21-44-13_mp4-0619_jpg.rf.225708372c9e8d49a43042d186ee5f83_5.jpg,train,FAKE_14,terlalu_kecil,1424.669565972222,75,16
2026-01-19-21-44-13_mp4-0619_jpg.rf.225708372c9e8d49a43042d186ee5f83_7.jpg,train,REAL_2,terlalu_kecil,1179.8313137755101,48,14
2026-01-19-21-44-13_mp4-0641_jpg.rf.5fa8c9e805f61942496111719a15e7c3_6.jpg,train,R1,terlalu_kecil,1580.9169223464094,39,12
2026-01-19-21-44-13_mp4-0641_jpg.rf.5fa8c9e805f61942496111719a15e7c3_7.jpg,train,REAL_2,terlalu_kecil,3048.396590053917,81,16
2026-01-19-21-44-13_mp4-0650_jpg.rf.8920de964259b36a68ba5a83bc4a3ead_3.jpg,train,R1,terlalu_kecil,2096.4065602375304,29,13
2026-01-19-21-44-13_mp4-0650_jpg.rf.8920de964259b36a68ba5a83bc4a3ead_7.jpg,train,FAKE_14,terlalu_kecil,4493.771385934076,74,16
2026-01-19-21-44-13_mp4-0702_jpg.rf.83a7275651951aa04c84f6b2130d5aab_3.jpg,train,REAL_2,terlalu_kecil,1669.4592839563852,62,21
2026-01-19-21-44-13_mp4-0702_jpg.rf.83a7275651951aa04c84f6b2130d5aab_4.jpg,train,FAKE_14,terlalu_kecil,1170.2229225023343,42,17
2026-01-19-21-44-13_mp4-0707_jpg.rf.dc0b2fc9636646a238851c6f06d8db1f_5.jpg,train,REAL_2,terlalu_kecil,1409.623742858055,59,15
2026-01-19-21-44-13_mp4-0707_jpg.rf.dc0b2fc9636646a238851c6f06d8db1f_7.jpg,train,FAKE_14,terlalu_kecil,1497.3951862673484,74,15
2026-01-19-21-44-13_mp4-0707_jpg.rf.dc0b2fc9636646a238851c6f06d8db1f_8.jpg,train,R1,terlalu_kecil,3300.027868517517,43,15
2026-01-19-21-44-13_mp4-0728_jpg.rf.c4d4c639b4ce1aa581242430ca2d8eb9_3.jpg,train,REAL_2,terlalu_kecil,1255.2891910117642,76,18
2026-01-19-21-44-13_mp4-0728_jpg.rf.c4d4c639b4ce1aa581242430ca2d8eb9_4.jpg,train,REAL_5,terlalu_kecil,600.2500942817619,49,23
2026-01-19-21-44-13_mp4-0728_jpg.rf.c4d4c639b4ce1aa581242430ca2d8eb9_9.jpg,train,FAKE_14,terlalu_kecil,215.77535728320987,76,17
2026-01-19-21-44-13_mp4-0740_jpg.rf.9df89de9f460204f78e665d194a20738_0.jpg,train,FAKE_14,terlalu_kecil,700.3701925390932,71,21
2026-01-19-21-44-13_mp4-0740_jpg.rf.9df89de9f460204f78e665d194a20738_4.jpg,train,FAKE_11,blur,15.754694938358458,205,37
2026-01-19-21-44-13_mp4-0746_jpg.rf.f79fa0664b09fe447a7873bc9146ed6f_0.jpg,train,FAKE_14,terlalu_kecil,1211.8411631914387,64,19
2026-01-19-21-44-13_mp4-0750_jpg.rf.912072e28ff67002fcdc83b050d82978_0.jpg,train,FAKE_14,terlalu_kecil,369.22618236681404,67,22
2026-01-19-21-44-13_mp4-0750_jpg.rf.912072e28ff67002fcdc83b050d82978_4.jpg,train,FAKE_2,terlalu_kecil,629.6946368113266,76,24
2026-01-19-21-44-13_mp4-0755_jpg.rf.6249abf7de9802388f285d09373b8ad4_2.jpg,train,FAKE_12,terlalu_kecil,3685.952428668696,93,18
2026-01-19-21-44-13_mp4-0758_jpg.rf.308f4494431ce2b6a389051d624af557_0.jpg,train,FAKE_12,terlalu_kecil,441.6618669292355,88,20
2026-01-19-21-44-13_mp4-0763_jpg.rf.7214f62de825c8bfb3dfecad92e61e78_0.jpg,train,FAKE_14,terlalu_kecil,1374.805669190997,39,18
2026-01-19-21-44-13_mp4-0763_jpg.rf.7214f62de825c8bfb3dfecad92e61e78_2.jpg,train,FAKE_12,terlalu_kecil,715.7036797355829,93,22
2026-01-19-21-44-13_mp4-0765_jpg.rf.512b236572c6811a4230e996e9268217_0.jpg,train,REAL_1,blur,25.60272508444993,253,120
2026-01-19-21-44-13_mp4-0772_jpg.rf.aed428f1221f831727b92978d4abef00_0.jpg,train,FAKE_12,terlalu_kecil,1743.0038941552955,91,20
2026-01-19-21-44-13_mp4-0780_jpg.rf.bdc4056485fe1d69fe166bca7df858e4_4.jpg,train,FAKE_12,terlalu_kecil,236.25771187764323,102,24
2026-01-19-21-44-13_mp4-0781_jpg.rf.422751df5d6e70975eed54198754b5ec_0.jpg,train,FAKE_14,terlalu_kecil,2434.493700597414,57,19
2026-01-19-21-44-13_mp4-0781_jpg.rf.422751df5d6e70975eed54198754b5ec_1.jpg,train,FAKE_12,terlalu_kecil,3876.1012787189147,94,22
2026-01-19-21-44-13_mp4-0781_jpg.rf.422751df5d6e70975eed54198754b5ec_2.jpg,train,FAKE_7,terlalu_kecil,1495.06828096,125,20
2026-01-19-21-44-13_mp4-0781_jpg.rf.422751df5d6e70975eed54198754b5ec_3.jpg,train,REAL_1,blur,49.096055486378056,197,101
2026-01-19-21-44-13_mp4-0781_jpg.rf.422751df5d6e70975eed54198754b5ec_6.jpg,train,FAKE_2,terlalu_kecil,2096.913825660724,71,17
2026-01-19-21-44-13_mp4-0781_jpg.rf.422751df5d6e70975eed54198754b5ec_7.jpg,train,R1,terlalu_kecil,498.10510293901905,22,13
2026-01-19-21-44-13_mp4-0781_jpg.rf.422751df5d6e70975eed54198754b5ec_8.jpg,train,R1,terlalu_kecil,323.22360544217685,21,10
2026-01-19-21-44-13_mp4-0789_jpg.rf.eecf878a68a079325b45f0d58f0424d6_0.jpg,train,FAKE_14,terlalu_kecil,1924.3923182397957,56,20
2026-01-19-21-44-13_mp4-0789_jpg.rf.eecf878a68a079325b45f0d58f0424d6_3.jpg,train,FAKE_14,terlalu_kecil,672.7662489149305,16,12
2026-01-19-21-44-13_mp4-0789_jpg.rf.eecf878a68a079325b45f0d58f0424d6_5.jpg,train,FAKE_7,terlalu_kecil,726.4572290520414,114,11
2026-01-19-21-44-13_mp4-0789_jpg.rf.eecf878a68a079325b45f0d58f0424d6_6.jpg,train,FAKE_2,terlalu_kecil,607.1759708193041,66,15
2026-01-19-21-44-13_mp4-0793_jpg.rf.7c3421eed031fd28c9b01d99921e604b_1.jpg,train,FAKE_14,terlalu_kecil,939.6539888888889,50,18
2026-01-19-21-44-13_mp4-0801_jpg.rf.52dc3ef041581f642456434aada11b61_0.jpg,train,REAL_3,blur,47.07704360628931,167,90
2026-01-19-21-44-13_mp4-0802_jpg.rf.3822443740f89d42291e450764459d55_0.jpg,train,REAL_3,blur,26.541029207678545,162,95
2026-01-19-21-44-13_mp4-0814_jpg.rf.cc9ae9147544c969859f2fdae18d4e43_2.jpg,train,FAKE_14,terlalu_kecil,213.0281145840284,51,22
2026-01-19-21-44-13_mp4-0825_jpg.rf.c83070896015e06c6b49b09c5f410973_2.jpg,train,FAKE_14,terlalu_kecil,7393.201689362645,46,18
2026-01-19-21-44-13_mp4-0825_jpg.rf.c83070896015e06c6b49b09c5f410973_3.jpg,train,FAKE_14,terlalu_kecil,1728.5673437500002,16,10
2026-01-19-21-44-13_mp4-0825_jpg.rf.c83070896015e06c6b49b09c5f410973_4.jpg,train,R1,terlalu_kecil,1311.1066089965395,17,10
2026-01-19-21-44-13_mp4-0825_jpg.rf.c83070896015e06c6b49b09c5f410973_5.jpg,train,FAKE_1,terlalu_kecil,915.7984656336565,19,16
2026-01-19-21-44-13_mp4-0825_jpg.rf.c83070896015e06c6b49b09c5f410973_6.jpg,train,FAKE_5,terlalu_kecil,3533.9096245738983,74,12
2026-01-19-21-44-13_mp4-0825_jpg.rf.c83070896015e06c6b49b09c5f410973_7.jpg,train,R1,terlalu_kecil,779.2333910034603,17,10
2026-01-19-21-44-13_mp4-0825_jpg.rf.c83070896015e06c6b49b09c5f410973_8.jpg,train,R1,terlalu_kecil,1175.1993425605538,17,10
2026-01-19-21-44-13_mp4-0829_jpg.rf.22d37ee36ec0427e2e385589d1d64cc7_1.jpg,train,FAKE_14,terlalu_kecil,4044.8564467699457,45,19
2026-01-19-21-44-13_mp4-0829_jpg.rf.22d37ee36ec0427e2e385589d1d64cc7_3.jpg,train,REAL_5,terlalu_kecil,1921.791715869953,89,21
2026-01-19-21-44-13_mp4-0829_jpg.rf.22d37ee36ec0427e2e385589d1d64cc7_4.jpg,train,FAKE_5,terlalu_kecil,1179.472711111111,75,12
2026-01-19-21-44-13_mp4-0829_jpg.rf.22d37ee36ec0427e2e385589d1d64cc7_5.jpg,train,R1,terlalu_kecil,883.2082380734644,18,9
2026-01-19-21-44-13_mp4-0829_jpg.rf.22d37ee36ec0427e2e385589d1d64cc7_6.jpg,train,R1,terlalu_kecil,1337.4475308641975,18,9
2026-01-19-21-44-13_mp4-0829_jpg.rf.22d37ee36ec0427e2e385589d1d64cc7_7.jpg,train,R1,terlalu_kecil,1347.70172229843,18,9
2026-01-19-21-44-13_mp4-0829_jpg.rf.22d37ee36ec0427e2e385589d1d64cc7_8.jpg,train,R1,terlalu_kecil,1079.3367245846669,18,9
2026-01-19-21-44-13_mp4-0829_jpg.rf.22d37ee36ec0427e2e385589d1d64cc7_9.jpg,train,FAKE_14,terlalu_kecil,1932.8155555555554,18,10
2026-01-19-21-44-13_mp4-0829_jpg.rf.22d37ee36ec0427e2e385589d1d64cc7_10.jpg,train,FAKE_1,terlalu_kecil,957.0126126703404,18,17
2026-01-19-21-46-37_mp4-0009_jpg.rf.2ad6bd8420fdcece02b09b84e5ed89a2_3.jpg,train,FAKE_10,terlalu_kecil,857.9758986225896,55,15
2026-01-19-21-46-37_mp4-0009_jpg.rf.2ad6bd8420fdcece02b09b84e5ed89a2_5.jpg,train,R1,terlalu_kecil,704.1506172839507,18,10
2026-01-19-21-46-37_mp4-0009_jpg.rf.2ad6bd8420fdcece02b09b84e5ed89a2_6.jpg,train,R1,terlalu_kecil,452.47530612244896,21,10
2026-01-19-21-46-37_mp4-0009_jpg.rf.2ad6bd8420fdcece02b09b84e5ed89a2_7.jpg,train,REAL_4,terlalu_kecil,1020.3448765432098,45,16
2026-01-19-21-46-37_mp4-0009_jpg.rf.2ad6bd8420fdcece02b09b84e5ed89a2_14.jpg,train,FAKE_1,terlalu_kecil,803.7397976203713,23,17
2026-01-19-21-46-37_mp4-0016_jpg.rf.82e8aff3b1fa8b1195ff666abaf78301_1.jpg,train,REAL_6,blur,41.09253998842148,142,35
2026-01-19-21-46-37_mp4-0016_jpg.rf.82e8aff3b1fa8b1195ff666abaf78301_4.jpg,train,R1,terlalu_kecil,1665.3325643983083,17,9
2026-01-19-21-46-37_mp4-0016_jpg.rf.82e8aff3b1fa8b1195ff666abaf78301_6.jpg,train,R1,terlalu_kecil,1274.7111363636363,20,11
2026-01-19-21-46-37_mp4-0016_jpg.rf.82e8aff3b1fa8b1195ff666abaf78301_7.jpg,train,R1,terlalu_kecil,1915.1721987269855,17,9
2026-01-19-21-46-37_mp4-0016_jpg.rf.82e8aff3b1fa8b1195ff666abaf78301_8.jpg,train,R1,terlalu_kecil,566.4894645174511,22,11
2026-01-19-21-46-37_mp4-0016_jpg.rf.82e8aff3b1fa8b1195ff666abaf78301_9.jpg,train,FAKE_14,terlalu_kecil,467.21469747984895,18,11
2026-01-19-21-46-37_mp4-0016_jpg.rf.82e8aff3b1fa8b1195ff666abaf78301_10.jpg,train,FAKE_1,terlalu_kecil,935.8854501385042,20,19
2026-01-19-21-46-37_mp4-0018_jpg.rf.16cf2432945c9acb25268f4a3a750400_3.jpg,train,REAL_14,terlalu_kecil,554.1329001307781,47,24
2026-01-19-21-46-37_mp4-0019_jpg.rf.4c360ae004fa45aa556e7272cc137b53_2.jpg,train,REAL_14,terlalu_kecil,1852.1090787588184,42,24
2026-01-19-21-46-37_mp4-0019_jpg.rf.4c360ae004fa45aa556e7272cc137b53_4.jpg,train,R1,terlalu_kecil,790.3705518573307,26,12
2026-01-19-21-46-37_mp4-0019_jpg.rf.4c360ae004fa45aa556e7272cc137b53_5.jpg,train,R1,terlalu_kecil,551.0793650793651,28,9
2026-01-19-21-46-37_mp4-0024_jpg.rf.8fb5e86c7e641128c43b56287ea0741a_2.jpg,train,REAL_14,terlalu_kecil,2444.459826893673,41,22
2026-01-19-21-46-37_mp4-0024_jpg.rf.8fb5e86c7e641128c43b56287ea0741a_3.jpg,train,FAKE_14,terlalu_kecil,2040.2288888888886,18,10
2026-01-19-21-46-37_mp4-0024_jpg.rf.8fb5e86c7e641128c43b56287ea0741a_4.jpg,train,R1,terlalu_kecil,3025.753484129706,36,18
2026-01-19-21-46-37_mp4-0024_jpg.rf.8fb5e86c7e641128c43b56287ea0741a_5.jpg,train,FAKE_1,terlalu_kecil,3727.3336098765435,15,15
2026-01-19-21-46-37_mp4-0024_jpg.rf.8fb5e86c7e641128c43b56287ea0741a_7.jpg,train,R1,terlalu_kecil,2228.5065609374997,50,16
2026-01-19-21-46-37_mp4-0024_jpg.rf.8fb5e86c7e641128c43b56287ea0741a_8.jpg,train,R1,terlalu_kecil,2039.4965051903116,17,10
2026-01-19-21-46-37_mp4-0024_jpg.rf.8fb5e86c7e641128c43b56287ea0741a_10.jpg,train,R1,terlalu_kecil,2751.9262408667164,18,7
2026-01-19-21-46-37_mp4-0024_jpg.rf.8fb5e86c7e641128c43b56287ea0741a_11.jpg,train,R1,terlalu_kecil,1899.2749609374998,32,10
2026-01-19-21-46-37_mp4-0024_jpg.rf.8fb5e86c7e641128c43b56287ea0741a_12.jpg,train,R1,terlalu_kecil,1273.4893074792244,19,10
2026-01-19-21-46-37_mp4-0024_jpg.rf.8fb5e86c7e641128c43b56287ea0741a_13.jpg,train,REAL_6,terlalu_kecil,2002.2125156224965,158,20
2026-01-19-21-46-37_mp4-0024_jpg.rf.8fb5e86c7e641128c43b56287ea0741a_14.jpg,train,R1,terlalu_kecil,2894.144375,25,8
2026-01-19-21-46-37_mp4-0029_jpg.rf.d5d3f1cc4203c78ed90eb1e1a10dd1e3_2.jpg,train,REAL_14,terlalu_kecil,928.0093736663221,42,21
2026-01-19-21-46-37_mp4-0029_jpg.rf.d5d3f1cc4203c78ed90eb1e1a10dd1e3_4.jpg,train,R1,terlalu_kecil,2140.0439013840833,17,8
2026-01-19-21-46-37_mp4-0029_jpg.rf.d5d3f1cc4203c78ed90eb1e1a10dd1e3_5.jpg,train,R1,terlalu_kecil,928.819972299169,19,10
2026-01-19-21-46-37_mp4-0029_jpg.rf.d5d3f1cc4203c78ed90eb1e1a10dd1e3_7.jpg,train,R1,terlalu_kecil,539.2248199445984,19,10
2026-01-19-21-46-37_mp4-0029_jpg.rf.d5d3f1cc4203c78ed90eb1e1a10dd1e3_8.jpg,train,FAKE_14,terlalu_kecil,320.64720221606643,19,10
2026-01-19-21-46-37_mp4-0029_jpg.rf.d5d3f1cc4203c78ed90eb1e1a10dd1e3_9.jpg,train,R1,terlalu_kecil,938.9142337950138,50,19
2026-01-19-21-46-37_mp4-0029_jpg.rf.d5d3f1cc4203c78ed90eb1e1a10dd1e3_10.jpg,train,R1,terlalu_kecil,1552.1569057851239,25,11
2026-01-19-21-46-37_mp4-0029_jpg.rf.d5d3f1cc4203c78ed90eb1e1a10dd1e3_11.jpg,train,REAL_6,terlalu_kecil,1325.8021729959084,164,21
2026-01-19-21-46-37_mp4-0029_jpg.rf.d5d3f1cc4203c78ed90eb1e1a10dd1e3_14.jpg,train,FAKE_1,terlalu_kecil,1670.7192383981399,19,18
2026-01-19-21-46-37_mp4-0045_jpg.rf.8811c9c8681e8d37f43f4672121a4e3b_1.jpg,train,R1,terlalu_kecil,854.3350340136054,21,12
2026-01-19-21-46-37_mp4-0045_jpg.rf.8811c9c8681e8d37f43f4672121a4e3b_2.jpg,train,FAKE_1,terlalu_kecil,1499.9618680747924,19,16
2026-01-19-21-46-37_mp4-0058_jpg.rf.8b2f940864acab18a615631679bdf730_0.jpg,train,R1,terlalu_kecil,990.3421989166036,21,12
2026-01-19-21-46-37_mp4-0058_jpg.rf.8b2f940864acab18a615631679bdf730_1.jpg,train,FAKE_1,terlalu_kecil,1815.6173865462874,19,18
2026-01-19-21-46-37_mp4-0058_jpg.rf.8b2f940864acab18a615631679bdf730_8.jpg,train,R1,terlalu_kecil,4134.504313151042,16,12
2026-01-19-21-46-37_mp4-0060_jpg.rf.5d7f33e8d89612fb8b68d54f1602158b_1.jpg,train,FAKE_1,terlalu_kecil,1155.8555536711453,21,19
2026-01-19-21-46-37_mp4-0062_jpg.rf.99648acceb0a4efedeef424d33c7836a_0.jpg,train,R1,blur,35.745123854561605,189,152
2026-01-19-21-46-37_mp4-0066_jpg.rf.911335d082b1fee78da809ccb962ad9f_3.jpg,train,REAL_3,terlalu_kecil,69.79231352727084,59,22
2026-01-19-21-46-37_mp4-0073_jpg.rf.b5017162c0cdb7c6687580ae1fe55b54_0.jpg,train,REAL_14,terlalu_kecil,463.5079804421769,40,21
2026-01-19-21-46-37_mp4-0073_jpg.rf.b5017162c0cdb7c6687580ae1fe55b54_3.jpg,train,R1,blur,27.26297709076496,150,29
2026-01-19-21-46-37_mp4-0076_jpg.rf.dda049f9e974cd78e346082ab86be660_0.jpg,train,REAL_14,terlalu_kecil,245.18930747922437,40,19
2026-01-19-21-46-37_mp4-0077_jpg.rf.b353a0cfff38588f5746198294314007_0.jpg,train,REAL_14,terlalu_kecil,1718.3488979181095,38,16
2026-01-19-21-46-37_mp4-0077_jpg.rf.b353a0cfff38588f5746198294314007_2.jpg,train,R1,terlalu_kecil,477.2962650624988,21,11
2026-01-19-21-46-37_mp4-0077_jpg.rf.b353a0cfff38588f5746198294314007_3.jpg,train,R1,terlalu_kecil,840.7074475623581,28,12
2026-01-19-21-46-37_mp4-0087_jpg.rf.ce00c408678eb1d0186ecd66f0330f54_0.jpg,train,R1,blur,42.162888848279536,116,87
2026-01-19-21-46-37_mp4-0088_jpg.rf.b64b8a1aacf955d17ec5b48a24bb04c3_1.jpg,train,REAL_4,terlalu_kecil,2351.503793928358,64,24
2026-01-19-21-46-37_mp4-0097_jpg.rf.7beb941da196bd3645cd3d6db7e99875_0.jpg,train,R1,blur,41.743153015642086,204,173
2026-01-19-21-46-37_mp4-0109_jpg.rf.0ae0e528b094c2385b604b7681bdc7a6_0.jpg,train,R1,blur,24.963299509256046,180,155
2026-01-19-21-46-37_mp4-0113_jpg.rf.9a3d7adc0b7a0ba68ce6f0cd12929add_0.jpg,train,R1,blur,20.887424845383098,186,153
2026-01-19-21-46-37_mp4-0116_jpg.rf.e6c7a5ab72894fc59c4369cbdc63c04a_0.jpg,train,R1,blur,27.989521734917282,162,143
2026-01-19-21-46-37_mp4-0128_jpg.rf.fe4ec292bdb72f6b451f53c6f56bd445_2.jpg,train,REAL_7,terlalu_kecil,4281.533170247933,25,11
2026-01-19-21-46-37_mp4-0131_jpg.rf.e6fcbcad9dd25a94e17b84b08fe6426f_2.jpg,train,REAL_7,terlalu_kecil,2728.456728671939,23,13
2026-01-19-21-46-37_mp4-0137_jpg.rf.a4b80e7ebad87bee5bf623d013018476_0.jpg,train,FAKE_8,terlalu_kecil,1200.6176951172627,68,24
2026-01-19-21-46-37_mp4-0161_jpg.rf.6a423f8956cf4471ae1093a4080f037b_2.jpg,train,REAL_7,terlalu_kecil,1262.4361218836566,19,10
2026-01-19-21-46-37_mp4-0164_jpg.rf.961828016cb08c969c6c038cca856015_0.jpg,train,R1,blur,49.45768550445976,158,150
2026-01-19-21-46-37_mp4-0166_jpg.rf.51509738dd9e15f2a34db7aa9a70792e_0.jpg,train,FAKE_8,terlalu_kecil,246.16563086139809,72,21
2026-01-19-21-46-37_mp4-0167_jpg.rf.be0ecdee77ec1e33fcce2cf44129636d_1.jpg,train,FAKE_8,terlalu_kecil,670.4239613200651,63,22
2026-01-19-21-46-37_mp4-0168_jpg.rf.43b14df4973b4aec183db7eead2a3d94_0.jpg,train,FAKE_8,terlalu_kecil,1131.1097342079156,61,18
2026-01-19-21-46-37_mp4-0171_jpg.rf.6b402ca4c2bbe35f28419840c1abee3c_0.jpg,train,R1,blur,39.05658507058633,132,85
2026-01-19-21-46-37_mp4-0173_jpg.rf.f50d16889a984108acdd23b5ce7fb51c_0.jpg,train,R1,blur,27.0244235340607,197,194
2026-01-19-21-46-37_mp4-0174_jpg.rf.ccf991941817bddb5a0f9fd447575866_0.jpg,train,R1,blur,20.324091555447207,178,171
2026-01-19-21-46-37_mp4-0199_jpg.rf.5f583df961f659ac201650c5164095aa_0.jpg,train,FAKE_2,terlalu_kecil,1457.4506777525826,60,21
2026-01-19-21-46-37_mp4-0241_jpg.rf.666b202fd20675ff4b1e0bb3e2dba10d_0.jpg,train,R1,terlalu_kecil,529.7791603305784,50,22
2026-01-19-21-46-37_mp4-0248_jpg.rf.f630451b5f8b9fe3a69b9ef8d64f1804_1.jpg,train,REAL_7,terlalu_kecil,1186.2404,25,24
2026-01-19-21-46-37_mp4-0248_jpg.rf.f630451b5f8b9fe3a69b9ef8d64f1804_4.jpg,train,R1,terlalu_kecil,177.10476739715494,36,17
2026-01-19-21-46-37_mp4-0250_jpg.rf.eba3f59a79fbcaf0eea77edd16e92a6b_4.jpg,train,R1,terlalu_kecil,578.1993754109137,36,13
2026-01-19-21-46-37_mp4-0274_jpg.rf.524ff9007c5a10b3450da22af6dab042_2.jpg,train,R1,terlalu_kecil,1962.0406272319149,36,22
2026-01-19-21-46-37_mp4-0274_jpg.rf.524ff9007c5a10b3450da22af6dab042_3.jpg,train,FAKE_13,terlalu_kecil,2156.397542608006,87,18
2026-01-19-21-46-37_mp4-0282_jpg.rf.6e3c824a1345fe919ba5c1b4f3995434_1.jpg,train,FAKE_13,terlalu_kecil,1445.2458433050044,84,19
2026-01-19-21-46-37_mp4-0284_jpg.rf.1d1dcc5ead01e3bfb1ccacda2ebcfaf9_1.jpg,train,FAKE_13,terlalu_kecil,4249.948636623001,82,21
2026-01-19-21-46-37_mp4-0298_jpg.rf.a6f05e04358f9f5f5d85269658fcbd76_0.jpg,train,FAKE_13,terlalu_kecil,209.5469021943357,53,24
2026-01-19-21-46-37_mp4-0305_jpg.rf.6b4f97630a4eff31d7d1c3a585cf58a6_0.jpg,train,FAKE_14,terlalu_kecil,343.99698904901766,33,22
2026-01-19-21-46-37_mp4-0323_jpg.rf.82bb94f9a700d8be803110538632d70a_0.jpg,train,FAKE_14,terlalu_kecil,814.0397370151218,26,15
2026-01-19-21-46-37_mp4-0323_jpg.rf.82bb94f9a700d8be803110538632d70a_1.jpg,train,FAKE_2,terlalu_kecil,4761.014543985307,55,15
2026-01-19-21-46-37_mp4-0329_jpg.rf.13360821afe4361d1182d055fca1bf3e_0.jpg,train,FAKE_14,terlalu_kecil,888.1720293209877,30,24
2026-01-19-21-46-37_mp4-0363_jpg.rf.73696da00133ee062dcc25446301a758_0.jpg,train,REAL_8,blur,47.01991974869265,340,116
2026-01-19-21-46-37_mp4-0367_jpg.rf.c9ef733ead84426aaaf35079bbde6ff8_2.jpg,train,R1,terlalu_kecil,1239.3231244064577,39,18
2026-01-19-21-46-37_mp4-0367_jpg.rf.c9ef733ead84426aaaf35079bbde6ff8_5.jpg,train,FAKE_4,terlalu_kecil,2174.292605190224,60,21
2026-01-19-21-46-37_mp4-0378_jpg.rf.c9e186739e20b7577482aa0b272e7198_4.jpg,train,FAKE_4,terlalu_kecil,2913.4618472747916,63,23
2026-01-19-21-46-37_mp4-0384_jpg.rf.a2ae2d45933af5f46aa62fc1c50ae574_2.jpg,train,R1,terlalu_kecil,1076.2761411209365,34,18
2026-01-19-21-46-37_mp4-0384_jpg.rf.a2ae2d45933af5f46aa62fc1c50ae574_3.jpg,train,FAKE_4,terlalu_kecil,334.13508347283175,62,23
2026-01-19-21-46-37_mp4-0384_jpg.rf.a2ae2d45933af5f46aa62fc1c50ae574_4.jpg,train,REAL_8,blur,22.698161560075754,207,82
2026-01-19-21-46-37_mp4-0387_jpg.rf.3e4bad95a63152346b9bad9fbe532f6a_3.jpg,train,REAL_14,blur,47.60561671506124,178,65
2026-01-19-21-46-37_mp4-0390_jpg.rf.f026234c496e6537a91e6a5cc1b078aa_8.jpg,train,R1,terlalu_kecil,1134.4274798154554,48,17
2026-01-19-21-46-37_mp4-0411_jpg.rf.2c52f1e5e64f2e74929e41a9b2e81bc7_4.jpg,train,REAL_6,terlalu_kecil,1087.2388798579332,55,22
2026-01-19-21-46-37_mp4-0411_jpg.rf.2c52f1e5e64f2e74929e41a9b2e81bc7_5.jpg,train,R1,terlalu_kecil,2875.7948720577556,45,17
2026-01-19-21-46-37_mp4-0423_jpg.rf.ffd17cb35c7cbcf0365ea28f605f967e_3.jpg,train,R1,terlalu_kecil,1182.8594189270095,49,16
2026-01-19-21-50-16_mp4-0002_jpg.rf.f0369c3056d8baf966c651cea8313d27_4.jpg,train,FAKE_1,terlalu_kecil,973.0116638867103,201,19
2026-01-19-21-50-16_mp4-0017_jpg.rf.488f7771a1bd9eecf077dab0bdeaca69_3.jpg,train,FAKE_1,terlalu_kecil,739.3402933152319,214,17
2026-01-19-21-50-16_mp4-0020_jpg.rf.576744736cee3c99a6f392c925db1de9_5.jpg,train,FAKE_8,terlalu_kecil,880.3212275193221,29,16
2026-01-19-21-50-16_mp4-0027_jpg.rf.7ef9344e095251e0c46fe9391c27d577_2.jpg,train,FAKE_1,terlalu_kecil,543.0728051783393,248,17
2026-01-19-21-50-16_mp4-0035_jpg.rf.c21986345c6696f494c2af379193cc0e_2.jpg,train,R1,terlalu_kecil,696.237282592343,34,23
2026-01-19-21-50-16_mp4-0035_jpg.rf.c21986345c6696f494c2af379193cc0e_5.jpg,train,FAKE_1,terlalu_kecil,1366.897718867744,226,18
2026-01-19-21-50-16_mp4-0068_jpg.rf.f03847807f02c400387bc81e9d6429e4_2.jpg,train,REAL_5,terlalu_kecil,507.40354759923565,78,16
2026-01-19-21-50-16_mp4-0068_jpg.rf.f03847807f02c400387bc81e9d6429e4_11.jpg,train,R1,terlalu_kecil,1407.1388142857143,50,14
2026-01-19-21-50-16_mp4-0074_jpg.rf.6eb1b68a431f0de4bbf608d2852668f0_2.jpg,train,REAL_5,terlalu_kecil,856.5950295857989,65,13
2026-01-19-21-50-16_mp4-0075_jpg.rf.ba8054a633d6021a9458baa5e7861ed0_0.jpg,train,FAKE_9,blur,45.122170875901325,230,95
2026-01-19-21-50-16_mp4-0078_jpg.rf.32c27e2d51f73834c2475151a51595f1_6.jpg,train,REAL_5,terlalu_kecil,1554.8576777742348,70,16
2026-01-19-21-50-16_mp4-0091_jpg.rf.9268f541bc30e8cf3ae97038791e2312_0.jpg,train,FAKE_12,blur,37.90465166222222,125,60
2026-01-19-21-50-16_mp4-0091_jpg.rf.9268f541bc30e8cf3ae97038791e2312_1.jpg,train,FAKE_9,blur,17.195201246362114,216,98
2026-01-19-21-50-16_mp4-0095_jpg.rf.280c205e3085f6c2f7389bdd6429dc71_0.jpg,train,REAL_14,blur,47.21942951998059,94,41
2026-01-19-21-50-16_mp4-0095_jpg.rf.280c205e3085f6c2f7389bdd6429dc71_1.jpg,train,REAL_9,blur,42.71346001297578,136,50
2026-01-19-21-50-16_mp4-0108_jpg.rf.af145b637bb11b0c4b06bca8cea44b34_0.jpg,train,REAL_14,blur,14.830238225582216,166,79
2026-01-19-21-50-16_mp4-0110_jpg.rf.0839287554d7f5006274e96d2ce36e9f_0.jpg,train,REAL_14,blur,21.757872881985733,180,116
2026-01-19-21-50-16_mp4-0114_jpg.rf.9902eb258902d49359dd4427e5a2ec8b_0.jpg,train,FAKE_12,terlalu_kecil,4562.269318152758,62,23
2026-01-19-21-50-16_mp4-0132_jpg.rf.3aaab94ed7d6246d0688cd810cbfcdb0_0.jpg,train,FAKE_12,terlalu_kecil,5517.809957267348,59,23
2026-01-19-21-50-16_mp4-0132_jpg.rf.3aaab94ed7d6246d0688cd810cbfcdb0_2.jpg,train,FAKE_5,terlalu_kecil,1589.8486409279778,95,16
2026-01-19-21-50-16_mp4-0161_jpg.rf.6a417b08aa70d270511b74b492e52873_4.jpg,train,REAL_5,terlalu_kecil,905.9387753800632,72,11
2026-01-19-21-50-16_mp4-0171_jpg.rf.3571ec0d2748070191a16259a995a4ee_3.jpg,train,FAKE_15,terlalu_kecil,685.7698765432099,100,9
2026-01-19-21-50-16_mp4-0171_jpg.rf.3571ec0d2748070191a16259a995a4ee_4.jpg,train,REAL_5,terlalu_kecil,1350.6991097459393,112,14
2026-01-19-21-50-16_mp4-0182_jpg.rf.e6a570caf41afd54a796cd966f86400a_4.jpg,train,FAKE_15,terlalu_kecil,142.53254829629802,124,19
2026-01-19-21-50-16_mp4-0192_jpg.rf.7fc7bbdf65e5b29c42ce981c94b15130_5.jpg,train,FAKE_15,terlalu_kecil,1018.5718321428571,100,14
2026-01-19-21-50-16_mp4-0198_jpg.rf.ecd45972b18c5767be78ec15c482e8cd_0.jpg,train,REAL_11,blur,17.886162915166583,341,204
2026-01-19-21-50-16_mp4-0199_jpg.rf.a99d7f9843e56f50a1a03a20c0560404_0.jpg,train,REAL_11,blur,36.0484635820732,351,200
2026-01-19-21-50-16_mp4-0203_jpg.rf.1d76749acbae9de398ff6a6d162ad13b_1.jpg,train,FAKE_15,terlalu_kecil,1028.8173032055681,101,20
2026-01-19-21-50-16_mp4-0203_jpg.rf.1d76749acbae9de398ff6a6d162ad13b_3.jpg,train,R1,terlalu_kecil,2553.2620867276955,42,18
2026-01-19-21-50-16_mp4-0207_jpg.rf.c82f2e8c431b43a0dad23f515ef658a1_0.jpg,train,FAKE_15,terlalu_kecil,1718.7502543634498,98,17
2026-01-19-21-50-16_mp4-0207_jpg.rf.c82f2e8c431b43a0dad23f515ef658a1_6.jpg,train,R1,terlalu_kecil,1030.2689783380272,46,14
2026-01-19-21-50-16_mp4-0210_jpg.rf.00479ed20a779ecca8b3291aa599f664_0.jpg,train,FAKE_11,blur,34.23574521795458,324,180
2026-01-19-21-50-16_mp4-0211_jpg.rf.ca45618fb1ffaf248b700778ce324571_1.jpg,train,FAKE_15,terlalu_kecil,1557.7629204897958,125,14
2026-01-19-21-50-16_mp4-0218_jpg.rf.57b97a8e46002556bf14b178051715ad_1.jpg,train,FAKE_15,terlalu_kecil,3178.4198385236446,102,16
2026-01-19-21-50-16_mp4-0218_jpg.rf.57b97a8e46002556bf14b178051715ad_2.jpg,train,REAL_11,blur,42.52538561357008,300,157
2026-01-19-21-50-16_mp4-0226_jpg.rf.789a2dba6b4cbd37e2b8b2c96600e25f_1.jpg,train,R1,terlalu_kecil,936.9350463821893,35,22
2026-01-19-21-50-16_mp4-0239_jpg.rf.4a036e54810a38517c223d99708bcb7f_0.jpg,train,REAL_11,terlalu_kecil,656.5410750237585,163,23
2026-01-19-21-50-16_mp4-0244_jpg.rf.d525292ce705f817960b7ce2367e3bea_2.jpg,train,FAKE_12,terlalu_kecil,377.5667397154941,85,18
2026-01-19-21-50-16_mp4-0244_jpg.rf.d525292ce705f817960b7ce2367e3bea_3.jpg,train,REAL_4,terlalu_kecil,247.04834517260414,79,24
2026-01-19-21-50-16_mp4-0251_jpg.rf.249f0faabc4634ab7851b2bcdf9aac02_1.jpg,train,FAKE_12,terlalu_kecil,1283.559025209566,78,16
2026-01-19-21-50-16_mp4-0251_jpg.rf.249f0faabc4634ab7851b2bcdf9aac02_2.jpg,train,R1,terlalu_kecil,474.69135802469134,18,9
2026-01-19-21-50-16_mp4-0262_jpg.rf.ff96fbb4d31b9ff2245027ff0b128630_4.jpg,train,REAL_9,terlalu_kecil,698.7217523948354,49,20
2026-01-19-21-50-16_mp4-0262_jpg.rf.ff96fbb4d31b9ff2245027ff0b128630_5.jpg,train,REAL_4,terlalu_kecil,288.312174856228,137,18
2026-01-19-21-50-16_mp4-0262_jpg.rf.ff96fbb4d31b9ff2245027ff0b128630_6.jpg,train,REAL_6,terlalu_kecil,1468.0101356500534,54,18
2026-01-19-21-50-16_mp4-0262_jpg.rf.ff96fbb4d31b9ff2245027ff0b128630_9.jpg,train,R1,terlalu_kecil,823.3813775510205,24,21
2026-01-19-21-50-16_mp4-0265_jpg.rf.71a1418e076fa1aad624222fb0ddaeb6_2.jpg,train,R1,terlalu_kecil,573.6134928026995,49,23
2026-01-19-21-50-16_mp4-0266_jpg.rf.24a6ec8391f7e9fd8cee3070a3642e05_2.jpg,train,REAL_6,terlalu_kecil,1784.6489728974414,52,19
2026-01-19-21-50-16_mp4-0266_jpg.rf.24a6ec8391f7e9fd8cee3070a3642e05_3.jpg,train,R1,terlalu_kecil,2314.4966564857236,49,24
2026-01-19-21-50-16_mp4-0266_jpg.rf.24a6ec8391f7e9fd8cee3070a3642e05_4.jpg,train,R1,terlalu_kecil,1490.6031578947368,20,19
2026-01-19-21-50-16_mp4-0266_jpg.rf.24a6ec8391f7e9fd8cee3070a3642e05_7.jpg,train,FAKE_8,terlalu_kecil,2117.003924284395,38,18
2026-01-19-21-50-16_mp4-0270_jpg.rf.9668bf6687d057b8c5fb898a4f44b14b_3.jpg,train,REAL_9,terlalu_kecil,1675.9391227141052,59,21
2026-01-19-21-50-16_mp4-0270_jpg.rf.9668bf6687d057b8c5fb898a4f44b14b_4.jpg,train,R1,terlalu_kecil,1171.559042857143,35,20
2026-01-19-21-50-16_mp4-0281_jpg.rf.4a141a3e0e3568960c04f60283045c43_1.jpg,train,REAL_9,terlalu_kecil,479.79485253772293,54,20
2026-01-19-21-50-16_mp4-0283_jpg.rf.b5b4f0d324512066b8b059c756de03ba_4.jpg,train,REAL_9,terlalu_kecil,1333.5574606123662,58,20
2026-01-19-21-50-16_mp4-0284_jpg.rf.6b5c5a4b38f81395d6dc98a3e7c64b40_3.jpg,train,REAL_9,terlalu_kecil,522.7749186649492,58,24
2026-01-19-21-50-16_mp4-0288_jpg.rf.cdaac69b093f11e792815e0947104332_2.jpg,train,FAKE_1,terlalu_kecil,177.11389413988658,44,23
2026-01-19-21-50-16_mp4-0289_jpg.rf.9f40978881ee8539d88a3753984bcb9d_2.jpg,train,REAL_9,terlalu_kecil,152.82064967860424,54,22
2026-01-19-21-50-16_mp4-0301_jpg.rf.3fca4017c22499351c18baf607f30f37_3.jpg,train,REAL_6,terlalu_kecil,1024.1096727215333,48,22
2026-01-19-21-50-16_mp4-0301_jpg.rf.3fca4017c22499351c18baf607f30f37_4.jpg,train,REAL_9,terlalu_kecil,779.193509295469,52,17
2026-01-19-21-50-16_mp4-0315_jpg.rf.53d0eaa65f4d09ab69ed67204c486e08_2.jpg,train,R1,terlalu_kecil,1293.5116257088846,23,10
2026-01-19-21-54-10_mp4-0026_jpg.rf.20e7fbc20afa1d56a9efe0b009eb6223_2.jpg,train,REAL_9,terlalu_kecil,1080.4845524750688,81,17
2026-01-19-21-54-10_mp4-0040_jpg.rf.b0fccb317cc5e4ddca2acab7bfcde489_1.jpg,train,FAKE_15,terlalu_kecil,506.0969659722222,60,20
2026-01-19-21-54-10_mp4-0040_jpg.rf.b0fccb317cc5e4ddca2acab7bfcde489_3.jpg,train,R1,terlalu_kecil,873.0031731028896,46,21
2026-01-19-21-54-10_mp4-0040_jpg.rf.b0fccb317cc5e4ddca2acab7bfcde489_4.jpg,train,R1,terlalu_kecil,1138.8633485999324,31,21
2026-01-19-21-54-10_mp4-0040_jpg.rf.b0fccb317cc5e4ddca2acab7bfcde489_5.jpg,train,R1,terlalu_kecil,1775.235087492028,28,16
2026-01-19-21-54-10_mp4-0040_jpg.rf.b0fccb317cc5e4ddca2acab7bfcde489_7.jpg,train,REAL_14,terlalu_kecil,474.76298500881836,70,18
2026-01-19-21-54-10_mp4-0040_jpg.rf.b0fccb317cc5e4ddca2acab7bfcde489_8.jpg,train,FAKE_10,terlalu_kecil,1951.5213448660713,28,16
2026-01-19-21-54-10_mp4-0043_jpg.rf.3d5d0fb62b25aa21b548f8200d6d103b_2.jpg,train,FAKE_15,terlalu_kecil,838.8607597633136,65,20
2026-01-19-21-54-10_mp4-0043_jpg.rf.3d5d0fb62b25aa21b548f8200d6d103b_5.jpg,train,REAL_3,terlalu_kecil,875.5794998513676,58,16
2026-01-19-21-54-10_mp4-0050_jpg.rf.80eb51db9fb03201fbd8c68a6a436891_0.jpg,train,FAKE_15,terlalu_kecil,616.5507919934387,58,19
2026-01-19-21-54-10_mp4-0050_jpg.rf.80eb51db9fb03201fbd8c68a6a436891_3.jpg,train,R1,terlalu_kecil,512.4635308204915,49,24
2026-01-19-21-54-10_mp4-0053_jpg.rf.22d5f9afa73bca183ad13ddeff1a2f7a_0.jpg,train,FAKE_15,terlalu_kecil,989.2325905872553,70,21
2026-01-19-21-54-10_mp4-0053_jpg.rf.22d5f9afa73bca183ad13ddeff1a2f7a_3.jpg,train,REAL_3,terlalu_kecil,2047.1949689137016,89,18
2026-01-19-21-54-10_mp4-0058_jpg.rf.9dc2ceaec9ba33aff9c9422a129a29e6_0.jpg,train,FAKE_15,terlalu_kecil,619.9564243888908,57,18
2026-01-19-21-54-10_mp4-0058_jpg.rf.9dc2ceaec9ba33aff9c9422a129a29e6_9.jpg,train,FAKE_4,terlalu_kecil,679.7616237456189,67,13
2026-01-19-21-54-10_mp4-0076_jpg.rf.e44118590eb5e668c93015e36b92f743_3.jpg,train,REAL_6,terlalu_kecil,427.40538105624955,82,15
2026-01-19-21-54-10_mp4-0076_jpg.rf.e44118590eb5e668c93015e36b92f743_4.jpg,train,FAKE_15,terlalu_kecil,629.5189180805633,57,16
2026-01-19-21-54-10_mp4-0086_jpg.rf.72d7ca5e112cedce91b9096a006b0541_0.jpg,train,R1,blur,38.26831709965109,121,88
2026-01-19-21-54-10_mp4-0088_jpg.rf.526c872ca226394cff2c26c504719b78_2.jpg,train,REAL_7,blur,31.3032804155451,88,31
2026-01-19-21-54-10_mp4-0089_jpg.rf.bafe889b837272be067f92bd84f4563b_4.jpg,train,REAL_13,terlalu_kecil,243.71173101927755,95,14
2026-01-19-21-54-10_mp4-0090_jpg.rf.fcfb0aab9f7ae76393c6023f975ac13d_3.jpg,train,REAL_7,terlalu_kecil,784.238981267147,90,24
2026-01-19-21-54-10_mp4-0092_jpg.rf.2c340123e1f9403ff60051dac00c3099_1.jpg,train,R1,blur,17.53101837378491,235,173
2026-01-19-21-54-10_mp4-0093_jpg.rf.ffbc8029f09348b84afeb65ce1c3d8e2_0.jpg,train,R1,blur,24.74890232469019,226,226
2026-01-19-21-54-10_mp4-0094_jpg.rf.b5d86c6085182dbf9be5c0389a136057_1.jpg,train,REAL_4,terlalu_kecil,1115.0335650234695,43,9
2026-01-19-21-54-10_mp4-0094_jpg.rf.b5d86c6085182dbf9be5c0389a136057_2.jpg,train,REAL_6,terlalu_kecil,434.36882444814665,49,20
2026-01-19-21-54-10_mp4-0116_jpg.rf.30c3f6c942c7f8435e50338d88da9629_0.jpg,train,R1,blur,19.744436370365076,169,144
2026-01-19-21-54-10_mp4-0122_jpg.rf.f0d9090ebe72361e11702f73164c3f5b_1.jpg,train,FAKE_10,terlalu_kecil,600.0780773214635,63,18
2026-01-19-21-54-10_mp4-0122_jpg.rf.f0d9090ebe72361e11702f73164c3f5b_3.jpg,train,FAKE_4,terlalu_kecil,747.6959157505194,32,19
2026-01-19-21-54-10_mp4-0122_jpg.rf.f0d9090ebe72361e11702f73164c3f5b_4.jpg,train,FAKE_2,terlalu_kecil,2746.4245948072858,48,17
2026-01-19-21-54-10_mp4-0159_jpg.rf.7deefff88ba05802bf0424aff8562732_2.jpg,train,FAKE_10,terlalu_kecil,669.2559869363645,64,17
2026-01-19-21-54-10_mp4-0159_jpg.rf.7deefff88ba05802bf0424aff8562732_3.jpg,train,R1,terlalu_kecil,95.72455617541135,35,17
2026-01-19-21-54-10_mp4-0159_jpg.rf.7deefff88ba05802bf0424aff8562732_4.jpg,train,FAKE_4,terlalu_kecil,732.6828738142947,31,22
2026-01-19-21-54-10_mp4-0165_jpg.rf.7b27c27e04687f82a447aa112e368170_1.jpg,train,FAKE_10,terlalu_kecil,755.673404905591,56,19
2026-01-19-21-54-10_mp4-0165_jpg.rf.7b27c27e04687f82a447aa112e368170_2.jpg,train,FAKE_4,terlalu_kecil,639.7626912435162,34,23
2026-01-19-21-54-10_mp4-0168_jpg.rf.48895962c1f217974f754818333045dd_0.jpg,train,FAKE_10,terlalu_kecil,1397.6188030377969,49,16
2026-01-19-21-54-10_mp4-0168_jpg.rf.48895962c1f217974f754818333045dd_3.jpg,train,FAKE_12,terlalu_kecil,3308.0515234375,50,16
2026-01-19-21-54-10_mp4-0171_jpg.rf.5748f61e836f40dbb42ba29e2a0fd41d_1.jpg,train,FAKE_12,terlalu_kecil,1128.06211319587,52,14
2026-01-19-21-54-10_mp4-0175_jpg.rf.7c794c1e6f2acfce24a9949ccf070738_0.jpg,train,FAKE_12,terlalu_kecil,934.1535239973699,52,15
2026-01-19-21-54-10_mp4-0175_jpg.rf.7c794c1e6f2acfce24a9949ccf070738_1.jpg,train,FAKE_2,terlalu_kecil,3707.916303978052,45,15
2026-01-19-21-54-10_mp4-0179_jpg.rf.3b4637a9b5e0f00f8afddecc2172dcd7_0.jpg,train,R1,blur,17.57306637343956,313,311
2026-01-19-21-54-10_mp4-0206_jpg.rf.56ba4a0033bfb8fceb3ad09abcb170fd_0.jpg,train,R1,blur,15.61919532020542,165,81
2026-01-19-21-54-10_mp4-0210_jpg.rf.1239345161828cab01eb60f07f4090ad_2.jpg,train,FAKE_4,terlalu_kecil,448.8242031383887,34,23
2026-01-19-21-54-10_mp4-0213_jpg.rf.90ac748343bd0b3d0a175b512a584c90_1.jpg,train,R1,blur,20.06400129327375,77,34
2026-01-19-21-54-10_mp4-0218_jpg.rf.02ee08d865ea69c1f387366198002343_2.jpg,train,FAKE_14,terlalu_kecil,514.6009084736266,59,22
2026-01-19-21-54-10_mp4-0231_jpg.rf.41e953d5b8808b34a61ca919b18ff6fb_0.jpg,train,R1,terlalu_kecil,197.92523636363637,25,22
2026-01-19-21-54-10_mp4-0231_jpg.rf.41e953d5b8808b34a61ca919b18ff6fb_2.jpg,train,FAKE_14,terlalu_kecil,253.90524484329572,44,19
2026-01-19-21-54-10_mp4-0240_jpg.rf.237c91e411134e57ae7097a5ff10d588_3.jpg,train,FAKE_12,terlalu_kecil,594.8287931743421,32,19
2026-01-19-21-54-10_mp4-0240_jpg.rf.237c91e411134e57ae7097a5ff10d588_4.jpg,train,FAKE_4,terlalu_kecil,976.1477303862721,70,17
2026-01-19-21-54-10_mp4-0242_jpg.rf.14fed902f0587c41bea7ed279dce8b4b_1.jpg,train,FAKE_4,terlalu_kecil,223.472587654321,90,20
2026-01-19-21-54-10_mp4-0242_jpg.rf.14fed902f0587c41bea7ed279dce8b4b_2.jpg,train,FAKE_12,terlalu_kecil,499.64941980097825,35,22
2026-01-19-21-54-10_mp4-0246_jpg.rf.c3cda0427b2a5a892eea5a0de19cb0b0_2.jpg,train,FAKE_12,terlalu_kecil,1398.9605342227028,43,18
2026-01-19-21-54-10_mp4-0246_jpg.rf.c3cda0427b2a5a892eea5a0de19cb0b0_3.jpg,train,R1,terlalu_kecil,983.3634228819093,53,21
2026-01-19-21-54-10_mp4-0246_jpg.rf.c3cda0427b2a5a892eea5a0de19cb0b0_4.jpg,train,FAKE_4,terlalu_kecil,3315.5266205655817,77,12
2026-01-19-21-54-10_mp4-0246_jpg.rf.c3cda0427b2a5a892eea5a0de19cb0b0_5.jpg,train,R1,terlalu_kecil,1001.91887267562,32,11
2026-01-19-21-54-10_mp4-0246_jpg.rf.c3cda0427b2a5a892eea5a0de19cb0b0_7.jpg,train,REAL_1,terlalu_kecil,1703.5933705354553,37,21
2026-01-19-21-54-10_mp4-0273_jpg.rf.149533e90ee27c31a9677359f51f4738_2.jpg,train,R1,terlalu_kecil,449.65970491673585,53,18
2026-01-19-21-54-10_mp4-0273_jpg.rf.149533e90ee27c31a9677359f51f4738_3.jpg,train,FAKE_12,terlalu_kecil,4738.433260148422,45,19
2026-01-19-21-54-10_mp4-0273_jpg.rf.149533e90ee27c31a9677359f51f4738_4.jpg,train,R1,terlalu_kecil,631.604785253588,43,22
2026-01-19-21-54-10_mp4-0273_jpg.rf.149533e90ee27c31a9677359f51f4738_5.jpg,train,FAKE_4,terlalu_kecil,1166.1605552986596,87,12
2026-01-19-21-54-10_mp4-0273_jpg.rf.149533e90ee27c31a9677359f51f4738_6.jpg,train,R1,terlalu_kecil,555.6673058660239,36,13
2026-01-19-21-54-10_mp4-0285_jpg.rf.7c4213cb58762fbc7309a2baf0b07ae4_2.jpg,train,R1,terlalu_kecil,470.3009025374856,51,20
2026-01-19-21-54-10_mp4-0285_jpg.rf.7c4213cb58762fbc7309a2baf0b07ae4_3.jpg,train,FAKE_12,terlalu_kecil,4125.249926216014,43,19
2026-01-19-21-54-10_mp4-0285_jpg.rf.7c4213cb58762fbc7309a2baf0b07ae4_5.jpg,train,R1,terlalu_kecil,2034.8634138695988,18,16
2026-01-19-21-54-10_mp4-0285_jpg.rf.7c4213cb58762fbc7309a2baf0b07ae4_6.jpg,train,R1,terlalu_kecil,1072.8847355586038,27,12
2026-01-19-21-54-10_mp4-0310_jpg.rf.efeed208e708ae613d3939665400edec_1.jpg,train,FAKE_4,terlalu_kecil,4144.499030611513,88,12
2026-01-19-21-54-10_mp4-0310_jpg.rf.efeed208e708ae613d3939665400edec_2.jpg,train,FAKE_12,terlalu_kecil,3984.396367348828,49,21
2026-01-19-21-54-10_mp4-0310_jpg.rf.efeed208e708ae613d3939665400edec_4.jpg,train,R1,terlalu_kecil,1174.7790475867575,53,21
2026-01-19-21-54-10_mp4-0310_jpg.rf.efeed208e708ae613d3939665400edec_5.jpg,train,R1,terlalu_kecil,1582.0897005861168,34,14
2026-01-19-21-54-10_mp4-0310_jpg.rf.efeed208e708ae613d3939665400edec_7.jpg,train,REAL_1,terlalu_kecil,2320.335458477509,34,20
2026-01-19-21-54-10_mp4-0318_jpg.rf.5ed3a22933c8195e264d0c5f6fd68646_3.jpg,train,FAKE_12,terlalu_kecil,412.8075956809316,70,19
2026-01-19-21-54-10_mp4-0319_jpg.rf.a12b05ea34936674f33f5c5efa557f4b_2.jpg,train,R1,terlalu_kecil,419.28642290249434,42,24
2026-01-19-21-54-10_mp4-0319_jpg.rf.a12b05ea34936674f33f5c5efa557f4b_3.jpg,train,FAKE_12,terlalu_kecil,2065.485370316787,48,18
2026-01-19-21-54-10_mp4-0319_jpg.rf.a12b05ea34936674f33f5c5efa557f4b_4.jpg,train,R1,terlalu_kecil,183.19834710743802,55,18
2026-01-19-21-54-10_mp4-0319_jpg.rf.a12b05ea34936674f33f5c5efa557f4b_6.jpg,train,FAKE_4,terlalu_kecil,2878.8459968977227,86,12
2026-01-19-21-54-10_mp4-0319_jpg.rf.a12b05ea34936674f33f5c5efa557f4b_7.jpg,train,REAL_1,terlalu_kecil,427.3756697508182,38,21
2026-01-19-21-54-10_mp4-0321_jpg.rf.6f7720a2c0106418f06d3648a8f885f8_1.jpg,train,FAKE_12,terlalu_kecil,1202.218571864045,45,18
2026-01-19-21-54-10_mp4-0321_jpg.rf.6f7720a2c0106418f06d3648a8f885f8_5.jpg,train,R1,terlalu_kecil,386.8518091332394,51,18
2026-01-19-21-54-10_mp4-0321_jpg.rf.6f7720a2c0106418f06d3648a8f885f8_6.jpg,train,FAKE_4,terlalu_kecil,2987.019184544198,86,12
2026-01-19-21-54-10_mp4-0321_jpg.rf.6f7720a2c0106418f06d3648a8f885f8_7.jpg,train,REAL_1,terlalu_kecil,1533.408167465274,39,19
2026-01-19-21-54-10_mp4-0332_jpg.rf.ddb5dc816979285a258d468a3baf9c6a_3.jpg,train,FAKE_12,terlalu_kecil,588.9056179266637,47,20
2026-01-19-21-54-10_mp4-0332_jpg.rf.ddb5dc816979285a258d468a3baf9c6a_4.jpg,train,REAL_1,terlalu_kecil,337.4248684210527,40,19
2026-01-19-21-54-10_mp4-0332_jpg.rf.ddb5dc816979285a258d468a3baf9c6a_5.jpg,train,FAKE_4,terlalu_kecil,880.4268441358025,90,12
2026-01-19-21-54-10_mp4-0334_jpg.rf.fba32fb9041080ace70258b438013921_1.jpg,train,FAKE_12,terlalu_kecil,261.5660844568732,46,22
2026-01-19-21-54-10_mp4-0348_jpg.rf.152e0d9d3841864ac163ccb21bd212f3_1.jpg,train,FAKE_13,terlalu_kecil,459.3193587581829,71,20
2026-01-19-21-54-10_mp4-0348_jpg.rf.152e0d9d3841864ac163ccb21bd212f3_2.jpg,train,FAKE_12,terlalu_kecil,284.9927876984127,40,21
2026-01-19-21-54-10_mp4-0351_jpg.rf.01b1ba0b8620d79c42de4797bce9d7d0_1.jpg,train,FAKE_13,terlalu_kecil,766.2903124212648,63,18
2026-01-19-21-54-10_mp4-0354_jpg.rf.7207a936c41125a560985ecb729a7dc6_1.jpg,train,FAKE_7,terlalu_kecil,464.7450322050904,87,22
2026-01-19-21-54-10_mp4-0354_jpg.rf.7207a936c41125a560985ecb729a7dc6_3.jpg,train,FAKE_1,terlalu_kecil,1687.459249022175,74,19
2026-01-19-21-54-10_mp4-0361_jpg.rf.ee6ef827f222926d16a98911b316407f_0.jpg,train,FAKE_7,terlalu_kecil,591.7881420927467,58,20
2026-01-19-21-54-10_mp4-0363_jpg.rf.23d48ff61d148a97c4a9493ad7b1cb04_0.jpg,train,FAKE_12,terlalu_kecil,904.4710340011634,54,21
2026-01-19-21-54-10_mp4-0363_jpg.rf.23d48ff61d148a97c4a9493ad7b1cb04_1.jpg,train,FAKE_13,terlalu_kecil,614.221266354604,53,22
2026-01-19-21-54-10_mp4-0365_jpg.rf.88de6159500fe6ff867733c9f068fb58_0.jpg,train,FAKE_13,terlalu_kecil,3084.293935824385,52,18
2026-01-19-21-54-10_mp4-0380_jpg.rf.bf59a76e430d1641f2a52cf37f8f59e2_0.jpg,train,R1,terlalu_kecil,1150.1441184413582,36,20
2026-01-19-21-54-10_mp4-0380_jpg.rf.bf59a76e430d1641f2a52cf37f8f59e2_1.jpg,train,REAL_9,terlalu_kecil,771.908804065744,85,24
2026-01-19-21-54-10_mp4-0380_jpg.rf.bf59a76e430d1641f2a52cf37f8f59e2_3.jpg,train,REAL_11,terlalu_kecil,2413.923641643967,79,20
2026-01-19-21-54-10_mp4-0391_jpg.rf.d534cf134f41f174854f4ea41c3724b3_0.jpg,train,FAKE_1,blur,48.875320619254026,238,121
2026-01-19-21-54-10_mp4-0392_jpg.rf.ecea4caf8a4439a392aa708c47f6959c_0.jpg,train,FAKE_12,terlalu_kecil,3377.8028119092633,46,14
2026-01-19-21-54-10_mp4-0392_jpg.rf.ecea4caf8a4439a392aa708c47f6959c_2.jpg,train,FAKE_13,terlalu_kecil,4073.666569408945,39,13
2026-01-19-21-54-10_mp4-0397_jpg.rf.e954f7a9ced5ea4ca86769b92c6127f2_3.jpg,train,FAKE_10,terlalu_kecil,310.68561922660007,103,16
2026-01-19-21-54-10_mp4-0399_jpg.rf.97a9b16f603df58d49ab6e1d3e6fb710_3.jpg,train,FAKE_10,terlalu_kecil,3245.7766515943736,96,16
2026-01-19-21-54-10_mp4-0402_jpg.rf.b35bc4989e2d1cf8a705414a763ac7ba_2.jpg,train,FAKE_10,terlalu_kecil,629.6550904030789,102,17
2026-01-19-21-54-10_mp4-0420_jpg.rf.7a2182711ff85673a6588ada4032c1a6_2.jpg,train,FAKE_10,terlalu_kecil,3262.9413744199865,94,16
2026-01-19-21-54-10_mp4-0451_jpg.rf.0d41fdb38c7475c127188c865baa9d32_2.jpg,train,FAKE_10,terlalu_kecil,3049.349192489997,95,15
2026-01-19-21-54-10_mp4-0451_jpg.rf.0d41fdb38c7475c127188c865baa9d32_6.jpg,train,R1,terlalu_kecil,845.1524741735537,40,11
2026-01-19-21-54-10_mp4-0481_jpg.rf.994275c266b85d1b7de303240818690a_0.jpg,train,FAKE_11,blur,47.112834955680576,218,91
2026-01-19-21-54-10_mp4-0496_jpg.rf.7f99285c0d95c32dc6a4b665b959c8da_2.jpg,train,REAL_13,terlalu_kecil,737.5533050981395,101,21
2026-01-19-21-54-10_mp4-0498_jpg.rf.522cb05b7bfd3c832acf09a42298a000_0.jpg,train,FAKE_8,blur,48.360711017154564,219,80
2026-01-19-21-54-10_mp4-0498_jpg.rf.522cb05b7bfd3c832acf09a42298a000_1.jpg,train,REAL_15,blur,25.32174873737374,96,55
2026-01-19-21-54-10_mp4-0498_jpg.rf.522cb05b7bfd3c832acf09a42298a000_2.jpg,train,R1,blur,46.6906457739791,52,36
2026-01-19-21-54-10_mp4-0498_jpg.rf.522cb05b7bfd3c832acf09a42298a000_3.jpg,train,FAKE_11,blur,43.14137918870249,202,56
2026-01-19-21-54-10_mp4-0499_jpg.rf.f373129386f4a2691f1d9aeb71937ff3_0.jpg,train,FAKE_8,blur,25.747771469661707,213,79
2026-01-19-21-54-10_mp4-0499_jpg.rf.f373129386f4a2691f1d9aeb71937ff3_1.jpg,train,FAKE_11,blur,24.497970265379173,189,64
2026-01-19-21-54-10_mp4-0500_jpg.rf.84cc4a8ace39d223f4264013cb07cbbe_0.jpg,train,FAKE_15,terlalu_kecil,240.90826388888888,55,24
2026-01-19-21-54-10_mp4-0501_jpg.rf.59d98bbb5b6cb3fcc2d639e44f85f7af_0.jpg,train,FAKE_15,terlalu_kecil,1279.1466176920724,54,22
2026-01-19-21-54-10_mp4-0511_jpg.rf.3fee25591b04832d55bfcb254f9689bf_3.jpg,train,REAL_15,terlalu_kecil,2586.449133460004,94,17
2026-01-19-21-54-10_mp4-0511_jpg.rf.3fee25591b04832d55bfcb254f9689bf_4.jpg,train,REAL_9,terlalu_kecil,1150.046984126984,70,15
2026-01-19-21-54-10_mp4-0511_jpg.rf.3fee25591b04832d55bfcb254f9689bf_6.jpg,train,R1,terlalu_kecil,938.5851417769375,23,20
2026-01-19-21-58-25_mp4-0000_jpg.rf.1c044be6c4fc2a8faf7dd1715c6f794f_4.jpg,train,FAKE_14,terlalu_kecil,4403.682367769593,26,14
2026-01-19-21-58-25_mp4-0000_jpg.rf.1c044be6c4fc2a8faf7dd1715c6f794f_5.jpg,train,FAKE_3,terlalu_kecil,3295.087362825789,54,18
2026-01-19-21-58-25_mp4-0007_jpg.rf.cbdca413d08e2cfc2f45cbe498c68913_2.jpg,train,FAKE_3,terlalu_kecil,604.4371750414233,53,18
2026-01-19-21-58-25_mp4-0007_jpg.rf.cbdca413d08e2cfc2f45cbe498c68913_4.jpg,train,FAKE_14,terlalu_kecil,1303.4104683195594,27,11
2026-01-19-21-58-25_mp4-0016_jpg.rf.1a6b2f384a05a3885fa81f55af85625b_1.jpg,train,FAKE_14,terlalu_kecil,1554.4580498866214,27,21
2026-01-19-21-58-25_mp4-0016_jpg.rf.1a6b2f384a05a3885fa81f55af85625b_2.jpg,train,REAL_15,terlalu_kecil,369.44219608607074,117,24
2026-01-19-21-58-25_mp4-0016_jpg.rf.1a6b2f384a05a3885fa81f55af85625b_4.jpg,train,FAKE_3,terlalu_kecil,1481.5373757387931,54,18
2026-01-19-21-58-25_mp4-0023_jpg.rf.43a9be00116c37300d8e01a01ed154f8_3.jpg,train,R1,terlalu_kecil,1323.6191068434691,27,15
2026-01-19-21-58-25_mp4-0034_jpg.rf.f55ab512081e6137ff7f2bb205cae58a_5.jpg,train,REAL_7,terlalu_kecil,894.1020693879525,139,22
2026-01-19-21-58-25_mp4-0034_jpg.rf.f55ab512081e6137ff7f2bb205cae58a_8.jpg,train,REAL_6,terlalu_kecil,1690.1555068308317,77,11
2026-01-19-21-58-25_mp4-0041_jpg.rf.48c4deaa938089c75c8968e6505b9874_3.jpg,train,REAL_6,terlalu_kecil,1134.7772090931826,76,12
2026-01-19-21-58-25_mp4-0041_jpg.rf.48c4deaa938089c75c8968e6505b9874_4.jpg,train,REAL_7,terlalu_kecil,886.0945516895691,130,22
2026-01-19-21-58-25_mp4-0041_jpg.rf.48c4deaa938089c75c8968e6505b9874_7.jpg,train,FAKE_15,terlalu_kecil,1786.685669225879,22,13
2026-01-19-21-58-25_mp4-0041_jpg.rf.48c4deaa938089c75c8968e6505b9874_9.jpg,train,R1,terlalu_kecil,1879.7239668367347,20,14
2026-01-19-21-58-25_mp4-0043_jpg.rf.a4c0ea1a45b396f7f50fc7dd7bc85438_2.jpg,train,R1,terlalu_kecil,625.3490017545678,46,23
2026-01-19-21-58-25_mp4-0043_jpg.rf.a4c0ea1a45b396f7f50fc7dd7bc85438_3.jpg,train,R1,terlalu_kecil,531.6255586762511,44,24
2026-01-19-21-58-25_mp4-0043_jpg.rf.a4c0ea1a45b396f7f50fc7dd7bc85438_4.jpg,train,REAL_6,terlalu_kecil,278.235267400379,78,13
2026-01-19-21-58-25_mp4-0043_jpg.rf.a4c0ea1a45b396f7f50fc7dd7bc85438_7.jpg,train,REAL_7,terlalu_kecil,457.6959730484947,129,24
2026-01-19-21-58-25_mp4-0045_jpg.rf.42e47630b5c83d501b85abb9197b4f39_3.jpg,train,REAL_7,terlalu_kecil,210.5688655113695,87,24
2026-01-19-21-58-25_mp4-0051_jpg.rf.cc0e08320c24f91d57ac732d5bd6719b_1.jpg,train,R1,terlalu_kecil,1691.7586105219875,32,19
2026-01-19-21-58-25_mp4-0051_jpg.rf.cc0e08320c24f91d57ac732d5bd6719b_2.jpg,train,REAL_7,terlalu_kecil,1675.3853301422585,123,24
2026-01-19-21-58-25_mp4-0051_jpg.rf.cc0e08320c24f91d57ac732d5bd6719b_5.jpg,train,REAL_6,terlalu_kecil,728.56654166136,77,14
2026-01-19-21-58-25_mp4-0061_jpg.rf.9b3d11e7e4bd85a82097323df7dd3e73_2.jpg,train,R1,terlalu_kecil,1553.1318359375,32,18
2026-01-19-21-58-25_mp4-0061_jpg.rf.9b3d11e7e4bd85a82097323df7dd3e73_4.jpg,train,REAL_7,terlalu_kecil,1696.8677288023557,86,24
2026-01-19-21-58-25_mp4-0061_jpg.rf.9b3d11e7e4bd85a82097323df7dd3e73_5.jpg,train,REAL_8,terlalu_kecil,1066.443108096677,97,14
2026-01-19-21-58-25_mp4-0061_jpg.rf.9b3d11e7e4bd85a82097323df7dd3e73_6.jpg,train,R1,terlalu_kecil,1084.1613579344498,53,13
2026-01-19-21-58-25_mp4-0062_jpg.rf.851986c222209b705acfa12d9a098a73_0.jpg,train,FAKE_12,blur,35.26313172939893,240,84
2026-01-19-21-58-25_mp4-0062_jpg.rf.851986c222209b705acfa12d9a098a73_1.jpg,train,FAKE_2,blur,40.8797690990744,143,67
2026-01-19-21-58-25_mp4-0072_jpg.rf.460b3382845bf9b4d575a504008ecd5e_2.jpg,train,REAL_7,terlalu_kecil,1877.4317249891492,80,24
2026-01-19-21-58-25_mp4-0076_jpg.rf.5e98a92b42bdbd1d57a6636562963383_1.jpg,train,REAL_7,terlalu_kecil,3169.331123529841,78,24
2026-01-19-21-58-25_mp4-0077_jpg.rf.1613fd271dcb45323efa8c10be41eb4e_0.jpg,train,FAKE_2,blur,7.035613982666616,254,126
2026-01-19-21-58-25_mp4-0081_jpg.rf.59b31881b17ddf6371937285834e1d52_0.jpg,train,FAKE_2,blur,11.168177631405646,299,126
2026-01-19-21-58-25_mp4-0082_jpg.rf.fb64ed3d7af6d73edbb987ec7baa98a3_1.jpg,train,FAKE_2,blur,29.09380856441967,305,114
2026-01-19-21-58-25_mp4-0082_jpg.rf.fb64ed3d7af6d73edbb987ec7baa98a3_2.jpg,train,R1,terlalu_kecil,313.04178829717296,39,10
2026-01-19-21-58-25_mp4-0085_jpg.rf.192c947321eb8d5dc9a140dfae84f32c_2.jpg,train,R1,terlalu_kecil,2067.0373999999997,40,10
2026-01-19-21-58-25_mp4-0090_jpg.rf.dcc28a4ecc92caedf11355f2a805914d_4.jpg,train,REAL_11,terlalu_kecil,891.7200788954635,78,15
2026-01-19-21-58-25_mp4-0090_jpg.rf.dcc28a4ecc92caedf11355f2a805914d_6.jpg,train,R1,terlalu_kecil,681.0602530612244,35,10
2026-01-19-21-58-25_mp4-0095_jpg.rf.4197be27dd9caa40efc126874598e0db_1.jpg,train,REAL_11,terlalu_kecil,837.9279787122298,78,13
2026-01-19-21-58-25_mp4-0104_jpg.rf.db32e373451431d6ed6c50ffd77777fa_6.jpg,train,REAL_11,terlalu_kecil,1486.9822477280522,96,18
2026-01-19-21-58-25_mp4-0108_jpg.rf.4b23b96f4d657577fd1c14886da46d84_2.jpg,train,REAL_7,terlalu_kecil,1292.0121274445448,88,24
2026-01-19-21-58-25_mp4-0119_jpg.rf.129fa39f3e8e1854dc132e31ce7ca012_4.jpg,train,FAKE_14,terlalu_kecil,1711.9068027210885,35,24
2026-01-19-21-58-25_mp4-0119_jpg.rf.129fa39f3e8e1854dc132e31ce7ca012_7.jpg,train,FAKE_14,terlalu_kecil,1711.9068027210885,35,24
2026-01-19-21-58-25_mp4-0127_jpg.rf.b867cb92b08521c93bb20850e40465f1_4.jpg,train,REAL_13,terlalu_kecil,348.6140816326531,75,14
2026-01-19-21-58-25_mp4-0127_jpg.rf.b867cb92b08521c93bb20850e40465f1_5.jpg,train,FAKE_14,terlalu_kecil,664.462124,50,20
2026-01-19-21-58-25_mp4-0138_jpg.rf.27d24f9bfd89c30abbc27c7ccc0fa1a0_2.jpg,train,REAL_13,terlalu_kecil,4142.61496031746,70,12
2026-01-19-21-58-25_mp4-0138_jpg.rf.27d24f9bfd89c30abbc27c7ccc0fa1a0_3.jpg,train,REAL_7,terlalu_kecil,1564.5065239399787,66,19
2026-01-19-21-58-25_mp4-0147_jpg.rf.2b47f07ee64b73d3b7ed30ced11c761b_7.jpg,train,R1,terlalu_kecil,1273.8464158163265,40,14
2026-01-19-21-58-25_mp4-0147_jpg.rf.2b47f07ee64b73d3b7ed30ced11c761b_9.jpg,train,FAKE_14,terlalu_kecil,1749.4089179362882,38,20
2026-01-19-21-58-25_mp4-0152_jpg.rf.67a20097ccc2632c80e73291dd8fffd1_0.jpg,train,REAL_3,blur,23.993474363997464,226,111
2026-01-19-21-58-25_mp4-0160_jpg.rf.3c618e661073d0b084a096198174a0de_4.jpg,train,R1,terlalu_kecil,1182.6745762585529,37,14
2026-01-19-21-58-25_mp4-0160_jpg.rf.3c618e661073d0b084a096198174a0de_8.jpg,train,REAL_10,terlalu_kecil,1817.5952115128916,93,16
2026-01-19-21-58-25_mp4-0165_jpg.rf.929542e17cd6c7fd71b8d565326790b2_2.jpg,train,REAL_10,terlalu_kecil,390.1396731930314,92,19
2026-01-19-21-58-25_mp4-0165_jpg.rf.929542e17cd6c7fd71b8d565326790b2_5.jpg,train,FAKE_3,terlalu_kecil,423.2753988185255,200,23
2026-01-19-21-58-25_mp4-0176_jpg.rf.2f747d0acde9b4fbac24f4819f76a3d7_3.jpg,train,REAL_4,blur,48.93708132426304,175,45
2026-01-19-21-58-25_mp4-0176_jpg.rf.2f747d0acde9b4fbac24f4819f76a3d7_4.jpg,train,R1,terlalu_kecil,474.5697332493174,46,18
2026-01-19-21-58-25_mp4-0183_jpg.rf.2c62f14f5eab6d6f75fb172279a3b330_0.jpg,train,FAKE_15,blur,18.83283527696793,245,56
2026-01-19-21-58-25_mp4-0183_jpg.rf.2c62f14f5eab6d6f75fb172279a3b330_1.jpg,train,FAKE_4,blur,17.34820229792501,185,77
2026-01-19-21-58-25_mp4-0184_jpg.rf.a1745aff006a408b4a3f640ae4d65b88_0.jpg,train,FAKE_15,blur,12.972007452970427,239,62
2026-01-19-21-58-25_mp4-0184_jpg.rf.a1745aff006a408b4a3f640ae4d65b88_1.jpg,train,FAKE_4,blur,44.56949389340197,236,78
2026-01-19-21-58-25_mp4-0186_jpg.rf.77a60b0cd4054789bc82dfda9bc0c453_0.jpg,train,FAKE_15,blur,47.45333991429544,239,59
2026-01-19-21-58-25_mp4-0192_jpg.rf.505890a333ae982011d278eb8b080759_0.jpg,train,FAKE_15,blur,9.265529930671393,239,66
2026-01-19-21-58-25_mp4-0192_jpg.rf.505890a333ae982011d278eb8b080759_1.jpg,train,FAKE_4,blur,36.86401066529493,200,81
2026-01-19-21-58-25_mp4-0196_jpg.rf.0e70ce406e1049cfc879b01ebc61768b_0.jpg,train,FAKE_13,terlalu_kecil,1534.7867346938776,49,20
2026-01-19-21-58-25_mp4-0196_jpg.rf.0e70ce406e1049cfc879b01ebc61768b_1.jpg,train,FAKE_8,terlalu_kecil,3257.3985937499997,30,16
2026-01-19-21-58-25_mp4-0196_jpg.rf.0e70ce406e1049cfc879b01ebc61768b_2.jpg,train,R1,terlalu_kecil,1732.196431101366,35,11
2026-01-19-21-58-25_mp4-0204_jpg.rf.f39c2d3903f57e6345e1c9e7bcb1f8eb_1.jpg,train,R1,terlalu_kecil,1707.7733172344153,36,18
2026-01-19-21-58-25_mp4-0213_jpg.rf.87821fefcd24cc88373842c059faf3ed_1.jpg,train,R1,terlalu_kecil,789.3366871843433,33,16
2026-01-19-21-58-25_mp4-0213_jpg.rf.87821fefcd24cc88373842c059faf3ed_2.jpg,train,FAKE_13,terlalu_kecil,3621.552371345593,48,18
2026-01-19-21-58-25_mp4-0216_jpg.rf.98a48f5f257525fd986bffd0b74ef901_0.jpg,train,FAKE_13,terlalu_kecil,1526.7445348454964,39,16
2026-01-19-21-58-25_mp4-0226_jpg.rf.d50c86b263c833241144cb83dd16dee8_0.jpg,train,REAL_3,terlalu_kecil,1758.9432497504724,62,14
2026-01-19-21-58-25_mp4-0226_jpg.rf.d50c86b263c833241144cb83dd16dee8_1.jpg,train,FAKE_13,terlalu_kecil,863.9865279445113,42,17
2026-01-19-21-58-25_mp4-0229_jpg.rf.9a24e6748fef371a352de6cb89268c6f_1.jpg,train,R1,terlalu_kecil,320.4629330004931,39,16
2026-01-19-21-58-25_mp4-0229_jpg.rf.9a24e6748fef371a352de6cb89268c6f_3.jpg,train,R1,terlalu_kecil,320.01713922902496,35,15
2026-01-19-21-58-25_mp4-0229_jpg.rf.9a24e6748fef371a352de6cb89268c6f_4.jpg,train,FAKE_15,blur,43.25874083833841,227,58
2026-01-19-21-58-25_mp4-0229_jpg.rf.9a24e6748fef371a352de6cb89268c6f_7.jpg,train,REAL_3,terlalu_kecil,471.0220049216758,69,18
2026-01-19-21-58-25_mp4-0241_jpg.rf.fae3dd4fb7d85db7da36cbdd5815a1f1_2.jpg,train,FAKE_13,terlalu_kecil,4491.241924406493,38,22
2026-01-19-21-58-25_mp4-0248_jpg.rf.45cdd510fdd87eb2cca9e606906e615c_0.jpg,train,FAKE_13,terlalu_kecil,1027.5894081523672,53,20
2026-01-19-21-58-25_mp4-0248_jpg.rf.45cdd510fdd87eb2cca9e606906e615c_1.jpg,train,FAKE_8,terlalu_kecil,1339.7089793925381,32,14
2026-01-19-21-58-25_mp4-0274_jpg.rf.dbdd49a2a8b0a5369f0f585b745bb089_1.jpg,train,FAKE_8,terlalu_kecil,906.8918920068029,42,20
2026-01-19-21-58-25_mp4-0310_jpg.rf.4ed5975d206c9a8bce03b3042be5fa80_3.jpg,train,R1,terlalu_kecil,1086.5458246828143,34,15
2026-01-24-21-01-13_mp4-0003_jpg.rf.ad333b055013d0dab65de3d4f74116e6_0.jpg,train,REAL_13,blur,27.13256575302101,415,141
2026-01-24-21-01-13_mp4-0004_jpg.rf.2d7d72516176ca3a93bb24c76c5c9530_0.jpg,train,REAL_13,blur,49.527579346839474,362,103
2026-01-24-21-01-13_mp4-0004_jpg.rf.2d7d72516176ca3a93bb24c76c5c9530_1.jpg,train,REAL_7,blur,14.739464815678868,259,76
2026-01-24-21-01-13_mp4-0005_jpg.rf.7d43624c6d7afc99c66faae34e83512d_0.jpg,train,REAL_13,blur,47.08411442946277,359,58
2026-01-24-21-01-13_mp4-0007_jpg.rf.245634abec5a3911beb9cab5b414f7db_0.jpg,train,REAL_7,blur,43.25149131259657,348,134
2026-01-24-21-01-13_mp4-0008_jpg.rf.c67b90f0c906ec8b7b1a6fd10f1fcd55_0.jpg,train,REAL_7,blur,21.742964244067096,408,115
2026-01-24-21-01-13_mp4-0011_jpg.rf.87441dc1700ea23dd0b66f91aa5c8536_0.jpg,train,REAL_7,blur,34.14889930394372,424,83
2026-01-24-21-01-13_mp4-0012_jpg.rf.9d6c781e59c73c71ea629eb5841a670f_0.jpg,train,REAL_7,blur,20.584346322842745,383,65
2026-01-24-21-01-13_mp4-0012_jpg.rf.9d6c781e59c73c71ea629eb5841a670f_1.jpg,train,REAL_8,blur,37.51133493662558,284,91
2026-01-24-21-01-13_mp4-0017_jpg.rf.b9b80bffcbba30a4b42df7aa54e8bc8c_0.jpg,train,REAL_8,blur,44.484546271765815,365,125
2026-01-24-21-01-13_mp4-0026_jpg.rf.72af88aa992b853239c953faf2e74514_0.jpg,train,REAL_14,blur,23.45141345381155,372,174
2026-01-24-21-01-13_mp4-0030_jpg.rf.1ccd2bdef249049a900bf8e543e0eb44_0.jpg,train,REAL_14,blur,46.32886919704049,260,173
202601242110_mp4-0005_jpg.rf.19b7263c22ae72752d36ff2236d749b5_0.jpg,train,FAKE_4,blur,44.87012121499608,361,110
202601242110_mp4-0018_jpg.rf.6b9b5842d663f2947df639bc0e96b875_0.jpg,train,FAKE_5,blur,39.73509390077325,433,163
202601242110_mp4-0020_jpg.rf.ecb378909edcea6d3a704d39cd87198b_2.jpg,train,FAKE_5,blur,36.29795833265716,427,172
202601242110_mp4-0022_jpg.rf.bd0ba8a89a7d35af03bf3513512f839c_0.jpg,train,FAKE_5,blur,23.92333796560788,409,130
202601242110_mp4-0022_jpg.rf.bd0ba8a89a7d35af03bf3513512f839c_1.jpg,train,FAKE_12,blur,48.02838419221477,255,54
202601242110_mp4-0056_jpg.rf.3101d97f944916614d0c7c32eee7525f_0.jpg,train,REAL_13,blur,44.682240048756185,320,91
202601242110_mp4-0056_jpg.rf.3101d97f944916614d0c7c32eee7525f_1.jpg,train,REAL_7,blur,35.0129437405117,296,47
202601242110_mp4-0059_jpg.rf.52e1cbce6586bbe9e4a478fec50d8b80_1.jpg,train,REAL_7,blur,14.719488717210393,320,59
202601242110_mp4-0069_jpg.rf.8cb7cbf5e56184664aaefe970ad4d673_0.jpg,train,REAL_1,blur,46.42241848498866,324,174
202601242110_mp4-0074_jpg.rf.953ccac254cfd4122e4414d6207706c4_0.jpg,train,REAL_1,blur,21.565476443252685,348,112
202601242110_mp4-0080_jpg.rf.7da7063229c96cc35ea4ed67ed77fd93_0.jpg,train,REAL_3,blur,34.8271486085698,302,125
202601242110_mp4-0088_jpg.rf.0d5c19d76f33270e2f1939e5aa92203f_0.jpg,train,REAL_11,blur,43.21422014662275,389,325
202601242110_mp4-0094_jpg.rf.7a8a421f67b2a86f6fc24a974975a530_0.jpg,train,FAKE_8,blur,18.93080750679646,341,205
202601242110_mp4-0095_jpg.rf.a8836318c37dda5e61bc63ab29a4caf2_0.jpg,train,FAKE_8,blur,10.799274801424508,305,201
202601242110_mp4-0096_jpg.rf.df7627d00f173872fd8870de5d675a1c_6.jpg,train,REAL_6,terlalu_kecil,92.31084771531889,65,24
202601242110_mp4-0097_jpg.rf.eb874f37888f23e77857eecdbe4eadac_0.jpg,train,FAKE_8,blur,47.91646639673552,416,190
202601242110_mp4-0101_jpg.rf.15184010d4f0a3e12268cf4d81e667f9_0.jpg,train,FAKE_10,terlalu_kecil,395.54118850846123,55,21
202601242110_mp4-0101_jpg.rf.15184010d4f0a3e12268cf4d81e667f9_1.jpg,train,REAL_8,terlalu_kecil,403.1010533809112,48,17
202601242110_mp4-0101_jpg.rf.15184010d4f0a3e12268cf4d81e667f9_2.jpg,train,FAKE_3,blur,14.125793356673526,418,185
202601242110_mp4-0125_jpg.rf.b2b10a27ee6ebb6d60b0918d203c1b37_0.jpg,train,REAL_13,terlalu_kecil,4401.27926949719,46,17
202601242110_mp4-0130_jpg.rf.5e16c01ccece218c01f30f1e0f445c07_0.jpg,train,FAKE_7,blur,37.33152246374342,469,194
202601242110_mp4-0131_jpg.rf.dbd7482eafb602deee72d336089ec764_0.jpg,train,FAKE_7,blur,27.567086476395417,409,194
202601242110_mp4-0133_jpg.rf.2166d7b82275e0abf691a70c0edaa438_2.jpg,train,FAKE_7,blur,40.86845968817954,399,128
202601242110_mp4-0135_jpg.rf.1db3540178d8d6d5cca2a7eb531b8bcf_0.jpg,train,REAL_13,terlalu_kecil,827.330040360912,71,23
202601242110_mp4-0135_jpg.rf.1db3540178d8d6d5cca2a7eb531b8bcf_1.jpg,train,FAKE_13,blur,33.603926071423096,359,95
202601242110_mp4-0135_jpg.rf.1db3540178d8d6d5cca2a7eb531b8bcf_2.jpg,train,FAKE_7,blur,25.792566434374162,337,71
202601242110_mp4-0140_jpg.rf.bbc538a2f774b8f3a0f610d0871cfcae_0.jpg,train,FAKE_13,blur,15.27260593684727,442,183
202601242110_mp4-0147_jpg.rf.c5f0f0e2be21b08f2be95f301552516d_1.jpg,train,FAKE_13,blur,28.835870205691766,326,77
202601242110_mp4-0151_jpg.rf.979d13c0f56bb38c56fa009b4aa69648_0.jpg,train,FAKE_10,blur,34.81216365374578,434,171
202601242110_mp4-0159_jpg.rf.3c06f101890e65c9d8495c1eacc61bdb_0.jpg,train,FAKE_7,blur,36.09074836531096,337,100
202601242110_mp4-0160_jpg.rf.14c6d77b70ba7a1dd1d68489a9a527d9_0.jpg,train,FAKE_7,blur,36.46324913969004,368,115
202601242110_mp4-0169_jpg.rf.6ba65dad3e435e188357969998194e34_0.jpg,train,FAKE_11,blur,30.2741708423962,362,155
202601242110_mp4-0171_jpg.rf.400b6908951fbc0d9a23e8a7a0bbc1ac_0.jpg,train,FAKE_11,blur,36.61887233536915,359,148
202601242110_mp4-0173_jpg.rf.78fa05434ac65fa0e4d1bc4498c3af55_0.jpg,train,FAKE_9,blur,35.40132161563999,261,91
202601242110_mp4-0173_jpg.rf.78fa05434ac65fa0e4d1bc4498c3af55_1.jpg,train,FAKE_11,blur,27.844792390597064,371,104
202601242110_mp4-0177_jpg.rf.708f2b9076f1f77f28a69a6056b566e6_0.jpg,train,FAKE_9,blur,40.541504447863716,364,132
202601242110_mp4-0184_jpg.rf.dca3d92861883ca8ba2332b1fe0d6785_0.jpg,train,FAKE_6,blur,45.58776219047234,331,252
202601242110_mp4-0185_jpg.rf.6697fd9568e44e8aac35d2c80ec29c60_0.jpg,train,FAKE_6,blur,47.90740495600037,416,317
202601242110_mp4-0203_jpg.rf.a4cbe0c47e943ee02551256b5d9245ec_0.jpg,train,R1,blur,45.08034409156635,261,85
202601242110_mp4-0205_jpg.rf.b72e51265fe3babed2246d4c07834ba0_0.jpg,train,R1,blur,46.16132786659241,342,189
202601242110_mp4-0216_jpg.rf.1f738b1f80b048edf5a428eb221bc99a_0.jpg,train,REAL_12,blur,30.709011861786454,418,175
202601242110_mp4-0220_jpg.rf.628bee53089bb29d0d5fe49d6cf5d8bf_0.jpg,train,REAL_4,blur,12.645090988390965,356,189
202601242110_mp4-0223_jpg.rf.82fb40116b3c8694d16c5c8e66bd0b7d_0.jpg,train,REAL_4,blur,28.237286717545572,348,151
202601242110_mp4-0233_jpg.rf.e119fb27dcd4eff48b48709e9d8214ba_0.jpg,train,REAL_2,blur,38.764889714756194,325,281
202601242110_mp4-0237_jpg.rf.b587890c67b9877eb1d500a67e588d26_0.jpg,train,REAL_9,blur,17.165468925849513,430,81
202601242110_mp4-0244_jpg.rf.367b200cf9732ec21a3e21075f712dc9_0.jpg,train,REAL_6,blur,7.6645674397136005,268,103
202601242110_mp4-0245_jpg.rf.a4ab7b259f217671e00279e0df1ebbcb_0.jpg,train,REAL_6,blur,10.325034430440553,292,144
202601242110_mp4-0246_jpg.rf.b1abf2fa1ac2025a3db2ae657c5bd233_0.jpg,train,REAL_6,blur,10.850275468091759,399,187
202601242110_mp4-0247_jpg.rf.1d2b5bb1d2f9fe76142aebedae70bfc5_0.jpg,train,REAL_6,blur,9.461313386956485,433,172
202601242110_mp4-0249_jpg.rf.e16c1f8b8ee4e184e59864a4d0e373a8_1.jpg,train,REAL_11,blur,36.33179898616441,276,134
202601242110_mp4-0250_jpg.rf.a0e7ce36c656d56e4a461550d4b12274_0.jpg,train,REAL_11,blur,13.766597897781173,332,165
202601242110_mp4-0253_jpg.rf.b3f8cddc61f4bb39b223a5f7082323d4_0.jpg,train,REAL_11,blur,9.2781728132073,289,156
202601242110_mp4-0261_jpg.rf.73c58e07299ef6cc3094ebe906d16c65_0.jpg,train,REAL_5,blur,14.585061347880306,274,271
202601242110_mp4-0269_jpg.rf.9d18d21e31af522af62428d7ba1f69c2_0.jpg,train,FAKE_11,blur,42.9428171770456,393,65
202601242110_mp4-0270_jpg.rf.02a0ad82101540fa57f60bca11ca5e6e_0.jpg,train,FAKE_8,blur,6.61100423623708,346,218
202601242110_mp4-0271_jpg.rf.a2fd7df3fb11f7bb88aa322cc65b4d6b_3.jpg,train,REAL_8,terlalu_kecil,61.509213602162326,78,24
202601242110_mp4-0272_jpg.rf.853ffbaf27b33860ee949e2cac0c23f2_4.jpg,train,REAL_3,terlalu_kecil,533.4399482367029,83,23
202601242110_mp4-0274_jpg.rf.c1011de67e7dba1d482917d1559813d4_0.jpg,train,FAKE_8,blur,33.57569081890992,383,145
202601242110_mp4-0278_jpg.rf.8d050bcd75e48d62787c6c4b72623464_0.jpg,train,FAKE_2,blur,35.39983943874422,369,207
202601242110_mp4-0282_jpg.rf.d53a907ec9874f462253bcb4975989a4_1.jpg,train,FAKE_2,blur,16.773099903550555,287,75
202601242110_mp4-0283_jpg.rf.b4f85393b64b57ed11439a56b426e2e6_0.jpg,train,FAKE_12,blur,45.99630793791849,385,178
202601242110_mp4-0285_jpg.rf.5d4f409068a2c0c4b52d04893c88bc8b_0.jpg,train,FAKE_12,blur,25.031273366164424,434,167
202601242110_mp4-0300_jpg.rf.584ed26a0f477c3189c50e78f8985dc4_0.jpg,train,REAL_12,blur,10.420476437482302,419,170
202601242110_mp4-0303_jpg.rf.4a687e98b3c3329a0f8e71d6dc83c2c4_0.jpg,train,REAL_15,blur,7.131140617074065,367,176
202601242110_mp4-0305_jpg.rf.01b753260b561c15cee998726f214793_0.jpg,train,REAL_15,blur,32.43370990431756,407,201
202601242110_mp4-0307_jpg.rf.b4e9ae996c7103f26cddf198e8a8fe73_0.jpg,train,REAL_15,blur,28.114489336837394,370,189
202601242110_mp4-0310_jpg.rf.99bc52a1b7e768792b5c3b2ad15bbfb7_0.jpg,train,REAL_14,blur,20.139898902043047,309,96
202601242110_mp4-0310_jpg.rf.99bc52a1b7e768792b5c3b2ad15bbfb7_1.jpg,train,REAL_15,blur,20.697876070729293,325,111
202601242110_mp4-0314_jpg.rf.8db5d92670399c2a2eb5a1dfd537d212_0.jpg,train,REAL_15,blur,35.99249523224972,245,76
202601242110_mp4-0314_jpg.rf.8db5d92670399c2a2eb5a1dfd537d212_1.jpg,train,REAL_14,blur,16.304176668842103,346,151
202601242110_mp4-0329_jpg.rf.a994b7613ad80b785501c6d6377347b3_0.jpg,train,FAKE_15,blur,15.28880888657358,389,148
202601242110_mp4-0331_jpg.rf.a259bc25226c64497592399ae5e29ad1_0.jpg,train,FAKE_15,blur,38.72880176301355,396,147
202601242110_mp4-0333_jpg.rf.4f20aea3626db733e48c35f29d96d092_0.jpg,train,FAKE_15,blur,23.81388687280994,416,168
202601242110_mp4-0335_jpg.rf.7b294e7d2c70fe358b78e93d6e7eb8d8_0.jpg,train,FAKE_15,blur,41.141704267170766,414,125
202601242110_mp4-0337_jpg.rf.9cb070c7acab5a0173657245c66cd1d5_0.jpg,train,FAKE_4,blur,12.447821165019139,383,181
202601242110_mp4-0340_jpg.rf.1286e84659b045774bbf156f6ba1c7e1_0.jpg,train,FAKE_4,blur,39.10559234393347,398,160
202601242110_mp4-0352_jpg.rf.527f0c7e28961feac498d64fa9044653_0.jpg,train,FAKE_9,blur,17.719838518968494,387,210
202601242110_mp4-0364_jpg.rf.99279020c578a4ed4f3668b503e59c29_2.jpg,train,REAL_6,blur,34.353204862425564,82,33
202601242110_mp4-0365_jpg.rf.f385606ad15c398ba1368c6bf6a7a8c8_0.jpg,train,REAL_5,blur,12.4914315581301,319,169
202601242110_mp4-0368_jpg.rf.55ea1a2f1b536f93cb0f917cdf7f958e_0.jpg,train,REAL_5,blur,34.17371681029338,434,145
202601242110_mp4-0371_jpg.rf.a02bace6fffc020f3a2dd7ad0141ac65_0.jpg,train,REAL_4,blur,8.988808274583638,399,227
202602052213_mp4-0004_jpg.rf.28ee8a5c1febc3f15eaca58cbbc4b4e3_2.jpg,train,REAL_11,terlalu_kecil,412.11852553829715,52,24
202602052213_mp4-0004_jpg.rf.28ee8a5c1febc3f15eaca58cbbc4b4e3_3.jpg,train,REAL_11,terlalu_kecil,408.2046222222222,50,24
202602052213_mp4-0004_jpg.rf.28ee8a5c1febc3f15eaca58cbbc4b4e3_4.jpg,train,REAL_9,terlalu_kecil,250.00800912851767,58,24
202602052213_mp4-0004_jpg.rf.28ee8a5c1febc3f15eaca58cbbc4b4e3_6.jpg,train,REAL_12,terlalu_kecil,259.568616643546,58,24
202602052213_mp4-0004_jpg.rf.28ee8a5c1febc3f15eaca58cbbc4b4e3_7.jpg,train,REAL_7,terlalu_kecil,133.954148199446,60,19
202602052213_mp4-0004_jpg.rf.28ee8a5c1febc3f15eaca58cbbc4b4e3_8.jpg,train,REAL_13,terlalu_kecil,203.78189999999998,60,15
202602052213_mp4-0004_jpg.rf.28ee8a5c1febc3f15eaca58cbbc4b4e3_9.jpg,train,REAL_1,terlalu_kecil,107.62865555555557,60,15
202602052213_mp4-0008_jpg.rf.cd8195cfc1ee4497635818c456fcf6de_1.jpg,train,REAL_7,terlalu_kecil,204.76015610651976,66,20
202602052213_mp4-0008_jpg.rf.cd8195cfc1ee4497635818c456fcf6de_5.jpg,train,REAL_13,terlalu_kecil,192.50913831360947,65,16
202602052213_mp4-0008_jpg.rf.cd8195cfc1ee4497635818c456fcf6de_6.jpg,train,REAL_1,terlalu_kecil,101.92958210059173,65,16
202602052213_mp4-0010_jpg.rf.2869ce201fe757d97ce5b70eec425e3c_3.jpg,train,REAL_7,terlalu_kecil,167.9834702652427,73,23
202602052213_mp4-0010_jpg.rf.2869ce201fe757d97ce5b70eec425e3c_6.jpg,train,REAL_13,terlalu_kecil,149.86145118435186,70,19
202602052213_mp4-0010_jpg.rf.2869ce201fe757d97ce5b70eec425e3c_7.jpg,train,REAL_1,terlalu_kecil,110.29562215158828,69,19
202602052213_mp4-0012_jpg.rf.106f6fa0578b504495b1f2719ac38659_1.jpg,train,FAKE_6,blur,31.387959117941282,102,43
202602052213_mp4-0012_jpg.rf.106f6fa0578b504495b1f2719ac38659_2.jpg,train,REAL_7,blur,26.605788066659166,87,27
202602052213_mp4-0012_jpg.rf.106f6fa0578b504495b1f2719ac38659_3.jpg,train,REAL_12,blur,19.513521164685127,87,34
202602052213_mp4-0012_jpg.rf.106f6fa0578b504495b1f2719ac38659_7.jpg,train,REAL_9,blur,38.90048607165724,81,37
202602052213_mp4-0014_jpg.rf.619829fed9e88f2763ef78a18f7f4c75_7.jpg,train,REAL_13,terlalu_kecil,111.81636340542894,83,20
202602052213_mp4-0014_jpg.rf.619829fed9e88f2763ef78a18f7f4c75_8.jpg,train,REAL_1,terlalu_kecil,91.51223011363636,88,20
202602052213_mp4-0017_jpg.rf.dd22c95b8b3d331f8fdb76e51c365bf8_2.jpg,train,FAKE_6,blur,44.77991068153552,122,47
202602052213_mp4-0017_jpg.rf.dd22c95b8b3d331f8fdb76e51c365bf8_5.jpg,train,FAKE_7,blur,44.77991068153552,122,47
202602052213_mp4-0018_jpg.rf.7cf14f3b0bb0cb7a56b99542d4ee5e62_0.jpg,train,FAKE_6,blur,27.83943750353327,133,50
202602052213_mp4-0018_jpg.rf.7cf14f3b0bb0cb7a56b99542d4ee5e62_1.jpg,train,FAKE_6,blur,28.427811162045934,127,48
202602052213_mp4-0018_jpg.rf.7cf14f3b0bb0cb7a56b99542d4ee5e62_2.jpg,train,FAKE_1,blur,27.532214049586777,75,44
202602052213_mp4-0018_jpg.rf.7cf14f3b0bb0cb7a56b99542d4ee5e62_4.jpg,train,REAL_11,blur,48.66001658354333,73,34
202602052213_mp4-0020_jpg.rf.ed1fc4c144dfc200d3583f28310ed129_0.jpg,train,FAKE_6,blur,49.96128737480515,147,53
202602052213_mp4-0020_jpg.rf.ed1fc4c144dfc200d3583f28310ed129_1.jpg,train,FAKE_6,blur,41.104539156171384,146,54
202602052213_mp4-0020_jpg.rf.ed1fc4c144dfc200d3583f28310ed129_3.jpg,train,FAKE_6,blur,41.630477333151056,147,53
202602052213_mp4-0020_jpg.rf.ed1fc4c144dfc200d3583f28310ed129_4.jpg,train,REAL_11,blur,25.221858823240396,87,42
202602052213_mp4-0029_jpg.rf.be7c833f11b13d08c1d2c5517a21209f_3.jpg,train,REAL_11,blur,43.83387769631415,118,46
202602052213_mp4-0030_jpg.rf.0534b7484cc56170a55b678b756f384e_0.jpg,train,FAKE_6,blur,9.875480414117439,212,79
202602052213_mp4-0030_jpg.rf.0534b7484cc56170a55b678b756f384e_1.jpg,train,FAKE_6,blur,15.785218118861543,212,79
202602052213_mp4-0031_jpg.rf.972df96d4f850f6e90b3786eeb4d8746_2.jpg,train,REAL_13,blur,45.99183424,125,50
202602052213_mp4-0031_jpg.rf.972df96d4f850f6e90b3786eeb4d8746_4.jpg,train,FAKE_6,blur,16.44457850024735,198,77
202602052213_mp4-0033_jpg.rf.e23774026227909abedd0dc108ca054d_2.jpg,train,REAL_11,blur,48.52761824999416,123,58
202602052213_mp4-0033_jpg.rf.e23774026227909abedd0dc108ca054d_3.jpg,train,REAL_11,blur,49.5407695226851,112,55
202602052213_mp4-0033_jpg.rf.e23774026227909abedd0dc108ca054d_4.jpg,train,FAKE_6,blur,30.750678592951058,185,80
202602052213_mp4-0033_jpg.rf.e23774026227909abedd0dc108ca054d_5.jpg,train,REAL_1,blur,44.01921654064675,150,51
202602052213_mp4-0036_jpg.rf.f0012272084259b1f9f7593928d169e1_0.jpg,train,FAKE_6,blur,33.93049422169963,204,71
202602052213_mp4-0036_jpg.rf.f0012272084259b1f9f7593928d169e1_2.jpg,train,FAKE_6,blur,32.654143305746395,204,71
202602052213_mp4-0036_jpg.rf.f0012272084259b1f9f7593928d169e1_3.jpg,train,REAL_11,blur,49.890428719656434,96,51
202602052213_mp4-0036_jpg.rf.f0012272084259b1f9f7593928d169e1_4.jpg,train,REAL_12,blur,46.71654120507339,114,42
202602052213_mp4-0036_jpg.rf.f0012272084259b1f9f7593928d169e1_8.jpg,train,REAL_7,blur,19.519364455268025,123,32
202602052213_mp4-0036_jpg.rf.f0012272084259b1f9f7593928d169e1_9.jpg,train,REAL_13,blur,35.730268576068724,121,30
202602052213_mp4-0038_jpg.rf.9afec8d58fea2fa01d9645626485e32f_0.jpg,train,FAKE_6,blur,46.62174837238917,208,68
202602052213_mp4-0038_jpg.rf.9afec8d58fea2fa01d9645626485e32f_5.jpg,train,FAKE_6,blur,26.90886962654969,207,68
202602052213_mp4-0038_jpg.rf.9afec8d58fea2fa01d9645626485e32f_6.jpg,train,FAKE_13,terlalu_kecil,127.89603483970672,109,24
202602052213_mp4-0039_jpg.rf.c2a0d75d3817495208d255a5463b3112_0.jpg,train,FAKE_6,blur,14.354653455585131,196,69
202602052213_mp4-0039_jpg.rf.c2a0d75d3817495208d255a5463b3112_1.jpg,train,FAKE_6,blur,17.45249450803561,186,56
202602052213_mp4-0039_jpg.rf.c2a0d75d3817495208d255a5463b3112_2.jpg,train,FAKE_11,blur,24.090703192606597,138,50
202602052213_mp4-0039_jpg.rf.c2a0d75d3817495208d255a5463b3112_3.jpg,train,FAKE_2,blur,35.564194975697376,130,56
202602052213_mp4-0041_jpg.rf.2a890e7008fd45fd5451fdaa8da45cb4_2.jpg,train,FAKE_11,blur,30.81889821608243,123,54
202602052213_mp4-0046_jpg.rf.4cc28348774944d375e8a2c8977eee82_2.jpg,train,FAKE_2,blur,24.40674249847677,133,48
202602052213_mp4-0046_jpg.rf.4cc28348774944d375e8a2c8977eee82_3.jpg,train,FAKE_6,blur,18.054894009027866,168,72
202602052213_mp4-0046_jpg.rf.4cc28348774944d375e8a2c8977eee82_4.jpg,train,FAKE_6,blur,27.003935448246487,148,69
202602052213_mp4-0048_jpg.rf.2150c0611597fec676445137e2a117a0_2.jpg,train,FAKE_6,blur,15.864227559918888,186,67
202602052213_mp4-0048_jpg.rf.2150c0611597fec676445137e2a117a0_3.jpg,train,FAKE_6,blur,20.049331674491523,169,63
202602052213_mp4-0049_jpg.rf.5196d020094b43f743fc0423f45cd461_0.jpg,train,FAKE_6,blur,46.26615928105543,168,61
202602052213_mp4-0049_jpg.rf.5196d020094b43f743fc0423f45cd461_2.jpg,train,REAL_13,blur,42.08710734473331,114,42
202602052213_mp4-0049_jpg.rf.5196d020094b43f743fc0423f45cd461_3.jpg,train,REAL_7,blur,33.28614215793703,72,26
202602052213_mp4-0049_jpg.rf.5196d020094b43f743fc0423f45cd461_4.jpg,train,REAL_12,blur,24.77990325541981,85,42
202602052213_mp4-0049_jpg.rf.5196d020094b43f743fc0423f45cd461_5.jpg,train,REAL_11,blur,42.29553535997733,112,45
202602052213_mp4-0049_jpg.rf.5196d020094b43f743fc0423f45cd461_6.jpg,train,REAL_11,blur,43.88324585063881,112,44
202602052213_mp4-0051_jpg.rf.e16f44f847bab5fdd7389aadfb2bb2ef_0.jpg,train,REAL_6,blur,33.36226914771853,152,60
202602052213_mp4-0051_jpg.rf.e16f44f847bab5fdd7389aadfb2bb2ef_1.jpg,train,REAL_6,blur,43.57096622085048,144,54
202602052213_mp4-0051_jpg.rf.e16f44f847bab5fdd7389aadfb2bb2ef_10.jpg,train,REAL_13,blur,29.702019469246036,105,32
202602052213_mp4-0055_jpg.rf.0f32a7d8543af60c744a8b23ee26c6b3_2.jpg,train,REAL_11,terlalu_kecil,976.0807183419728,52,22
202602052213_mp4-0055_jpg.rf.0f32a7d8543af60c744a8b23ee26c6b3_4.jpg,train,REAL_13,terlalu_kecil,106.71898917354065,98,23
202602052213_mp4-0055_jpg.rf.0f32a7d8543af60c744a8b23ee26c6b3_6.jpg,train,REAL_7,terlalu_kecil,79.346016646849,87,22
202602052213_mp4-0055_jpg.rf.0f32a7d8543af60c744a8b23ee26c6b3_8.jpg,train,REAL_9,blur,45.28494030128682,74,37
202602052213_mp4-0057_jpg.rf.594217a5959fd08a3064ec0396286493_6.jpg,train,REAL_7,terlalu_kecil,114.78397499999998,90,20
202602052213_mp4-0057_jpg.rf.594217a5959fd08a3064ec0396286493_7.jpg,train,REAL_13,terlalu_kecil,93.11428256988513,91,19
202602052213_mp4-0057_jpg.rf.594217a5959fd08a3064ec0396286493_8.jpg,train,REAL_1,terlalu_kecil,67.36244736056005,91,19
202602052213_mp4-0061_jpg.rf.9fd65d8072da518cc1357c9715ab17d4_0.jpg,train,FAKE_6,blur,25.902009419152275,91,40
202602052213_mp4-0061_jpg.rf.9fd65d8072da518cc1357c9715ab17d4_1.jpg,train,FAKE_6,blur,19.47886607897597,91,40
202602052213_mp4-0061_jpg.rf.9fd65d8072da518cc1357c9715ab17d4_2.jpg,train,REAL_11,blur,29.42956376969783,73,34
202602052213_mp4-0061_jpg.rf.9fd65d8072da518cc1357c9715ab17d4_3.jpg,train,REAL_11,blur,28.15192457361485,72,34
202602052213_mp4-0061_jpg.rf.9fd65d8072da518cc1357c9715ab17d4_4.jpg,train,REAL_10,blur,36.02293972804264,72,34
202602052213_mp4-0062_jpg.rf.1af42eb043b100ee520e4fa12a284254_0.jpg,train,FAKE_6,blur,30.243648143658284,88,42
202602052213_mp4-0062_jpg.rf.1af42eb043b100ee520e4fa12a284254_1.jpg,train,FAKE_6,blur,27.751119186046513,86,40
202602052213_mp4-0065_jpg.rf.dd17c7ae4d44c48118891979379df01c_0.jpg,train,FAKE_6,blur,43.48470588712755,78,36
202602052213_mp4-0065_jpg.rf.dd17c7ae4d44c48118891979379df01c_3.jpg,train,REAL_11,blur,44.69054015229203,63,29
202602052213_mp4-0065_jpg.rf.dd17c7ae4d44c48118891979379df01c_4.jpg,train,FAKE_10,blur,32.766620043306,68,36
202602052213_mp4-0068_jpg.rf.8246e1caa3392b792ba622964700bf35_3.jpg,train,REAL_11,terlalu_kecil,433.4760241787347,51,24
202602052213_mp4-0068_jpg.rf.8246e1caa3392b792ba622964700bf35_4.jpg,train,FAKE_11,terlalu_kecil,366.983364127544,63,24
202602052213_mp4-0068_jpg.rf.8246e1caa3392b792ba622964700bf35_5.jpg,train,FAKE_7,terlalu_kecil,327.52121137160094,55,21
202602052213_mp4-0068_jpg.rf.8246e1caa3392b792ba622964700bf35_6.jpg,train,REAL_7,terlalu_kecil,269.2172531231191,58,18
202602052213_mp4-0068_jpg.rf.8246e1caa3392b792ba622964700bf35_7.jpg,train,REAL_11,terlalu_kecil,467.3224659722223,50,24
202602052213_mp4-0068_jpg.rf.8246e1caa3392b792ba622964700bf35_9.jpg,train,REAL_1,terlalu_kecil,172.83424303361105,59,12
202602052213_mp4-0068_jpg.rf.8246e1caa3392b792ba622964700bf35_10.jpg,train,REAL_12,terlalu_kecil,131.18822485207102,65,22
202602052213_mp4-0068_jpg.rf.8246e1caa3392b792ba622964700bf35_11.jpg,train,REAL_13,terlalu_kecil,303.78586793169507,58,12
202602052213_mp4-0071_jpg.rf.5bcf8a2bbb39ac9e9b24ca2df310d84c_2.jpg,train,REAL_6,terlalu_kecil,173.02473135413675,59,16
202602052213_mp4-0071_jpg.rf.5bcf8a2bbb39ac9e9b24ca2df310d84c_6.jpg,train,REAL_9,terlalu_kecil,89.07168725178417,61,24
202602052213_mp4-0071_jpg.rf.5bcf8a2bbb39ac9e9b24ca2df310d84c_7.jpg,train,REAL_7,terlalu_kecil,212.00660829078072,59,17
202602052213_mp4-0071_jpg.rf.5bcf8a2bbb39ac9e9b24ca2df310d84c_9.jpg,train,REAL_12,terlalu_kecil,84.88190851846875,61,24
202602052213_mp4-0071_jpg.rf.5bcf8a2bbb39ac9e9b24ca2df310d84c_10.jpg,train,REAL_13,terlalu_kecil,281.9749922839506,60,12
202602052213_mp4-0071_jpg.rf.5bcf8a2bbb39ac9e9b24ca2df310d84c_11.jpg,train,REAL_1,terlalu_kecil,131.3172057343848,62,11
202602052213_mp4-0074_jpg.rf.67e1e910ccdf9ba1adfdb88120ac3aec_2.jpg,train,FAKE_7,terlalu_kecil,135.16763593583295,81,24
202602052213_mp4-0074_jpg.rf.67e1e910ccdf9ba1adfdb88120ac3aec_6.jpg,train,REAL_7,terlalu_kecil,43.42901699272356,74,21
202602052213_mp4-0074_jpg.rf.67e1e910ccdf9ba1adfdb88120ac3aec_7.jpg,train,REAL_9,blur,46.81246732026144,68,30
202602052213_mp4-0077_jpg.rf.117b9b557024ac32bf9e93c04c6e5e29_4.jpg,train,REAL_7,terlalu_kecil,92.40708206827898,74,21
202602052213_mp4-0077_jpg.rf.117b9b557024ac32bf9e93c04c6e5e29_5.jpg,train,REAL_13,terlalu_kecil,129.83078556858473,72,17
202602052213_mp4-0077_jpg.rf.117b9b557024ac32bf9e93c04c6e5e29_10.jpg,train,REAL_1,terlalu_kecil,98.8027008976222,71,17
202602052213_mp4-0079_jpg.rf.1a27e17fbc40baa7fe1f1c9121aad4e1_3.jpg,train,FAKE_7,terlalu_kecil,77.69379319644698,78,23
202602052213_mp4-0079_jpg.rf.1a27e17fbc40baa7fe1f1c9121aad4e1_7.jpg,train,REAL_7,terlalu_kecil,32.50626256567875,93,24
202602052213_mp4-0079_jpg.rf.1a27e17fbc40baa7fe1f1c9121aad4e1_8.jpg,train,REAL_12,blur,36.645448514072704,90,38
202602052213_mp4-0079_jpg.rf.1a27e17fbc40baa7fe1f1c9121aad4e1_9.jpg,train,REAL_13,terlalu_kecil,51.26093229448642,85,21
202602052213_mp4-0079_jpg.rf.1a27e17fbc40baa7fe1f1c9121aad4e1_10.jpg,train,REAL_1,blur,16.993471625669688,84,29
202602052213_mp4-0086_jpg.rf.86ee3b92060112ee6c4e7a927620c289_4.jpg,train,REAL_7,blur,30.247614473978107,110,37
202602052213_mp4-0086_jpg.rf.86ee3b92060112ee6c4e7a927620c289_7.jpg,train,FAKE_5,terlalu_kecil,250.21790274908173,132,20
202602052213_mp4-0086_jpg.rf.86ee3b92060112ee6c4e7a927620c289_8.jpg,train,FAKE_3,terlalu_kecil,176.95265306574396,125,17
202602052213_mp4-0090_jpg.rf.2f490c416b9efaed1596092a4730fc39_1.jpg,train,FAKE_4,blur,37.69791075781271,166,59
202602052213_mp4-0090_jpg.rf.2f490c416b9efaed1596092a4730fc39_4.jpg,train,FAKE_3,blur,28.032301422129724,144,31
202602052213_mp4-0090_jpg.rf.2f490c416b9efaed1596092a4730fc39_5.jpg,train,REAL_12,blur,46.98867804370447,62,50
202602052213_mp4-0093_jpg.rf.493246a7f2f56584dba7cf7bd2326135_0.jpg,train,REAL_11,blur,46.678676864546304,93,51
202602052213_mp4-0093_jpg.rf.493246a7f2f56584dba7cf7bd2326135_1.jpg,train,REAL_7,blur,6.6885415163137045,115,51
202602052213_mp4-0093_jpg.rf.493246a7f2f56584dba7cf7bd2326135_2.jpg,train,REAL_11,blur,17.702494379758647,93,52
202602052213_mp4-0093_jpg.rf.493246a7f2f56584dba7cf7bd2326135_3.jpg,train,FAKE_4,blur,12.622431683251426,181,72
202602052213_mp4-0093_jpg.rf.493246a7f2f56584dba7cf7bd2326135_4.jpg,train,FAKE_4,blur,44.78837367220833,159,72
202602052213_mp4-0094_jpg.rf.c6076a655383613ae915f66fb502f538_0.jpg,train,REAL_11,blur,24.775480649849946,94,49
202602052213_mp4-0094_jpg.rf.c6076a655383613ae915f66fb502f538_1.jpg,train,REAL_11,blur,16.612555709205974,93,46
202602052213_mp4-0094_jpg.rf.c6076a655383613ae915f66fb502f538_2.jpg,train,FAKE_4,blur,19.814867972788246,180,68
202602052213_mp4-0094_jpg.rf.c6076a655383613ae915f66fb502f538_3.jpg,train,FAKE_4,blur,26.179911786129765,168,67
202602052213_mp4-0095_jpg.rf.dd378af20e58f30115dfedecccede6e8_0.jpg,train,FAKE_4,blur,31.145088490801555,185,67
202602052213_mp4-0095_jpg.rf.dd378af20e58f30115dfedecccede6e8_2.jpg,train,FAKE_4,blur,29.381466123189014,173,69
202602052213_mp4-0096_jpg.rf.d44700ee704677fb09004755e89d4ee2_1.jpg,train,FAKE_4,blur,49.45443534464758,193,72
202602052213_mp4-0097_jpg.rf.c2f39a0fff2defb301b68757bb5c637e_0.jpg,train,FAKE_4,blur,25.47155767381892,193,73
202602052213_mp4-0097_jpg.rf.c2f39a0fff2defb301b68757bb5c637e_1.jpg,train,FAKE_4,blur,16.718431915718195,187,78
202602052213_mp4-0097_jpg.rf.c2f39a0fff2defb301b68757bb5c637e_4.jpg,train,REAL_13,blur,28.829670864559997,86,35
202602052213_mp4-0097_jpg.rf.c2f39a0fff2defb301b68757bb5c637e_5.jpg,train,FAKE_11,terlalu_kecil,1272.1558255235766,74,23
202602052213_mp4-0098_jpg.rf.d88e368941052537bfc60dc6fce6f47e_2.jpg,train,REAL_13,blur,48.825155532598714,90,44
202602052213_mp4-0099_jpg.rf.87cf55a0834c055864c3c4777adb65e0_0.jpg,train,FAKE_4,blur,23.40447306081401,183,79
202602052213_mp4-0099_jpg.rf.87cf55a0834c055864c3c4777adb65e0_1.jpg,train,FAKE_4,blur,19.412602515833406,188,81
202602052213_mp4-0099_jpg.rf.87cf55a0834c055864c3c4777adb65e0_2.jpg,train,REAL_11,blur,47.1038492374697,101,56
202602052213_mp4-0099_jpg.rf.87cf55a0834c055864c3c4777adb65e0_3.jpg,train,REAL_11,blur,36.76668136145861,102,52
202602052213_mp4-0100_jpg.rf.73786e3196bda078283eca92fa3be7d8_2.jpg,train,REAL_13,blur,41.16268519770447,120,43
202602052213_mp4-0100_jpg.rf.73786e3196bda078283eca92fa3be7d8_3.jpg,train,FAKE_1,blur,21.98934167243767,76,36
202602052213_mp4-0100_jpg.rf.73786e3196bda078283eca92fa3be7d8_7.jpg,train,REAL_1,blur,33.00870436722552,120,43
202602052213_mp4-0100_jpg.rf.73786e3196bda078283eca92fa3be7d8_8.jpg,train,REAL_12,blur,33.16950728873321,76,38
202602052213_mp4-0101_jpg.rf.4de6de8422cd8b59dd4660fe79958072_0.jpg,train,FAKE_4,blur,29.788955755144638,187,66
202602052213_mp4-0101_jpg.rf.4de6de8422cd8b59dd4660fe79958072_1.jpg,train,FAKE_4,blur,22.813840923293945,180,69
202602052213_mp4-0101_jpg.rf.4de6de8422cd8b59dd4660fe79958072_2.jpg,train,REAL_13,blur,27.0197718129023,119,43
202602052213_mp4-0101_jpg.rf.4de6de8422cd8b59dd4660fe79958072_3.jpg,train,REAL_7,blur,12.395213965181663,80,34
202602052213_mp4-0101_jpg.rf.4de6de8422cd8b59dd4660fe79958072_4.jpg,train,REAL_12,blur,23.365840338634413,98,42
202602052213_mp4-0101_jpg.rf.4de6de8422cd8b59dd4660fe79958072_5.jpg,train,REAL_1,blur,15.179984633620098,119,44
202602052213_mp4-0101_jpg.rf.4de6de8422cd8b59dd4660fe79958072_7.jpg,train,REAL_11,blur,42.740869511081314,109,44
202602052213_mp4-0103_jpg.rf.fc9faf4d9dabed04a5c2a9c91ee103d6_0.jpg,train,FAKE_4,blur,20.710581443722443,169,69
202602052213_mp4-0103_jpg.rf.fc9faf4d9dabed04a5c2a9c91ee103d6_2.jpg,train,FAKE_4,blur,17.31413843179415,169,69
202602052213_mp4-0104_jpg.rf.b47ff8412b4f5cc8e715436e5194f1d9_2.jpg,train,FAKE_15,terlalu_kecil,210.99809348642125,154,22
202602052213_mp4-0104_jpg.rf.b47ff8412b4f5cc8e715436e5194f1d9_3.jpg,train,FAKE_15,terlalu_kecil,120.73264804416233,160,24
202602052213_mp4-0104_jpg.rf.b47ff8412b4f5cc8e715436e5194f1d9_5.jpg,train,REAL_13,terlalu_kecil,121.68790387616384,103,24
202602052213_mp4-0106_jpg.rf.ccf28b38d0e99d756f7dcd9b7ea545fc_0.jpg,train,FAKE_4,blur,37.67779167064828,171,54
202602052213_mp4-0106_jpg.rf.ccf28b38d0e99d756f7dcd9b7ea545fc_2.jpg,train,FAKE_15,blur,42.623546591414545,159,28
202602052213_mp4-0106_jpg.rf.ccf28b38d0e99d756f7dcd9b7ea545fc_3.jpg,train,FAKE_15,blur,26.388250109614155,160,28
202602052213_mp4-0107_jpg.rf.ea4893b21692b94b9a501140fe338a82_0.jpg,train,FAKE_4,blur,36.782329653004375,164,58
202602052213_mp4-0107_jpg.rf.ea4893b21692b94b9a501140fe338a82_1.jpg,train,FAKE_4,blur,22.963985394494554,170,57
202602052213_mp4-0107_jpg.rf.ea4893b21692b94b9a501140fe338a82_2.jpg,train,FAKE_15,blur,21.13424801997245,160,33
202602052213_mp4-0107_jpg.rf.ea4893b21692b94b9a501140fe338a82_3.jpg,train,FAKE_15,blur,24.102504263623548,158,33
202602052213_mp4-0108_jpg.rf.3d218c83b464259772b7cf062669dca2_4.jpg,train,REAL_7,terlalu_kecil,140.8089932976898,99,21
202602052213_mp4-0112_jpg.rf.631fb580315b3b6c6f8558c074e226d9_3.jpg,train,FAKE_15,terlalu_kecil,57.07097879661124,126,24
202602052213_mp4-0112_jpg.rf.631fb580315b3b6c6f8558c074e226d9_4.jpg,train,REAL_13,blur,32.26360373909944,99,36
202602052213_mp4-0112_jpg.rf.631fb580315b3b6c6f8558c074e226d9_5.jpg,train,REAL_7,blur,30.067790128746807,96,28
202602052213_mp4-0112_jpg.rf.631fb580315b3b6c6f8558c074e226d9_6.jpg,train,REAL_12,blur,46.36214080612349,99,35
202602052213_mp4-0112_jpg.rf.631fb580315b3b6c6f8558c074e226d9_7.jpg,train,REAL_11,blur,48.88400438114807,97,48
202602052213_mp4-0116_jpg.rf.af157e5dbf0da0fbc99f91646bedc334_3.jpg,train,REAL_13,blur,47.30040404040404,88,30
202602052213_mp4-0116_jpg.rf.af157e5dbf0da0fbc99f91646bedc334_5.jpg,train,REAL_11,blur,45.356477734417375,81,38
202602052213_mp4-0116_jpg.rf.af157e5dbf0da0fbc99f91646bedc334_6.jpg,train,REAL_7,terlalu_kecil,46.19344162695601,92,24
202602052213_mp4-0116_jpg.rf.af157e5dbf0da0fbc99f91646bedc334_8.jpg,train,REAL_1,blur,38.42003664953624,85,26
202602052213_mp4-0119_jpg.rf.7d6060d86f66abab3aff33becab0b752_0.jpg,train,FAKE_4,blur,28.81931867197853,109,46
202602052213_mp4-0119_jpg.rf.7d6060d86f66abab3aff33becab0b752_1.jpg,train,FAKE_4,blur,17.470859954625855,111,46
202602052213_mp4-0121_jpg.rf.50be97df1fc2ea91c2582b00d51e69df_0.jpg,train,FAKE_4,blur,47.85426044055968,102,42
202602052213_mp4-0121_jpg.rf.50be97df1fc2ea91c2582b00d51e69df_1.jpg,train,FAKE_4,blur,30.3634641275997,103,42
202602052213_mp4-0121_jpg.rf.50be97df1fc2ea91c2582b00d51e69df_3.jpg,train,REAL_11,blur,38.6601278659612,70,36
202602052213_mp4-0121_jpg.rf.50be97df1fc2ea91c2582b00d51e69df_4.jpg,train,FAKE_10,blur,22.79465219038,89,40
202602052213_mp4-0121_jpg.rf.50be97df1fc2ea91c2582b00d51e69df_5.jpg,train,REAL_9,blur,33.02297491062752,84,28
202602052213_mp4-0121_jpg.rf.50be97df1fc2ea91c2582b00d51e69df_6.jpg,train,REAL_12,blur,26.743331018889425,79,30
202602052213_mp4-0121_jpg.rf.50be97df1fc2ea91c2582b00d51e69df_7.jpg,train,REAL_7,blur,27.913882907539026,78,26
202602052213_mp4-0121_jpg.rf.50be97df1fc2ea91c2582b00d51e69df_8.jpg,train,REAL_13,terlalu_kecil,30.577887967687076,70,24
202602052213_mp4-0122_jpg.rf.47ec07c8d4bedde2580e790ceb589773_3.jpg,train,REAL_7,terlalu_kecil,114.791690499329,70,21
202602052213_mp4-0122_jpg.rf.47ec07c8d4bedde2580e790ceb589773_6.jpg,train,REAL_13,terlalu_kecil,221.4408221879287,72,18
202602052213_mp4-0122_jpg.rf.47ec07c8d4bedde2580e790ceb589773_7.jpg,train,REAL_1,terlalu_kecil,169.26115717780863,71,15
202602052213_mp4-0124_jpg.rf.ad241c7da105d3a33ce26524de6b2e54_0.jpg,train,FAKE_4,blur,27.685912525675093,95,42
202602052213_mp4-0124_jpg.rf.ad241c7da105d3a33ce26524de6b2e54_1.jpg,train,FAKE_4,blur,41.971024782579995,98,43
202602052213_mp4-0124_jpg.rf.ad241c7da105d3a33ce26524de6b2e54_3.jpg,train,REAL_11,blur,31.311198852040818,70,40
202602052213_mp4-0124_jpg.rf.ad241c7da105d3a33ce26524de6b2e54_4.jpg,train,FAKE_10,blur,38.06157844387754,84,40
202602052213_mp4-0125_jpg.rf.2aab81a6661e8c42d2094bb00ccadc12_0.jpg,train,FAKE_4,blur,38.56084564035917,92,40
202602052213_mp4-0125_jpg.rf.2aab81a6661e8c42d2094bb00ccadc12_1.jpg,train,FAKE_4,blur,29.354980501024524,96,41
202602052213_mp4-0125_jpg.rf.2aab81a6661e8c42d2094bb00ccadc12_3.jpg,train,REAL_11,terlalu_kecil,948.4599058157856,47,23
202602052213_mp4-0126_jpg.rf.98fbea14b6204b3b1b95d05bdf4da30a_2.jpg,train,REAL_7,terlalu_kecil,72.86549677545013,64,19
202602052213_mp4-0126_jpg.rf.98fbea14b6204b3b1b95d05bdf4da30a_4.jpg,train,REAL_13,terlalu_kecil,142.37573472766314,65,19
202602052213_mp4-0126_jpg.rf.98fbea14b6204b3b1b95d05bdf4da30a_5.jpg,train,REAL_1,terlalu_kecil,73.02717041747938,65,19
202602052213_mp4-0126_jpg.rf.98fbea14b6204b3b1b95d05bdf4da30a_6.jpg,train,REAL_9,blur,45.79534689845,74,27
202602052213_mp4-0129_jpg.rf.5fcb1afac5f63c13a3bf2b74c5b22ed9_3.jpg,train,REAL_9,terlalu_kecil,60.74246928260008,58,24
202602052213_mp4-0129_jpg.rf.5fcb1afac5f63c13a3bf2b74c5b22ed9_5.jpg,train,REAL_12,terlalu_kecil,85.68385850178359,58,24
202602052213_mp4-0129_jpg.rf.5fcb1afac5f63c13a3bf2b74c5b22ed9_6.jpg,train,REAL_7,terlalu_kecil,69.12164659209347,58,18
202602052213_mp4-0129_jpg.rf.5fcb1afac5f63c13a3bf2b74c5b22ed9_7.jpg,train,REAL_13,terlalu_kecil,98.75550698876458,58,14
202602052213_mp4-0132_jpg.rf.dd851b06eb1604969d687b8a5076f5cd_2.jpg,train,REAL_9,terlalu_kecil,148.32180605099748,58,24
202602052213_mp4-0132_jpg.rf.dd851b06eb1604969d687b8a5076f5cd_4.jpg,train,REAL_7,terlalu_kecil,157.4256883508744,62,17
202602052213_mp4-0132_jpg.rf.dd851b06eb1604969d687b8a5076f5cd_5.jpg,train,REAL_6,terlalu_kecil,260.18369435672906,62,17
202602052213_mp4-0132_jpg.rf.dd851b06eb1604969d687b8a5076f5cd_7.jpg,train,REAL_1,terlalu_kecil,171.4054100006033,61,14
202602052213_mp4-0135_jpg.rf.2abc14c47bf47223be28a64b6b4ffed4_1.jpg,train,FAKE_15,blur,38.755072887238576,77,32
202602052213_mp4-0135_jpg.rf.2abc14c47bf47223be28a64b6b4ffed4_2.jpg,train,FAKE_9,terlalu_kecil,1549.8383377296495,49,15
202602052213_mp4-0135_jpg.rf.2abc14c47bf47223be28a64b6b4ffed4_6.jpg,train,REAL_7,terlalu_kecil,72.53672342951059,74,20
202602052213_mp4-0135_jpg.rf.2abc14c47bf47223be28a64b6b4ffed4_7.jpg,train,REAL_13,terlalu_kecil,150.20507600999582,70,14
202602052213_mp4-0135_jpg.rf.2abc14c47bf47223be28a64b6b4ffed4_8.jpg,train,REAL_1,terlalu_kecil,84.8241524364848,70,14
202602052213_mp4-0137_jpg.rf.64051532fe73691adc30d8524214c03e_5.jpg,train,REAL_7,terlalu_kecil,90.01278867415003,86,21
202602052213_mp4-0137_jpg.rf.64051532fe73691adc30d8524214c03e_6.jpg,train,REAL_13,terlalu_kecil,107.69629635630606,86,22
202602052213_mp4-0137_jpg.rf.64051532fe73691adc30d8524214c03e_8.jpg,train,REAL_1,terlalu_kecil,127.32801567940618,73,15
202602052213_mp4-0137_jpg.rf.64051532fe73691adc30d8524214c03e_9.jpg,train,FAKE_4,terlalu_kecil,248.21988236884803,86,16
202602052213_mp4-0139_jpg.rf.6859bda47d52d405c71d8309b8fa6b09_1.jpg,train,FAKE_12,blur,46.648204721402855,82,34
202602052213_mp4-0139_jpg.rf.6859bda47d52d405c71d8309b8fa6b09_2.jpg,train,REAL_11,blur,19.802739582380738,90,45
202602052213_mp4-0139_jpg.rf.6859bda47d52d405c71d8309b8fa6b09_3.jpg,train,REAL_11,blur,46.45858177736966,90,44
202602052213_mp4-0139_jpg.rf.6859bda47d52d405c71d8309b8fa6b09_4.jpg,train,FAKE_10,blur,37.631258739873516,82,31
202602052213_mp4-0139_jpg.rf.6859bda47d52d405c71d8309b8fa6b09_5.jpg,train,REAL_9,blur,19.784897580246913,90,50
202602052213_mp4-0139_jpg.rf.6859bda47d52d405c71d8309b8fa6b09_6.jpg,train,REAL_12,blur,10.138068748321395,84,43
202602052213_mp4-0139_jpg.rf.6859bda47d52d405c71d8309b8fa6b09_7.jpg,train,REAL_7,blur,10.90408615136876,69,36
202602052213_mp4-0140_jpg.rf.fe4c0587dd3a99b95388b2e6bfa740f6_1.jpg,train,REAL_11,blur,48.95637302061584,98,43
202602052213_mp4-0140_jpg.rf.fe4c0587dd3a99b95388b2e6bfa740f6_2.jpg,train,REAL_12,terlalu_kecil,86.71242009620252,57,22
202602052213_mp4-0140_jpg.rf.fe4c0587dd3a99b95388b2e6bfa740f6_4.jpg,train,REAL_11,blur,34.21455586203252,99,46
202602052213_mp4-0140_jpg.rf.fe4c0587dd3a99b95388b2e6bfa740f6_5.jpg,train,FAKE_4,terlalu_kecil,128.41924089025588,85,18
202602052213_mp4-0140_jpg.rf.fe4c0587dd3a99b95388b2e6bfa740f6_6.jpg,train,REAL_1,terlalu_kecil,98.10647598140497,88,20
202602052213_mp4-0140_jpg.rf.fe4c0587dd3a99b95388b2e6bfa740f6_7.jpg,train,FAKE_13,terlalu_kecil,137.61552904818438,95,21
202602052213_mp4-0141_jpg.rf.f0b7e5a26ff2beefc48fbcbf84392d44_2.jpg,train,REAL_11,blur,48.8568352290647,106,47
202602052213_mp4-0141_jpg.rf.f0b7e5a26ff2beefc48fbcbf84392d44_6.jpg,train,FAKE_4,terlalu_kecil,93.65201206783149,85,22
202602052213_mp4-0141_jpg.rf.f0b7e5a26ff2beefc48fbcbf84392d44_7.jpg,train,REAL_12,terlalu_kecil,118.4341046831956,60,22
202602052213_mp4-0141_jpg.rf.f0b7e5a26ff2beefc48fbcbf84392d44_8.jpg,train,REAL_1,terlalu_kecil,53.09509666162057,94,23
202602052213_mp4-0141_jpg.rf.f0b7e5a26ff2beefc48fbcbf84392d44_12.jpg,train,REAL_13,terlalu_kecil,114.56301371256511,96,16
202602052213_mp4-0143_jpg.rf.18f4938d242bf60af998acee23298c2a_3.jpg,train,REAL_7,blur,19.64362629656684,100,37
202602052213_mp4-0143_jpg.rf.18f4938d242bf60af998acee23298c2a_6.jpg,train,REAL_12,blur,26.68700611459661,101,40
202602052213_mp4-0143_jpg.rf.18f4938d242bf60af998acee23298c2a_7.jpg,train,REAL_9,blur,36.83687814940791,60,42
202602052213_mp4-0147_jpg.rf.26e156e3b557cd383cbfb638fcfca5ab_6.jpg,train,REAL_9,terlalu_kecil,158.0517789958822,111,22
202602052213_mp4-0150_jpg.rf.391128103d010c7911c0848e1517eada_4.jpg,train,FAKE_12,terlalu_kecil,196.87621252204585,84,24
202602052213_mp4-0154_jpg.rf.8c257a0b889feec31d7cef9014bca770_0.jpg,train,REAL_11,blur,13.976377640934983,164,73
202602052213_mp4-0154_jpg.rf.8c257a0b889feec31d7cef9014bca770_1.jpg,train,REAL_11,blur,19.753680649862826,150,72
202602052213_mp4-0154_jpg.rf.8c257a0b889feec31d7cef9014bca770_2.jpg,train,FAKE_4,blur,31.953053980256247,115,42
202602052213_mp4-0155_jpg.rf.04a93f2daeebbbf074674c5bb83b965d_1.jpg,train,FAKE_15,terlalu_kecil,1351.6764042514606,67,21
202602052213_mp4-0155_jpg.rf.04a93f2daeebbbf074674c5bb83b965d_2.jpg,train,REAL_11,blur,26.378838893990405,165,78
202602052213_mp4-0155_jpg.rf.04a93f2daeebbbf074674c5bb83b965d_3.jpg,train,REAL_11,blur,45.25688194478404,165,78
202602052213_mp4-0156_jpg.rf.a836582aebcb05992b00f3feca7ffd6d_0.jpg,train,REAL_11,blur,18.010719234897383,170,73
202602052213_mp4-0156_jpg.rf.a836582aebcb05992b00f3feca7ffd6d_1.jpg,train,REAL_11,blur,20.646564732402233,161,73
202602052213_mp4-0157_jpg.rf.b7bdccabd79eee2025a4151d1ccea10a_0.jpg,train,REAL_11,blur,41.57843318261774,167,81
202602052213_mp4-0157_jpg.rf.b7bdccabd79eee2025a4151d1ccea10a_2.jpg,train,REAL_11,blur,19.28333217622115,166,81
202602052213_mp4-0157_jpg.rf.b7bdccabd79eee2025a4151d1ccea10a_3.jpg,train,REAL_1,blur,41.9734512330595,127,44
202602052213_mp4-0159_jpg.rf.33e282e4164dc1aa9fb8674b1f7e422a_0.jpg,train,FAKE_4,blur,49.15154468221627,114,44
202602052213_mp4-0159_jpg.rf.33e282e4164dc1aa9fb8674b1f7e422a_1.jpg,train,FAKE_10,blur,43.46265298637766,87,59
202602052213_mp4-0159_jpg.rf.33e282e4164dc1aa9fb8674b1f7e422a_2.jpg,train,REAL_11,blur,18.869760733047357,157,88
202602052213_mp4-0159_jpg.rf.33e282e4164dc1aa9fb8674b1f7e422a_3.jpg,train,REAL_11,blur,16.502263059842562,174,88
202602052213_mp4-0160_jpg.rf.eb2b39f73bae329eb1b430236649a5c5_0.jpg,train,REAL_11,blur,22.7624843307387,131,91
202602052213_mp4-0160_jpg.rf.eb2b39f73bae329eb1b430236649a5c5_1.jpg,train,REAL_11,blur,21.43503674683291,154,85
202602052213_mp4-0160_jpg.rf.eb2b39f73bae329eb1b430236649a5c5_2.jpg,train,FAKE_4,blur,41.57858486684879,117,43
202602052213_mp4-0160_jpg.rf.eb2b39f73bae329eb1b430236649a5c5_3.jpg,train,FAKE_10,blur,42.97531974749896,94,61
202602052213_mp4-0161_jpg.rf.10ae7e4b84025cc9458d345038499dcf_2.jpg,train,REAL_11,blur,42.350098568890246,152,68
202602052213_mp4-0162_jpg.rf.303bb57520abdb9d5215aeca99e4ce1a_0.jpg,train,REAL_11,blur,17.829638285503318,168,71
202602052213_mp4-0162_jpg.rf.303bb57520abdb9d5215aeca99e4ce1a_1.jpg,train,REAL_11,blur,30.009446533779773,146,55
202602052213_mp4-0163_jpg.rf.7468e07bad3599095c218b2db65448c4_0.jpg,train,REAL_11,blur,37.640601316403064,147,65
202602052213_mp4-0169_jpg.rf.b5c78ba1cd058e395c2d8c802847087f_0.jpg,train,REAL_6,blur,21.63111111111111,135,40
202602052213_mp4-0169_jpg.rf.b5c78ba1cd058e395c2d8c802847087f_1.jpg,train,REAL_11,blur,27.04649718143101,116,53
202602052213_mp4-0169_jpg.rf.b5c78ba1cd058e395c2d8c802847087f_2.jpg,train,REAL_11,blur,28.643423815740483,137,52
202602052213_mp4-0171_jpg.rf.2ed440ccb4182e3ae2d77d00686bf3d5_0.jpg,train,REAL_6,blur,28.60531033873859,127,42
202602052213_mp4-0171_jpg.rf.2ed440ccb4182e3ae2d77d00686bf3d5_1.jpg,train,REAL_11,blur,46.80444630458782,134,47
202602052213_mp4-0171_jpg.rf.2ed440ccb4182e3ae2d77d00686bf3d5_2.jpg,train,REAL_11,blur,28.50126706790231,134,47
202602052213_mp4-0172_jpg.rf.133871f00e1cd7b576faf0e2223434a9_0.jpg,train,REAL_6,blur,48.89853338807232,124,40
202602052213_mp4-0172_jpg.rf.133871f00e1cd7b576faf0e2223434a9_2.jpg,train,REAL_11,blur,48.28746687304147,131,44
202602052213_mp4-0172_jpg.rf.133871f00e1cd7b576faf0e2223434a9_3.jpg,train,REAL_3,blur,47.66324126315789,95,50
202602052213_mp4-0176_jpg.rf.54d14e636b0e1834388a1cd8eb35be1e_0.jpg,train,FAKE_15,terlalu_kecil,6666.042707036555,47,16
202602052213_mp4-0176_jpg.rf.54d14e636b0e1834388a1cd8eb35be1e_1.jpg,train,REAL_8,terlalu_kecil,146.35710374925608,71,20
202602052213_mp4-0176_jpg.rf.54d14e636b0e1834388a1cd8eb35be1e_4.jpg,train,REAL_7,terlalu_kecil,249.41126009227222,68,18
202602052213_mp4-0178_jpg.rf.b9765d115f162134999b1ff39a5f9196_1.jpg,train,FAKE_15,terlalu_kecil,1128.8274999999999,50,22
202602052213_mp4-0178_jpg.rf.b9765d115f162134999b1ff39a5f9196_3.jpg,train,REAL_9,blur,38.73182960275395,78,27
202602052213_mp4-0178_jpg.rf.b9765d115f162134999b1ff39a5f9196_4.jpg,train,REAL_10,terlalu_kecil,93.59223458833942,65,19
202602052213_mp4-0178_jpg.rf.b9765d115f162134999b1ff39a5f9196_5.jpg,train,REAL_8,terlalu_kecil,97.69297401963435,69,19
202602052213_mp4-0178_jpg.rf.b9765d115f162134999b1ff39a5f9196_6.jpg,train,REAL_7,terlalu_kecil,123.78639781558495,69,15
202602052213_mp4-0180_jpg.rf.2d87ad2c4ade4c2f9a7e26e7aa997530_0.jpg,train,REAL_8,terlalu_kecil,172.00237328284484,71,21
202602052213_mp4-0180_jpg.rf.2d87ad2c4ade4c2f9a7e26e7aa997530_4.jpg,train,REAL_7,terlalu_kecil,86.14232160435888,76,22
202602052213_mp4-0180_jpg.rf.2d87ad2c4ade4c2f9a7e26e7aa997530_7.jpg,train,REAL_10,terlalu_kecil,107.10677490234374,64,20
202602052213_mp4-0180_jpg.rf.2d87ad2c4ade4c2f9a7e26e7aa997530_10.jpg,train,FAKE_12,terlalu_kecil,118.76748628257887,72,15
202602052213_mp4-0184_jpg.rf.b8b82196cf99e4ebf34d199ce1d90ed9_1.jpg,train,REAL_12,blur,42.49424286787732,109,43
202602052213_mp4-0184_jpg.rf.b8b82196cf99e4ebf34d199ce1d90ed9_3.jpg,train,FAKE_10,blur,40.03188981571906,81,27
202602052213_mp4-0184_jpg.rf.b8b82196cf99e4ebf34d199ce1d90ed9_4.jpg,train,REAL_8,terlalu_kecil,47.611645659042004,85,23
202602052213_mp4-0184_jpg.rf.b8b82196cf99e4ebf34d199ce1d90ed9_5.jpg,train,REAL_7,terlalu_kecil,28.39014319947739,76,21
202602052213_mp4-0189_jpg.rf.af60eb9065ad8497d8cbd6f42d396f2f_0.jpg,train,REAL_12,blur,39.981504095563785,131,59
202602052213_mp4-0189_jpg.rf.af60eb9065ad8497d8cbd6f42d396f2f_1.jpg,train,REAL_12,blur,17.422717677876012,130,59
202602052213_mp4-0190_jpg.rf.d8b2ea3d22da1f548ff91078caadee10_0.jpg,train,REAL_14,blur,32.31143799686335,55,41
202602052213_mp4-0190_jpg.rf.d8b2ea3d22da1f548ff91078caadee10_1.jpg,train,REAL_12,blur,24.012320723092724,138,61
202602052213_mp4-0190_jpg.rf.d8b2ea3d22da1f548ff91078caadee10_2.jpg,train,REAL_12,blur,19.54502839885184,138,61
202602052213_mp4-0195_jpg.rf.d51099ca4ea93f9f58b838fdae9639cb_1.jpg,train,REAL_15,blur,14.76256816165854,131,30
202602052213_mp4-0195_jpg.rf.d51099ca4ea93f9f58b838fdae9639cb_2.jpg,train,REAL_12,blur,16.54772323922857,159,64
202602052213_mp4-0195_jpg.rf.d51099ca4ea93f9f58b838fdae9639cb_3.jpg,train,REAL_12,blur,16.438713923855243,159,64
202602052213_mp4-0197_jpg.rf.5ac14336c673f6afbf3ccf4b3623caae_3.jpg,train,FAKE_15,terlalu_kecil,55.77332561728395,75,24
202602052213_mp4-0199_jpg.rf.14b5dfb945c8ff8b7c83f0b3c739ba40_0.jpg,train,REAL_12,blur,14.301288959579225,193,69
202602052213_mp4-0199_jpg.rf.14b5dfb945c8ff8b7c83f0b3c739ba40_3.jpg,train,FAKE_15,blur,47.497344622760714,97,30
202602052213_mp4-0202_jpg.rf.f56233f4a8a20c875254b7977044d58d_1.jpg,train,REAL_12,blur,21.263257662692215,183,71
202602052213_mp4-0202_jpg.rf.f56233f4a8a20c875254b7977044d58d_4.jpg,train,REAL_12,blur,38.45327409794615,168,72
202602052213_mp4-0204_jpg.rf.70fabffcd49e02847c380f54723695ca_3.jpg,train,REAL_12,blur,22.99427211527333,138,70
202602052213_mp4-0204_jpg.rf.70fabffcd49e02847c380f54723695ca_4.jpg,train,REAL_12,blur,24.467358663773634,122,69
202602052213_mp4-0207_jpg.rf.6175fb426352527503dac14e66ea01b5_1.jpg,train,FAKE_15,blur,44.62408252753562,114,43
202602052213_mp4-0207_jpg.rf.6175fb426352527503dac14e66ea01b5_3.jpg,train,FAKE_4,blur,25.438086273231146,129,36
202602052213_mp4-0208_jpg.rf.1c605c646a1db3e4e1b2e2c1cde7e600_0.jpg,train,FAKE_15,blur,20.200551303155006,100,54
202602052213_mp4-0208_jpg.rf.1c605c646a1db3e4e1b2e2c1cde7e600_1.jpg,train,REAL_12,blur,14.99132831789962,133,89
202602052213_mp4-0208_jpg.rf.1c605c646a1db3e4e1b2e2c1cde7e600_2.jpg,train,REAL_12,blur,19.952476234375,125,64
202602052213_mp4-0211_jpg.rf.65ead2d3143050b0589a8e3d195b4cc3_0.jpg,train,REAL_12,blur,18.77802404683737,155,69
202602052213_mp4-0211_jpg.rf.65ead2d3143050b0589a8e3d195b4cc3_1.jpg,train,REAL_12,blur,45.53396564013417,149,63
202602052213_mp4-0212_jpg.rf.077a34159fc2da7a54aebb8e05b38bb3_0.jpg,train,REAL_12,blur,17.963669967123113,150,59
202602052213_mp4-0212_jpg.rf.077a34159fc2da7a54aebb8e05b38bb3_1.jpg,train,REAL_12,blur,44.087124525568306,138,58
202602052213_mp4-0213_jpg.rf.f50acb9f8416d7b29b62fee19492fc8b_0.jpg,train,REAL_12,blur,42.829196688651294,154,62
202602052213_mp4-0213_jpg.rf.f50acb9f8416d7b29b62fee19492fc8b_3.jpg,train,REAL_12,blur,37.92698832282266,138,55
202602052213_mp4-0216_jpg.rf.2575b0266b50e8247cae1170ab3b460f_0.jpg,train,REAL_12,blur,20.10880926503846,147,59
202602052213_mp4-0216_jpg.rf.2575b0266b50e8247cae1170ab3b460f_1.jpg,train,REAL_12,blur,32.11126506661807,144,61
202602052213_mp4-0216_jpg.rf.2575b0266b50e8247cae1170ab3b460f_2.jpg,train,REAL_1,blur,33.74806891497194,139,45
202602052213_mp4-0216_jpg.rf.2575b0266b50e8247cae1170ab3b460f_3.jpg,train,REAL_9,blur,32.886727236747525,134,42
202602052213_mp4-0217_jpg.rf.1a8b07d0702c7ed68784aa49e77cdd84_1.jpg,train,REAL_1,blur,27.296097328273753,148,51
202602052213_mp4-0217_jpg.rf.1a8b07d0702c7ed68784aa49e77cdd84_2.jpg,train,REAL_12,blur,39.92497989698756,142,56
202602052213_mp4-0218_jpg.rf.f2bb3fded748947ea14e5d10f7e8a73a_0.jpg,train,REAL_12,blur,38.86031560736361,144,61
202602052213_mp4-0218_jpg.rf.f2bb3fded748947ea14e5d10f7e8a73a_1.jpg,train,REAL_12,blur,40.51205535002229,141,58
202602052213_mp4-0218_jpg.rf.f2bb3fded748947ea14e5d10f7e8a73a_2.jpg,train,REAL_1,blur,42.43728941527347,141,51
202602052213_mp4-0220_jpg.rf.198cae6241072344c0bfca64900608c9_0.jpg,train,REAL_12,blur,36.323906777039,140,58
202602052213_mp4-0220_jpg.rf.198cae6241072344c0bfca64900608c9_1.jpg,train,REAL_9,blur,26.677260215065083,163,46
202602052213_mp4-0220_jpg.rf.198cae6241072344c0bfca64900608c9_2.jpg,train,REAL_7,blur,26.909242345040898,97,28
202602052213_mp4-0222_jpg.rf.2fe612c21e3ba859c78108a794580970_0.jpg,train,REAL_9,blur,39.31797019274526,145,36
202602052213_mp4-0222_jpg.rf.2fe612c21e3ba859c78108a794580970_2.jpg,train,REAL_14,terlalu_kecil,103.97655266746794,41,21
202602052213_mp4-0222_jpg.rf.2fe612c21e3ba859c78108a794580970_3.jpg,train,REAL_7,blur,39.56619231140101,81,35
202602052213_mp4-0222_jpg.rf.2fe612c21e3ba859c78108a794580970_4.jpg,train,REAL_12,blur,31.339811655978565,149,44
202602052213_mp4-0232_jpg.rf.c212b45ca114b25abd2672fe9b7aae7f_1.jpg,train,REAL_8,blur,49.38967041587414,82,29
202602052213_mp4-0232_jpg.rf.c212b45ca114b25abd2672fe9b7aae7f_3.jpg,train,REAL_6,blur,26.21839780466839,71,30
202602052213_mp4-0233_jpg.rf.db5e133f495ecaa42028e0c12eca7480_3.jpg,train,REAL_5,terlalu_kecil,4089.107234583598,65,22
202602052213_mp4-0238_jpg.rf.e940190aa8179eeb62605fc34ee21a95_1.jpg,train,REAL_8,blur,49.20118645327194,114,31
202602052213_mp4-0241_jpg.rf.972bdf53f0843a26fa444258860bd429_0.jpg,train,REAL_8,blur,34.665939059294146,112,41
202602052213_mp4-0241_jpg.rf.972bdf53f0843a26fa444258860bd429_1.jpg,train,REAL_8,blur,30.813880662297027,113,42
202602052213_mp4-0242_jpg.rf.51fb28a14534e5c9c1054c852a416456_0.jpg,train,REAL_8,blur,17.81921605427292,120,47
202602052213_mp4-0242_jpg.rf.51fb28a14534e5c9c1054c852a416456_1.jpg,train,REAL_8,blur,22.628549216829438,116,47
202602052213_mp4-0244_jpg.rf.dd7ff309069629334d7e98602e323d91_0.jpg,train,REAL_8,blur,16.089651929693776,126,49
202602052213_mp4-0244_jpg.rf.dd7ff309069629334d7e98602e323d91_1.jpg,train,REAL_8,blur,10.229111332317338,126,49
202602052213_mp4-0246_jpg.rf.080bfc33b3946bf018b13c242b1afae8_3.jpg,train,REAL_7,terlalu_kecil,88.54054582016661,118,15
202602052213_mp4-0247_jpg.rf.58fb892be9615be7bc0181f761b858ac_0.jpg,train,REAL_8,blur,32.84752877404025,134,45
202602052213_mp4-0247_jpg.rf.58fb892be9615be7bc0181f761b858ac_3.jpg,train,REAL_7,blur,35.213315527343745,128,25
202602052213_mp4-0249_jpg.rf.3dba4e22e92938e80186099d5000d692_2.jpg,train,REAL_8,blur,33.123956347813646,136,41
202602052213_mp4-0249_jpg.rf.3dba4e22e92938e80186099d5000d692_3.jpg,train,REAL_7,blur,32.14014550784663,132,34
202602052213_mp4-0252_jpg.rf.158c41b3dc2493806ff66ca332772434_0.jpg,train,REAL_14,blur,42.57861611593582,102,41
202602052213_mp4-0252_jpg.rf.158c41b3dc2493806ff66ca332772434_1.jpg,train,REAL_8,blur,47.2211388277802,141,41
202602052213_mp4-0252_jpg.rf.158c41b3dc2493806ff66ca332772434_2.jpg,train,REAL_7,blur,47.62349539116097,131,33
202602052213_mp4-0252_jpg.rf.158c41b3dc2493806ff66ca332772434_3.jpg,train,REAL_8,blur,39.317601584060625,134,39
202602052213_mp4-0255_jpg.rf.00c22130b79dc5633a5355b0f008f28b_0.jpg,train,REAL_8,blur,38.994437528587895,142,44
202602052213_mp4-0255_jpg.rf.00c22130b79dc5633a5355b0f008f28b_1.jpg,train,REAL_14,blur,32.25688559642543,101,36
202602052213_mp4-0255_jpg.rf.00c22130b79dc5633a5355b0f008f28b_2.jpg,train,REAL_8,blur,28.173030475124055,137,44
202602052213_mp4-0255_jpg.rf.00c22130b79dc5633a5355b0f008f28b_3.jpg,train,REAL_7,blur,25.556998123968604,135,27
202602052213_mp4-0257_jpg.rf.20d410134f926737d7431be44d828e42_0.jpg,train,REAL_8,blur,18.501811254006245,157,50
202602052213_mp4-0257_jpg.rf.20d410134f926737d7431be44d828e42_1.jpg,train,REAL_8,blur,48.68416999172794,155,53
202602052213_mp4-0257_jpg.rf.20d410134f926737d7431be44d828e42_2.jpg,train,REAL_14,blur,35.89465030271244,113,33
202602052213_mp4-0258_jpg.rf.0b3e2ed6213d25ae8ebe7dddcc54b045_2.jpg,train,REAL_14,terlalu_kecil,77.98063890261987,119,20
202602052213_mp4-0260_jpg.rf.2abe47b224575b4418d5905532f92ab1_0.jpg,train,REAL_8,blur,15.613857348128061,165,59
202602052213_mp4-0261_jpg.rf.5d63718e497501180c964b74494914b5_0.jpg,train,REAL_7,blur,20.570208909840254,171,48
202602052213_mp4-0262_jpg.rf.770a090b2b961ab5887f921a19eed802_0.jpg,train,REAL_8,blur,29.911876196288176,174,63
202602052213_mp4-0265_jpg.rf.d88bca9543ec227f7a66218d0a01a821_0.jpg,train,REAL_8,blur,20.098798197656542,167,62
202602052213_mp4-0265_jpg.rf.d88bca9543ec227f7a66218d0a01a821_1.jpg,train,REAL_8,blur,21.435372220647523,160,63
202602052213_mp4-0267_jpg.rf.e5ed0956daeb29e2729510e78d2b6cb7_3.jpg,train,REAL_15,terlalu_kecil,93.22662760416667,120,20
202602052213_mp4-0268_jpg.rf.713464aded20665c6e8a76d0f3363ba0_0.jpg,train,REAL_8,blur,25.320605563176343,150,54
202602052213_mp4-0268_jpg.rf.713464aded20665c6e8a76d0f3363ba0_1.jpg,train,REAL_8,blur,21.886672733656802,149,53
202602052213_mp4-0269_jpg.rf.e773716d2d19f64945b450046adf3f23_0.jpg,train,REAL_8,blur,11.8791073246108,147,52
202602052213_mp4-0269_jpg.rf.e773716d2d19f64945b450046adf3f23_1.jpg,train,REAL_8,blur,10.074179987898317,145,52
202602052213_mp4-0269_jpg.rf.e773716d2d19f64945b450046adf3f23_2.jpg,train,REAL_15,blur,16.50758222293929,122,34
202602052213_mp4-0272_jpg.rf.9098169b35771fa96ca3ae12a84f9b99_0.jpg,train,REAL_8,blur,16.17579810256274,143,48
202602052213_mp4-0272_jpg.rf.9098169b35771fa96ca3ae12a84f9b99_2.jpg,train,REAL_8,blur,11.023156673479008,143,48
202602052213_mp4-0272_jpg.rf.9098169b35771fa96ca3ae12a84f9b99_3.jpg,train,REAL_11,blur,38.350197351741016,89,44
202602052213_mp4-0272_jpg.rf.9098169b35771fa96ca3ae12a84f9b99_4.jpg,train,REAL_15,blur,13.809999856519742,128,33
202602052213_mp4-0272_jpg.rf.9098169b35771fa96ca3ae12a84f9b99_5.jpg,train,REAL_3,blur,33.162796188541314,93,28
202602052213_mp4-0272_jpg.rf.9098169b35771fa96ca3ae12a84f9b99_6.jpg,train,FAKE_4,blur,26.786137426599787,109,36
202602052213_mp4-0275_jpg.rf.489fa5254259f6bc91bde89ed5e8ba0f_0.jpg,train,REAL_8,blur,12.7456813706492,166,64
202602052213_mp4-0279_jpg.rf.3376f593722a8cf1055a7fce9d528a3a_0.jpg,train,REAL_8,blur,11.92347072812987,210,73
202602052213_mp4-0279_jpg.rf.3376f593722a8cf1055a7fce9d528a3a_1.jpg,train,REAL_8,blur,14.098052572800103,177,78
202602052213_mp4-0280_jpg.rf.a3c0a38e30cebd47da218de3131cc899_0.jpg,train,REAL_8,blur,17.60645784441825,191,75
202602052213_mp4-0280_jpg.rf.a3c0a38e30cebd47da218de3131cc899_1.jpg,train,REAL_8,blur,9.503981138075828,199,74
202602052213_mp4-0282_jpg.rf.63f3849733ee9fd24814e3896eb5f7ac_0.jpg,train,REAL_8,blur,21.450536919861044,193,73
202602052213_mp4-0283_jpg.rf.0e528548b323b0b91a9a1f104fe72cdf_0.jpg,train,REAL_8,blur,8.915051417792233,202,79
202602052213_mp4-0283_jpg.rf.0e528548b323b0b91a9a1f104fe72cdf_1.jpg,train,REAL_8,blur,22.391902480499347,156,90
202602052213_mp4-0284_jpg.rf.9247090266de2332e7f0b98abdfeebfb_0.jpg,train,REAL_8,blur,21.684609817228484,181,75
202602052213_mp4-0284_jpg.rf.9247090266de2332e7f0b98abdfeebfb_2.jpg,train,REAL_8,blur,20.860043165008406,191,59
202602052213_mp4-0285_jpg.rf.fc51bd0d6a5ed77b7170f1255839a9a5_0.jpg,train,REAL_8,blur,11.652453592361857,214,77
202602052213_mp4-0285_jpg.rf.fc51bd0d6a5ed77b7170f1255839a9a5_1.jpg,train,REAL_8,blur,37.11196589865893,170,77
202602052213_mp4-0286_jpg.rf.0b868b44cc4caba6b8891a3ac36dfdc9_0.jpg,train,REAL_8,blur,8.84708794367284,192,75
202602052213_mp4-0287_jpg.rf.e266996b6d2741826f1701be0082b221_0.jpg,train,REAL_8,blur,17.095904716883737,198,65
202602052213_mp4-0287_jpg.rf.e266996b6d2741826f1701be0082b221_1.jpg,train,REAL_8,blur,34.022538598969,170,70
202602052213_mp4-0287_jpg.rf.e266996b6d2741826f1701be0082b221_2.jpg,train,REAL_14,terlalu_kecil,63.51298928257091,132,17
202602052213_mp4-0289_jpg.rf.8ba5a0d6e8b6fa34703a4781178ee6db_1.jpg,train,REAL_6,terlalu_kecil,188.7904649463091,63,22
202602052213_mp4-0289_jpg.rf.8ba5a0d6e8b6fa34703a4781178ee6db_3.jpg,train,REAL_7,terlalu_kecil,294.2817506729388,62,22
202602052213_mp4-0289_jpg.rf.8ba5a0d6e8b6fa34703a4781178ee6db_6.jpg,train,REAL_5,terlalu_kecil,257.24489335346766,64,23
202602052213_mp4-0289_jpg.rf.8ba5a0d6e8b6fa34703a4781178ee6db_8.jpg,train,REAL_4,terlalu_kecil,598.8661370802229,69,23
202602052213_mp4-0289_jpg.rf.8ba5a0d6e8b6fa34703a4781178ee6db_11.jpg,train,FAKE_13,terlalu_kecil,182.77422752230726,58,19
202602052213_mp4-0292_jpg.rf.480500fb9e4c6cf74359a6ddbf070e58_3.jpg,train,REAL_6,terlalu_kecil,86.18000825186081,64,23
202602052213_mp4-0292_jpg.rf.480500fb9e4c6cf74359a6ddbf070e58_5.jpg,train,REAL_5,terlalu_kecil,141.7967118196489,65,22
202602052213_mp4-0292_jpg.rf.480500fb9e4c6cf74359a6ddbf070e58_7.jpg,train,REAL_7,terlalu_kecil,54.89672759259806,64,23
202602052213_mp4-0292_jpg.rf.480500fb9e4c6cf74359a6ddbf070e58_9.jpg,train,REAL_9,terlalu_kecil,101.89875848769795,57,14
202602052213_mp4-0292_jpg.rf.480500fb9e4c6cf74359a6ddbf070e58_10.jpg,train,REAL_4,terlalu_kecil,207.5223895359987,71,19
202602052213_mp4-0292_jpg.rf.480500fb9e4c6cf74359a6ddbf070e58_11.jpg,train,REAL_11,terlalu_kecil,122.55725056689343,60,21
202602052213_mp4-0293_jpg.rf.c51eed9ffcca75bf8c70a55682832ac1_2.jpg,train,REAL_7,terlalu_kecil,217.7080511474609,64,20
202602052213_mp4-0293_jpg.rf.c51eed9ffcca75bf8c70a55682832ac1_3.jpg,train,REAL_6,terlalu_kecil,330.1501604112421,49,21
202602052213_mp4-0293_jpg.rf.c51eed9ffcca75bf8c70a55682832ac1_5.jpg,train,REAL_4,terlalu_kecil,479.2631204465711,69,23
202602052213_mp4-0293_jpg.rf.c51eed9ffcca75bf8c70a55682832ac1_6.jpg,train,REAL_5,terlalu_kecil,283.07764821614916,68,21
202602052213_mp4-0293_jpg.rf.c51eed9ffcca75bf8c70a55682832ac1_8.jpg,train,FAKE_4,terlalu_kecil,150.10264046230782,74,13
202602052213_mp4-0293_jpg.rf.c51eed9ffcca75bf8c70a55682832ac1_9.jpg,train,REAL_11,terlalu_kecil,378.6831828361275,52,24
202602052213_mp4-0293_jpg.rf.c51eed9ffcca75bf8c70a55682832ac1_10.jpg,train,REAL_9,terlalu_kecil,169.12658172635443,55,12
202602052213_mp4-0297_jpg.rf.cca1b226b56105640294743c0aec492d_3.jpg,train,REAL_6,terlalu_kecil,194.88663326323444,58,22
202602052213_mp4-0297_jpg.rf.cca1b226b56105640294743c0aec492d_5.jpg,train,REAL_5,terlalu_kecil,190.70750716815652,77,20
202602052213_mp4-0297_jpg.rf.cca1b226b56105640294743c0aec492d_6.jpg,train,REAL_4,terlalu_kecil,121.21667610847872,94,23
202602052213_mp4-0297_jpg.rf.cca1b226b56105640294743c0aec492d_7.jpg,train,REAL_7,terlalu_kecil,53.03304811138387,82,23
202602052213_mp4-0300_jpg.rf.56f814eec6e8d681e4cf6f2b2761e3a9_1.jpg,train,REAL_4,terlalu_kecil,286.9112748628258,90,24
202602052213_mp4-0300_jpg.rf.56f814eec6e8d681e4cf6f2b2761e3a9_6.jpg,train,REAL_6,terlalu_kecil,52.67604110329908,86,23
202602052213_mp4-0300_jpg.rf.56f814eec6e8d681e4cf6f2b2761e3a9_7.jpg,train,REAL_7,terlalu_kecil,132.3024899558405,83,22
202602052213_mp4-0302_jpg.rf.f9cab536e0b3d01e6d0e215cf4d4bd7d_0.jpg,train,REAL_14,blur,44.69014974625928,54,39
202602052213_mp4-0302_jpg.rf.f9cab536e0b3d01e6d0e215cf4d4bd7d_1.jpg,train,REAL_5,blur,40.93387440169202,89,36
202602052213_mp4-0302_jpg.rf.f9cab536e0b3d01e6d0e215cf4d4bd7d_2.jpg,train,REAL_1,blur,34.803364077930645,95,38
202602052213_mp4-0302_jpg.rf.f9cab536e0b3d01e6d0e215cf4d4bd7d_3.jpg,train,REAL_1,blur,44.135048380537285,95,38
202602052213_mp4-0302_jpg.rf.f9cab536e0b3d01e6d0e215cf4d4bd7d_4.jpg,train,REAL_7,blur,22.435802736466393,82,25
202602052213_mp4-0302_jpg.rf.f9cab536e0b3d01e6d0e215cf4d4bd7d_5.jpg,train,REAL_11,blur,26.210232153628183,89,30
202602052213_mp4-0302_jpg.rf.f9cab536e0b3d01e6d0e215cf4d4bd7d_6.jpg,train,REAL_6,blur,24.73589087194279,86,30
202602052213_mp4-0303_jpg.rf.3984b2ae335b4ad748e50349b815f600_1.jpg,train,REAL_6,blur,27.13648368115986,87,34
202602052213_mp4-0303_jpg.rf.3984b2ae335b4ad748e50349b815f600_5.jpg,train,REAL_1,blur,44.962674127503476,96,41
202602052213_mp4-0303_jpg.rf.3984b2ae335b4ad748e50349b815f600_6.jpg,train,REAL_4,terlalu_kecil,61.233343406233026,88,21
202602052213_mp4-0303_jpg.rf.3984b2ae335b4ad748e50349b815f600_7.jpg,train,REAL_7,terlalu_kecil,105.84513502370646,77,18
202602052213_mp4-0304_jpg.rf.31e59ac3e61110d99333f8880b857118_2.jpg,train,FAKE_9,terlalu_kecil,137.0081836163193,77,22
202602052213_mp4-0304_jpg.rf.31e59ac3e61110d99333f8880b857118_4.jpg,train,REAL_7,terlalu_kecil,137.0081836163193,77,22
202602052213_mp4-0304_jpg.rf.31e59ac3e61110d99333f8880b857118_6.jpg,train,REAL_4,terlalu_kecil,254.59887823740917,101,23
202602052213_mp4-0305_jpg.rf.055a39841be6b7848b2255de33c0d47b_5.jpg,train,REAL_7,terlalu_kecil,75.86357015314834,77,22
202602052213_mp4-0305_jpg.rf.055a39841be6b7848b2255de33c0d47b_6.jpg,train,REAL_11,terlalu_kecil,57.84568148305321,84,23
202602052213_mp4-0305_jpg.rf.055a39841be6b7848b2255de33c0d47b_7.jpg,train,REAL_4,terlalu_kecil,204.01785855984537,96,19
202602052213_mp4-0308_jpg.rf.3f148aeb60864ad4ae6bc6d341dd5f6d_2.jpg,train,REAL_7,terlalu_kecil,51.62289214032722,77,20
202602052213_mp4-0308_jpg.rf.3f148aeb60864ad4ae6bc6d341dd5f6d_3.jpg,train,REAL_1,blur,35.70203986904368,96,42
202602052213_mp4-0308_jpg.rf.3f148aeb60864ad4ae6bc6d341dd5f6d_4.jpg,train,REAL_5,blur,24.987527596579213,103,42
202602052213_mp4-0308_jpg.rf.3f148aeb60864ad4ae6bc6d341dd5f6d_5.jpg,train,REAL_3,blur,25.8125484375,96,25
202602052213_mp4-0310_jpg.rf.cc9fd87e49946144457b907a5e5260bd_1.jpg,train,REAL_14,blur,41.37247735453503,53,30
202602052213_mp4-0310_jpg.rf.cc9fd87e49946144457b907a5e5260bd_2.jpg,train,FAKE_9,terlalu_kecil,70.4560792857902,97,20
202602052213_mp4-0310_jpg.rf.cc9fd87e49946144457b907a5e5260bd_3.jpg,train,REAL_3,terlalu_kecil,126.97961545478361,97,21
202602052213_mp4-0310_jpg.rf.cc9fd87e49946144457b907a5e5260bd_4.jpg,train,REAL_7,terlalu_kecil,78.57529786501378,88,15
202602052213_mp4-0310_jpg.rf.cc9fd87e49946144457b907a5e5260bd_5.jpg,train,REAL_7,terlalu_kecil,88.05239940576159,79,18
202602052213_mp4-0313_jpg.rf.f42b7b5cf3421adb7e3d0c22cca42ded_2.jpg,train,REAL_5,blur,30.09514423886554,110,51
202602052213_mp4-0313_jpg.rf.f42b7b5cf3421adb7e3d0c22cca42ded_3.jpg,train,REAL_1,blur,37.48066299614389,98,42
202602052213_mp4-0313_jpg.rf.f42b7b5cf3421adb7e3d0c22cca42ded_4.jpg,train,FAKE_9,terlalu_kecil,97.4947912557528,78,20
202602052213_mp4-0313_jpg.rf.f42b7b5cf3421adb7e3d0c22cca42ded_5.jpg,train,REAL_6,terlalu_kecil,56.16413349637376,77,20
202602052213_mp4-0314_jpg.rf.ee59181c2a3565ea5b741d94562cf674_3.jpg,train,REAL_7,terlalu_kecil,181.21817123431012,82,19
202602052213_mp4-0314_jpg.rf.ee59181c2a3565ea5b741d94562cf674_4.jpg,train,REAL_6,terlalu_kecil,96.93110785214823,96,17
202602052213_mp4-0314_jpg.rf.ee59181c2a3565ea5b741d94562cf674_6.jpg,train,REAL_3,terlalu_kecil,251.61610791594842,99,19
202602052213_mp4-0315_jpg.rf.ee4880b76964400c6b61e043a91109fa_2.jpg,train,REAL_7,terlalu_kecil,64.17860492393018,82,23
202602052213_mp4-0315_jpg.rf.ee4880b76964400c6b61e043a91109fa_5.jpg,train,REAL_7,terlalu_kecil,44.702770280748304,94,17
202602052213_mp4-0321_jpg.rf.fc32873d6ccf95367bfad520e6ff57a5_0.jpg,train,REAL_1,blur,25.16740772791947,124,56
202602052213_mp4-0321_jpg.rf.fc32873d6ccf95367bfad520e6ff57a5_1.jpg,train,REAL_1,blur,27.723826181689287,73,60
202602052213_mp4-0323_jpg.rf.a7dfd9838105e5bf7ae098c44019f6b6_0.jpg,train,REAL_1,blur,14.987873463673127,132,63
202602052213_mp4-0328_jpg.rf.083e700a8e980ac0a0018a9d947398fe_0.jpg,train,REAL_1,blur,13.783315354256786,124,66
202602052213_mp4-0329_jpg.rf.face7d541de19d9f16a513d61884ff16_0.jpg,train,REAL_1,blur,37.38678730581055,127,54
202602052213_mp4-0329_jpg.rf.face7d541de19d9f16a513d61884ff16_1.jpg,train,REAL_1,blur,37.38678730581055,127,54
202602052213_mp4-0331_jpg.rf.87ce6968fc494c55507bd27d55852a78_0.jpg,train,REAL_1,blur,22.864880521262002,135,60
202602052213_mp4-0331_jpg.rf.87ce6968fc494c55507bd27d55852a78_1.jpg,train,REAL_1,blur,29.320200028234332,136,60
202602052213_mp4-0331_jpg.rf.87ce6968fc494c55507bd27d55852a78_2.jpg,train,REAL_7,blur,27.75667812209084,106,31
202602052213_mp4-0334_jpg.rf.3749410d978de94a4868996c3aa64024_0.jpg,train,REAL_14,blur,38.68547575098673,73,38
202602052213_mp4-0334_jpg.rf.3749410d978de94a4868996c3aa64024_1.jpg,train,REAL_1,blur,38.143532942375835,123,56
202602052213_mp4-0334_jpg.rf.3749410d978de94a4868996c3aa64024_2.jpg,train,REAL_7,blur,39.050770975056686,108,35
202602052213_mp4-0334_jpg.rf.3749410d978de94a4868996c3aa64024_3.jpg,train,REAL_9,blur,28.286342975206612,88,25
202602052213_mp4-0335_jpg.rf.ffbb124de414e57a8f98b476fb09436d_1.jpg,train,REAL_7,blur,23.515380350465858,133,38
202602052213_mp4-0335_jpg.rf.ffbb124de414e57a8f98b476fb09436d_3.jpg,train,REAL_14,blur,47.4037062349375,79,28
202602052213_mp4-0335_jpg.rf.ffbb124de414e57a8f98b476fb09436d_4.jpg,train,REAL_4,blur,22.2860745939192,100,49
202602052213_mp4-0336_jpg.rf.f01f65ca7f28ebbc93c02e031de6cf16_0.jpg,train,REAL_14,blur,18.590459630036154,80,44
202602052213_mp4-0336_jpg.rf.f01f65ca7f28ebbc93c02e031de6cf16_1.jpg,train,FAKE_14,blur,11.809549553009226,79,44
202602052213_mp4-0341_jpg.rf.c125fc7ec0edcfb54cb1408df41ab6c4_1.jpg,train,REAL_7,blur,36.87146244247206,117,40
202602052213_mp4-0341_jpg.rf.c125fc7ec0edcfb54cb1408df41ab6c4_4.jpg,train,REAL_1,blur,43.67980482340248,116,54
202602052213_mp4-0341_jpg.rf.c125fc7ec0edcfb54cb1408df41ab6c4_6.jpg,train,REAL_5,terlalu_kecil,104.58228103339634,105,23
202602052213_mp4-0344_jpg.rf.2647a174d446bfeda7a9c6d265cd8be6_1.jpg,train,REAL_1,blur,15.549965432952114,138,57
202602052213_mp4-0350_jpg.rf.6cc1b126f4aa2a90afa77ccbdfc55b4f_0.jpg,train,REAL_1,blur,11.498217929045003,161,70
202602052213_mp4-0350_jpg.rf.6cc1b126f4aa2a90afa77ccbdfc55b4f_1.jpg,train,REAL_1,blur,21.276421424994325,162,70
202602052213_mp4-0350_jpg.rf.6cc1b126f4aa2a90afa77ccbdfc55b4f_2.jpg,train,REAL_4,blur,24.956274980236916,132,58
202602052213_mp4-0350_jpg.rf.6cc1b126f4aa2a90afa77ccbdfc55b4f_3.jpg,train,REAL_12,blur,15.914933471545964,158,35
202602052213_mp4-0351_jpg.rf.bc49fd5ba5e0c6f0975e2b49564bebc3_0.jpg,train,REAL_1,blur,46.17252504897422,182,60
202602052213_mp4-0353_jpg.rf.b0f844386a4822f5b6c3f289c3ccf73c_0.jpg,train,REAL_7,blur,23.60177763501567,192,58
202602052213_mp4-0353_jpg.rf.b0f844386a4822f5b6c3f289c3ccf73c_1.jpg,train,REAL_1,blur,11.785507756966904,209,86
202602052213_mp4-0353_jpg.rf.b0f844386a4822f5b6c3f289c3ccf73c_2.jpg,train,REAL_4,blur,12.283966550796386,147,81
202602052213_mp4-0354_jpg.rf.461c7a0be2ea774306699296038f48d3_0.jpg,train,REAL_4,blur,18.097488064445454,140,79
202602052213_mp4-0354_jpg.rf.461c7a0be2ea774306699296038f48d3_1.jpg,train,REAL_1,blur,22.50577863369951,198,90
202602052213_mp4-0354_jpg.rf.461c7a0be2ea774306699296038f48d3_2.jpg,train,REAL_7,blur,9.130417468885597,178,59
202602052213_mp4-0355_jpg.rf.c352d164f0be9bf2dfcff0f001c6d367_0.jpg,train,REAL_1,blur,18.189012833337006,205,90
202602052213_mp4-0355_jpg.rf.c352d164f0be9bf2dfcff0f001c6d367_1.jpg,train,REAL_4,blur,17.587393736460236,138,88
202602052213_mp4-0355_jpg.rf.c352d164f0be9bf2dfcff0f001c6d367_3.jpg,train,REAL_7,blur,10.412739311090997,179,75
202602052213_mp4-0356_jpg.rf.ccc610da9c91b82e51810ca03a8aff3b_0.jpg,train,REAL_4,blur,23.648541046121792,151,81
202602052213_mp4-0356_jpg.rf.ccc610da9c91b82e51810ca03a8aff3b_2.jpg,train,REAL_7,blur,16.095273885428682,170,75
202602052213_mp4-0357_jpg.rf.2c899dbf88887c91f66ccb7ec1194e0d_0.jpg,train,REAL_4,blur,31.943069552201045,154,80
202602052213_mp4-0357_jpg.rf.2c899dbf88887c91f66ccb7ec1194e0d_1.jpg,train,REAL_1,blur,29.305545677227006,206,97
202602052213_mp4-0357_jpg.rf.2c899dbf88887c91f66ccb7ec1194e0d_2.jpg,train,REAL_7,blur,17.26737223051812,158,72
202602052213_mp4-0360_jpg.rf.2132ee26c571134cc2c4677b27627616_1.jpg,train,REAL_1,blur,30.295816272931194,198,89
202602052213_mp4-0360_jpg.rf.2132ee26c571134cc2c4677b27627616_2.jpg,train,REAL_14,blur,30.927111755703372,98,65
202602052213_mp4-0360_jpg.rf.2132ee26c571134cc2c4677b27627616_3.jpg,train,REAL_7,blur,31.206339495772383,154,51
202602052213_mp4-0361_jpg.rf.24df8e655204cc289bca276f713c2b6c_0.jpg,train,REAL_7,blur,43.85884189153956,152,52
202602052213_mp4-0362_jpg.rf.0b4a422645eaf168d0570f7eab7318f0_0.jpg,train,REAL_1,blur,46.99777448265276,188,85
202602052213_mp4-0362_jpg.rf.0b4a422645eaf168d0570f7eab7318f0_2.jpg,train,REAL_7,blur,32.28078484864867,146,38
202602052213_mp4-0363_jpg.rf.0738550c6b184c7fce01d3929a3da9d8_0.jpg,train,REAL_7,blur,22.311531990849833,146,34
202602052213_mp4-0363_jpg.rf.0738550c6b184c7fce01d3929a3da9d8_1.jpg,train,REAL_14,blur,26.017596437901418,63,63
202602052213_mp4-0363_jpg.rf.0738550c6b184c7fce01d3929a3da9d8_2.jpg,train,REAL_1,blur,12.390717078327253,209,84
202602052213_mp4-0364_jpg.rf.3ee7768f4a51bd49e3e60b5103ba1894_0.jpg,train,REAL_1,blur,16.272382864792505,180,83
202602052213_mp4-0364_jpg.rf.3ee7768f4a51bd49e3e60b5103ba1894_1.jpg,train,REAL_7,blur,44.78675138912786,149,38
202602052213_mp4-0364_jpg.rf.3ee7768f4a51bd49e3e60b5103ba1894_3.jpg,train,REAL_3,blur,15.875000983631391,191,37
202602052213_mp4-0369_jpg.rf.4e63217a20a657dad978741efb8a6b9a_4.jpg,train,REAL_7,terlalu_kecil,94.05249799551795,122,22
202602052213_mp4-0371_jpg.rf.51a2aa8c871ea675dd4133163e8d112f_1.jpg,train,REAL_1,blur,49.0921772341199,164,60
202602052213_mp4-0371_jpg.rf.51a2aa8c871ea675dd4133163e8d112f_2.jpg,train,REAL_3,blur,26.09144193896793,164,43
202602052213_mp4-0371_jpg.rf.51a2aa8c871ea675dd4133163e8d112f_3.jpg,train,REAL_7,terlalu_kecil,97.9879576023039,113,23
202602052213_mp4-0373_jpg.rf.1422167d569cdca3e1f36ad054f74a63_0.jpg,train,REAL_3,blur,22.31927063853551,177,51
202602052213_mp4-0373_jpg.rf.1422167d569cdca3e1f36ad054f74a63_1.jpg,train,REAL_1,blur,32.71809616344701,164,62
202602052213_mp4-0373_jpg.rf.1422167d569cdca3e1f36ad054f74a63_2.jpg,train,REAL_1,blur,43.67363096920301,158,61
202602052213_mp4-0373_jpg.rf.1422167d569cdca3e1f36ad054f74a63_3.jpg,train,REAL_7,blur,21.977037034041164,126,29
202602052213_mp4-0373_jpg.rf.1422167d569cdca3e1f36ad054f74a63_4.jpg,train,REAL_7,blur,14.084610397282463,158,33
202602052213_mp4-0376_jpg.rf.fdad1812de8c829d6a1b1e68a92e5600_2.jpg,train,REAL_3,blur,43.68421020286714,201,54
202602052213_mp4-0376_jpg.rf.fdad1812de8c829d6a1b1e68a92e5600_3.jpg,train,REAL_7,blur,40.1978136324165,167,34
202602052213_mp4-0376_jpg.rf.fdad1812de8c829d6a1b1e68a92e5600_4.jpg,train,REAL_7,terlalu_kecil,129.39084722665447,142,23
202602052213_mp4-0377_jpg.rf.f81bf5362e74c48de7325390626521f8_3.jpg,train,REAL_14,terlalu_kecil,195.28467266195693,48,17
202602052213_mp4-0377_jpg.rf.f81bf5362e74c48de7325390626521f8_7.jpg,train,REAL_8,terlalu_kecil,62.05742408995156,65,21
202602052213_mp4-0383_jpg.rf.aaa82af6e6fd10fe6ed8f6defbfddc1c_0.jpg,train,REAL_5,blur,21.436741347000638,77,34
202602052213_mp4-0383_jpg.rf.aaa82af6e6fd10fe6ed8f6defbfddc1c_1.jpg,train,REAL_5,blur,40.12155815972223,75,32
202602052213_mp4-0383_jpg.rf.aaa82af6e6fd10fe6ed8f6defbfddc1c_2.jpg,train,FAKE_10,blur,31.809646921696473,74,36
202602052213_mp4-0383_jpg.rf.aaa82af6e6fd10fe6ed8f6defbfddc1c_4.jpg,train,REAL_9,blur,49.66250560354666,67,27
202602052213_mp4-0383_jpg.rf.aaa82af6e6fd10fe6ed8f6defbfddc1c_5.jpg,train,REAL_8,terlalu_kecil,22.468116462789087,66,23
202602052213_mp4-0383_jpg.rf.aaa82af6e6fd10fe6ed8f6defbfddc1c_6.jpg,train,REAL_14,terlalu_kecil,103.19139946831596,48,16
202602052213_mp4-0383_jpg.rf.aaa82af6e6fd10fe6ed8f6defbfddc1c_13.jpg,train,FAKE_8,blur,33.22434226988609,74,34
202602052213_mp4-0388_jpg.rf.4660b896fa8efd795309ee7a1d590153_0.jpg,train,FAKE_8,blur,27.11685362580407,84,35
202602052213_mp4-0388_jpg.rf.4660b896fa8efd795309ee7a1d590153_1.jpg,train,REAL_5,blur,43.85766995233468,84,35
202602052213_mp4-0388_jpg.rf.4660b896fa8efd795309ee7a1d590153_2.jpg,train,REAL_5,blur,32.409665175062194,83,34
202602052213_mp4-0388_jpg.rf.4660b896fa8efd795309ee7a1d590153_3.jpg,train,REAL_9,blur,35.79499565972222,75,32
202602052213_mp4-0388_jpg.rf.4660b896fa8efd795309ee7a1d590153_6.jpg,train,REAL_9,blur,35.79499565972222,75,32
202602052213_mp4-0390_jpg.rf.f1aaf8a97d798eaff1048393000ce813_1.jpg,train,REAL_14,terlalu_kecil,162.51444792010244,59,18
202602052213_mp4-0392_jpg.rf.40c34a992f34f241f319ce2ad1468d74_0.jpg,train,REAL_5,blur,35.83715574634139,97,49
202602052213_mp4-0392_jpg.rf.40c34a992f34f241f319ce2ad1468d74_1.jpg,train,FAKE_8,blur,13.548495852590518,99,44
202602052213_mp4-0392_jpg.rf.40c34a992f34f241f319ce2ad1468d74_2.jpg,train,REAL_5,blur,13.038044281960707,98,45
202602052213_mp4-0392_jpg.rf.40c34a992f34f241f319ce2ad1468d74_3.jpg,train,REAL_11,blur,12.951661817988166,98,49
202602052213_mp4-0392_jpg.rf.40c34a992f34f241f319ce2ad1468d74_4.jpg,train,REAL_9,blur,11.959457792350552,95,42
202602052213_mp4-0393_jpg.rf.64db6e50059fcef12b1ffcf876d769a3_1.jpg,train,REAL_11,blur,38.69566840767522,87,46
202602052213_mp4-0393_jpg.rf.64db6e50059fcef12b1ffcf876d769a3_2.jpg,train,REAL_5,blur,33.256078953731624,102,37
202602052213_mp4-0393_jpg.rf.64db6e50059fcef12b1ffcf876d769a3_3.jpg,train,REAL_9,blur,23.58277203661407,94,43
202602052213_mp4-0393_jpg.rf.64db6e50059fcef12b1ffcf876d769a3_5.jpg,train,FAKE_4,terlalu_kecil,103.94273219491878,98,20
202602052213_mp4-0394_jpg.rf.d25e5a2337bb34ba16d04d94972e19d0_0.jpg,train,REAL_5,blur,22.962808582333924,111,38
202602052213_mp4-0394_jpg.rf.d25e5a2337bb34ba16d04d94972e19d0_1.jpg,train,REAL_5,blur,27.42739444345808,116,41
202602052213_mp4-0394_jpg.rf.d25e5a2337bb34ba16d04d94972e19d0_3.jpg,train,REAL_14,terlalu_kecil,70.18844069120561,81,24
202602052213_mp4-0394_jpg.rf.d25e5a2337bb34ba16d04d94972e19d0_4.jpg,train,REAL_9,blur,46.83283194069264,69,49
202602052213_mp4-0397_jpg.rf.b4800751f831857e53a7970fe44b9db3_0.jpg,train,FAKE_15,blur,48.881891605085016,97,28
202602052213_mp4-0397_jpg.rf.b4800751f831857e53a7970fe44b9db3_1.jpg,train,REAL_5,blur,17.31501259504132,125,44
202602052213_mp4-0397_jpg.rf.b4800751f831857e53a7970fe44b9db3_3.jpg,train,REAL_5,blur,19.764504220308464,122,51
202602052213_mp4-0397_jpg.rf.b4800751f831857e53a7970fe44b9db3_4.jpg,train,FAKE_4,blur,36.67216566646767,103,30
202602052213_mp4-0398_jpg.rf.9c79240127717e2c633ab5814b560fb0_0.jpg,train,FAKE_15,blur,42.38808282600349,98,32
202602052213_mp4-0398_jpg.rf.9c79240127717e2c633ab5814b560fb0_1.jpg,train,FAKE_12,blur,33.75107071552293,78,33
202602052213_mp4-0398_jpg.rf.9c79240127717e2c633ab5814b560fb0_2.jpg,train,REAL_5,blur,29.359049753406303,135,54
202602052213_mp4-0398_jpg.rf.9c79240127717e2c633ab5814b560fb0_3.jpg,train,REAL_5,blur,28.974664404091918,130,47
202602052213_mp4-0398_jpg.rf.9c79240127717e2c633ab5814b560fb0_4.jpg,train,FAKE_4,blur,31.1751677103727,92,29
202602052213_mp4-0399_jpg.rf.7cd85d514e62dd9a85929555e0e0a516_0.jpg,train,REAL_5,blur,14.468304275060397,130,65
202602052213_mp4-0399_jpg.rf.7cd85d514e62dd9a85929555e0e0a516_1.jpg,train,REAL_5,blur,11.294120101493409,131,54
202602052213_mp4-0399_jpg.rf.7cd85d514e62dd9a85929555e0e0a516_2.jpg,train,FAKE_15,blur,11.867421332533771,89,40
202602052213_mp4-0402_jpg.rf.e702cea70c93836f461362bb50797c48_0.jpg,train,REAL_5,blur,12.900616688055903,140,71
202602052213_mp4-0402_jpg.rf.e702cea70c93836f461362bb50797c48_1.jpg,train,REAL_5,blur,6.098509623565505,149,72
202602052213_mp4-0404_jpg.rf.38d66b52794928b5bace034da2a7bad2_0.jpg,train,REAL_14,blur,49.54797514533281,77,34
202602052213_mp4-0404_jpg.rf.38d66b52794928b5bace034da2a7bad2_1.jpg,train,FAKE_10,blur,36.12852026804304,103,52
202602052213_mp4-0404_jpg.rf.38d66b52794928b5bace034da2a7bad2_3.jpg,train,REAL_11,blur,41.248857625890594,70,26
202602052213_mp4-0404_jpg.rf.38d66b52794928b5bace034da2a7bad2_4.jpg,train,REAL_5,blur,32.987904342702706,137,57
202602052213_mp4-0404_jpg.rf.38d66b52794928b5bace034da2a7bad2_5.jpg,train,REAL_5,blur,46.22424585837983,129,53
202602052213_mp4-0404_jpg.rf.38d66b52794928b5bace034da2a7bad2_6.jpg,train,FAKE_5,blur,45.16112495897269,67,26
202602052213_mp4-0404_jpg.rf.38d66b52794928b5bace034da2a7bad2_8.jpg,train,REAL_8,blur,25.447592690197613,59,29
202602052213_mp4-0404_jpg.rf.38d66b52794928b5bace034da2a7bad2_12.jpg,train,REAL_7,blur,27.453503735255914,93,34
202602052213_mp4-0405_jpg.rf.df9edbc8553fdcd4afd996d924292322_0.jpg,train,REAL_14,blur,27.685204962131944,83,42
202602052213_mp4-0405_jpg.rf.df9edbc8553fdcd4afd996d924292322_1.jpg,train,REAL_5,blur,18.091218355929257,145,58
202602052213_mp4-0405_jpg.rf.df9edbc8553fdcd4afd996d924292322_2.jpg,train,REAL_5,blur,34.93461715882499,136,51
202602052213_mp4-0405_jpg.rf.df9edbc8553fdcd4afd996d924292322_4.jpg,train,REAL_3,blur,26.18559147952204,77,42
202602052213_mp4-0407_jpg.rf.18529925303d7a97cddb0dcadc06fe31_0.jpg,train,REAL_14,blur,33.97425302589604,73,40
202602052213_mp4-0407_jpg.rf.18529925303d7a97cddb0dcadc06fe31_2.jpg,train,REAL_5,blur,29.36253559770014,138,61
202602052213_mp4-0407_jpg.rf.18529925303d7a97cddb0dcadc06fe31_4.jpg,train,REAL_3,blur,45.899640311907085,70,42
202602052213_mp4-0407_jpg.rf.18529925303d7a97cddb0dcadc06fe31_5.jpg,train,REAL_7,blur,16.889057738919668,95,32
202602052213_mp4-0410_jpg.rf.e45a0701d9c33bf6b3a2aef41717dc60_0.jpg,train,REAL_14,blur,23.55432513594676,74,45
202602052213_mp4-0410_jpg.rf.e45a0701d9c33bf6b3a2aef41717dc60_1.jpg,train,REAL_5,blur,23.234415863425617,124,51
202602052213_mp4-0410_jpg.rf.e45a0701d9c33bf6b3a2aef41717dc60_3.jpg,train,REAL_3,blur,41.94457158288647,70,46
202602052213_mp4-0410_jpg.rf.e45a0701d9c33bf6b3a2aef41717dc60_4.jpg,train,REAL_2,blur,44.06916807968478,123,28
202602052213_mp4-0412_jpg.rf.17e4e67cb777445703b1d230801a90e7_0.jpg,train,REAL_14,blur,16.820103380419617,70,47
202602052213_mp4-0412_jpg.rf.17e4e67cb777445703b1d230801a90e7_1.jpg,train,REAL_5,blur,24.88006606011881,116,44
202602052213_mp4-0412_jpg.rf.17e4e67cb777445703b1d230801a90e7_2.jpg,train,REAL_5,blur,18.662221462150306,121,47
202602052213_mp4-0414_jpg.rf.52ce7fd7a97014e980f2daa5ff7dfecb_2.jpg,train,REAL_5,blur,31.27108443654321,125,45
202602052213_mp4-0414_jpg.rf.52ce7fd7a97014e980f2daa5ff7dfecb_3.jpg,train,REAL_5,blur,18.513367348077487,134,46
202602052213_mp4-0414_jpg.rf.52ce7fd7a97014e980f2daa5ff7dfecb_5.jpg,train,REAL_7,blur,29.244622083415955,82,30
202602052213_mp4-0414_jpg.rf.52ce7fd7a97014e980f2daa5ff7dfecb_6.jpg,train,REAL_4,blur,20.162137548273336,72,47
202602052213_mp4-0415_jpg.rf.6468f296de8569cc3fd34217fb90b691_1.jpg,train,FAKE_8,blur,38.27442062149548,107,34
202602052213_mp4-0415_jpg.rf.6468f296de8569cc3fd34217fb90b691_5.jpg,train,REAL_5,blur,40.2526713325747,109,41
202602052213_mp4-0418_jpg.rf.c1b6d1138c21890e296d5ef6225c35ff_0.jpg,train,REAL_14,blur,26.16090361865544,58,46
202602052213_mp4-0418_jpg.rf.c1b6d1138c21890e296d5ef6225c35ff_1.jpg,train,REAL_3,blur,23.412693835704214,51,36
202602052213_mp4-0418_jpg.rf.c1b6d1138c21890e296d5ef6225c35ff_2.jpg,train,REAL_5,blur,10.738131550068587,135,60
202602052213_mp4-0418_jpg.rf.c1b6d1138c21890e296d5ef6225c35ff_3.jpg,train,REAL_5,blur,12.134484980097092,123,48
202602052213_mp4-0418_jpg.rf.c1b6d1138c21890e296d5ef6225c35ff_4.jpg,train,FAKE_10,blur,27.12769371257618,112,48
202602052213_mp4-0418_jpg.rf.c1b6d1138c21890e296d5ef6225c35ff_9.jpg,train,REAL_7,blur,17.165905262751124,67,28
202602052213_mp4-0419_jpg.rf.c6c358071c8ac4bca16ff8b5bc721e49_4.jpg,train,FAKE_9,terlalu_kecil,40.77452030982462,56,21
202602052213_mp4-0419_jpg.rf.c6c358071c8ac4bca16ff8b5bc721e49_7.jpg,train,REAL_3,blur,48.168281560915084,58,56
202602052213_mp4-0419_jpg.rf.c6c358071c8ac4bca16ff8b5bc721e49_8.jpg,train,REAL_7,blur,16.493886351403308,85,30
202602052213_mp4-0421_jpg.rf.071aab73a83db2cdf1127d55c1f92446_0.jpg,train,REAL_14,blur,6.956643633672257,70,58
202602052213_mp4-0422_jpg.rf.b4a9c23b5255d6c7f330dca033c690fc_0.jpg,train,REAL_14,blur,18.265102040816327,56,35
202602052213_mp4-0422_jpg.rf.b4a9c23b5255d6c7f330dca033c690fc_1.jpg,train,REAL_5,blur,11.970742838412518,142,64
202602052213_mp4-0422_jpg.rf.b4a9c23b5255d6c7f330dca033c690fc_2.jpg,train,REAL_5,blur,13.607158199227237,127,54
202602052213_mp4-0422_jpg.rf.b4a9c23b5255d6c7f330dca033c690fc_3.jpg,train,FAKE_3,blur,17.12229972048023,59,29
202602052213_mp4-0422_jpg.rf.b4a9c23b5255d6c7f330dca033c690fc_4.jpg,train,FAKE_10,blur,41.00488624685474,104,49
202602052213_mp4-0423_jpg.rf.ba6e6dba715f77665a1e8be2c1e06052_0.jpg,train,REAL_14,blur,29.169852642018007,53,28
202602052213_mp4-0423_jpg.rf.ba6e6dba715f77665a1e8be2c1e06052_1.jpg,train,REAL_5,blur,39.29869344395151,127,53
202602052213_mp4-0423_jpg.rf.ba6e6dba715f77665a1e8be2c1e06052_2.jpg,train,REAL_5,blur,29.619170094627993,128,62
202602052213_mp4-0423_jpg.rf.ba6e6dba715f77665a1e8be2c1e06052_4.jpg,train,REAL_3,terlalu_kecil,71.62414001517432,46,21
202602052213_mp4-0423_jpg.rf.ba6e6dba715f77665a1e8be2c1e06052_10.jpg,train,FAKE_1,terlalu_kecil,50.00265215419501,105,20
202602052213_mp4-0423_jpg.rf.ba6e6dba715f77665a1e8be2c1e06052_11.jpg,train,REAL_6,terlalu_kecil,44.963855307312954,54,17
202602052213_mp4-0424_jpg.rf.aafc1531e9c29f4a5ec87b81d65ad2c1_0.jpg,train,REAL_5,blur,21.492841897821975,135,63
202602052213_mp4-0424_jpg.rf.aafc1531e9c29f4a5ec87b81d65ad2c1_2.jpg,train,REAL_5,blur,16.617476737097995,123,54
202602052213_mp4-0424_jpg.rf.aafc1531e9c29f4a5ec87b81d65ad2c1_3.jpg,train,FAKE_10,blur,25.501164013840828,102,50
202602052213_mp4-0427_jpg.rf.c3ff77ffc7d1514612aecad15fd7afe4_0.jpg,train,FAKE_10,blur,33.194747911784155,90,43
202602052213_mp4-0427_jpg.rf.c3ff77ffc7d1514612aecad15fd7afe4_1.jpg,train,REAL_14,blur,37.39791791831813,74,26
202602052213_mp4-0427_jpg.rf.c3ff77ffc7d1514612aecad15fd7afe4_2.jpg,train,REAL_5,blur,46.397548539530526,111,45
202602052213_mp4-0427_jpg.rf.c3ff77ffc7d1514612aecad15fd7afe4_3.jpg,train,REAL_9,blur,23.516764236247212,87,38
202602052213_mp4-0427_jpg.rf.c3ff77ffc7d1514612aecad15fd7afe4_4.jpg,train,REAL_12,blur,32.19092357260383,79,38
202602052213_mp4-0427_jpg.rf.c3ff77ffc7d1514612aecad15fd7afe4_6.jpg,train,REAL_8,blur,21.355165972222228,75,32
202602052213_mp4-0427_jpg.rf.c3ff77ffc7d1514612aecad15fd7afe4_7.jpg,train,REAL_7,terlalu_kecil,48.35043458575656,88,18
202602052213_mp4-0427_jpg.rf.c3ff77ffc7d1514612aecad15fd7afe4_8.jpg,train,REAL_5,blur,25.107370544938014,80,44
202602052213_mp4-0428_jpg.rf.7117794430d6c32d47eb9c3767eea83b_0.jpg,train,REAL_14,terlalu_kecil,110.94340835768202,74,24
202602052213_mp4-0428_jpg.rf.7117794430d6c32d47eb9c3767eea83b_2.jpg,train,REAL_5,blur,39.56588707080032,118,43
202602052213_mp4-0428_jpg.rf.7117794430d6c32d47eb9c3767eea83b_3.jpg,train,REAL_9,blur,37.48142857142857,98,40
202602052213_mp4-0428_jpg.rf.7117794430d6c32d47eb9c3767eea83b_5.jpg,train,REAL_8,blur,34.33851229193893,84,37
202602052213_mp4-0428_jpg.rf.7117794430d6c32d47eb9c3767eea83b_6.jpg,train,FAKE_10,blur,24.610044263367033,94,45
202602052213_mp4-0429_jpg.rf.7b34632ca615329ee2afd2cce8b47228_0.jpg,train,REAL_5,blur,46.2101536553751,117,33
202602052213_mp4-0429_jpg.rf.7b34632ca615329ee2afd2cce8b47228_1.jpg,train,REAL_5,blur,34.875973131925065,111,38
202602052213_mp4-0429_jpg.rf.7b34632ca615329ee2afd2cce8b47228_2.jpg,train,REAL_11,blur,31.590663288388512,106,48
202602052213_mp4-0429_jpg.rf.7b34632ca615329ee2afd2cce8b47228_3.jpg,train,REAL_9,blur,38.1364413831361,104,36
202602052213_mp4-0429_jpg.rf.7b34632ca615329ee2afd2cce8b47228_4.jpg,train,REAL_8,blur,39.20498064100293,97,31
202602052213_mp4-0429_jpg.rf.7b34632ca615329ee2afd2cce8b47228_5.jpg,train,FAKE_10,blur,28.24033452038868,92,37
202602052213_mp4-0431_jpg.rf.5dfd65161dfbfa62e77a540a694699cf_4.jpg,train,REAL_9,blur,48.66770636009319,108,42
202602052213_mp4-0435_jpg.rf.a12c06b5d0eb8f4afed0670af2ae78c8_0.jpg,train,REAL_10,blur,35.80269305608117,122,42
202602052213_mp4-0435_jpg.rf.a12c06b5d0eb8f4afed0670af2ae78c8_1.jpg,train,REAL_5,blur,16.600120359317845,130,43
202602052213_mp4-0435_jpg.rf.a12c06b5d0eb8f4afed0670af2ae78c8_2.jpg,train,FAKE_5,blur,19.855473806661205,118,45
202602052213_mp4-0435_jpg.rf.a12c06b5d0eb8f4afed0670af2ae78c8_3.jpg,train,REAL_5,blur,36.52584428277875,119,44
202602052213_mp4-0435_jpg.rf.a12c06b5d0eb8f4afed0670af2ae78c8_4.jpg,train,REAL_9,blur,25.822188632572363,107,54
202602052213_mp4-0435_jpg.rf.a12c06b5d0eb8f4afed0670af2ae78c8_5.jpg,train,REAL_11,blur,39.970613279534255,103,54
202602052213_mp4-0439_jpg.rf.fe418e1f6465a15b9b7db9c143c2bf01_3.jpg,train,REAL_10,blur,19.725449307044293,164,67
202602052213_mp4-0439_jpg.rf.fe418e1f6465a15b9b7db9c143c2bf01_4.jpg,train,FAKE_15,terlalu_kecil,62.83244791132314,114,24
202602052213_mp4-0442_jpg.rf.b82665c616a7aef837337060b40fbf26_0.jpg,train,FAKE_15,terlalu_kecil,100.59542868127645,102,20
202602052213_mp4-0442_jpg.rf.b82665c616a7aef837337060b40fbf26_1.jpg,train,REAL_5,blur,21.323922861010935,169,60
202602052213_mp4-0442_jpg.rf.b82665c616a7aef837337060b40fbf26_2.jpg,train,REAL_5,blur,8.913203740580554,188,57
202602052213_mp4-0442_jpg.rf.b82665c616a7aef837337060b40fbf26_3.jpg,train,REAL_10,blur,16.362490674937877,177,81
202602052213_mp4-0445_jpg.rf.b8a90514bb4e7f3d6d92bbf5c43d6d90_0.jpg,train,REAL_5,blur,8.507876035020873,192,69
202602052213_mp4-0445_jpg.rf.b8a90514bb4e7f3d6d92bbf5c43d6d90_1.jpg,train,REAL_5,blur,7.5944164881236285,192,69
202602052213_mp4-0447_jpg.rf.3dd2477a593287c84f2fb700cad03c2d_1.jpg,train,FAKE_15,blur,48.26095267218456,109,26
202602052213_mp4-0447_jpg.rf.3dd2477a593287c84f2fb700cad03c2d_3.jpg,train,REAL_5,blur,26.68379645938292,189,72
202602052213_mp4-0447_jpg.rf.3dd2477a593287c84f2fb700cad03c2d_4.jpg,train,FAKE_12,terlalu_kecil,69.35413006845243,89,23
202602052213_mp4-0447_jpg.rf.3dd2477a593287c84f2fb700cad03c2d_5.jpg,train,REAL_10,blur,41.27651470641962,129,63
202602052213_mp4-0448_jpg.rf.3ffed6fd5ab06f1c586ad8d4b4a46242_1.jpg,train,REAL_5,blur,37.37291836590883,186,65
202602052213_mp4-0448_jpg.rf.3ffed6fd5ab06f1c586ad8d4b4a46242_2.jpg,train,REAL_5,blur,42.94092691520446,174,79
202602052213_mp4-0448_jpg.rf.3ffed6fd5ab06f1c586ad8d4b4a46242_3.jpg,train,FAKE_15,terlalu_kecil,108.56369807140725,109,23
202602052213_mp4-0449_jpg.rf.9dc3b51a91429df31646e0621f032d1c_0.jpg,train,FAKE_15,blur,39.39044152573761,118,31
202602052213_mp4-0449_jpg.rf.9dc3b51a91429df31646e0621f032d1c_1.jpg,train,FAKE_4,blur,25.699459237343852,120,39
202602052213_mp4-0449_jpg.rf.9dc3b51a91429df31646e0621f032d1c_2.jpg,train,REAL_5,blur,6.604217290985929,197,74
202602052213_mp4-0449_jpg.rf.9dc3b51a91429df31646e0621f032d1c_3.jpg,train,REAL_5,blur,47.10885183790355,170,74
202602052213_mp4-0449_jpg.rf.9dc3b51a91429df31646e0621f032d1c_7.jpg,train,REAL_10,blur,16.79219164680738,117,47
202602052213_mp4-0450_jpg.rf.43f678da867c4bbdae1b42d8ed5885e0_0.jpg,train,REAL_5,blur,6.753365004226542,200,91
202602052213_mp4-0452_jpg.rf.6cd5791d48e2ffb8cd9f7f8609b2b730_1.jpg,train,REAL_5,blur,19.397125188957503,201,82
202602052213_mp4-0452_jpg.rf.6cd5791d48e2ffb8cd9f7f8609b2b730_2.jpg,train,REAL_5,blur,17.48143999211702,138,81
202602052213_mp4-0455_jpg.rf.15b9bcc9a0aa6779ed29f104e87b2bae_0.jpg,train,FAKE_4,blur,48.45939391665032,101,48
202602052213_mp4-0455_jpg.rf.15b9bcc9a0aa6779ed29f104e87b2bae_1.jpg,train,REAL_5,blur,27.17563221281501,206,86
202602052213_mp4-0455_jpg.rf.15b9bcc9a0aa6779ed29f104e87b2bae_2.jpg,train,REAL_5,blur,45.02487640640441,132,85
202602052213_mp4-0456_jpg.rf.889a544120d244f6ebba08fb6729d1da_0.jpg,train,REAL_5,blur,37.6091057937593,154,99
202602052213_mp4-0456_jpg.rf.889a544120d244f6ebba08fb6729d1da_1.jpg,train,REAL_5,blur,9.132632324416836,215,98
202602052213_mp4-0460_jpg.rf.6fde9bf64c59e918f1ae5e725b48b53c_1.jpg,train,REAL_5,blur,46.80380728312595,146,59
202602052213_mp4-0462_jpg.rf.9e2ff8953bb7b813ad26a22aff34f2ae_1.jpg,train,REAL_5,blur,22.72618004191829,172,95
202602052213_mp4-0462_jpg.rf.9e2ff8953bb7b813ad26a22aff34f2ae_2.jpg,train,REAL_5,blur,24.970498369752587,201,93
202602052213_mp4-0467_jpg.rf.0bf447cbfda1a5c0171f171f5ccf9a50_4.jpg,train,REAL_11,terlalu_kecil,642.2478380165289,50,22
202602052213_mp4-0467_jpg.rf.0bf447cbfda1a5c0171f171f5ccf9a50_5.jpg,train,REAL_11,terlalu_kecil,468.3831248636949,49,23
202602052213_mp4-0467_jpg.rf.0bf447cbfda1a5c0171f171f5ccf9a50_6.jpg,train,REAL_7,terlalu_kecil,309.8380776485959,58,18
202602052213_mp4-0467_jpg.rf.0bf447cbfda1a5c0171f171f5ccf9a50_7.jpg,train,REAL_9,terlalu_kecil,157.50017644850737,58,23
202602052213_mp4-0467_jpg.rf.0bf447cbfda1a5c0171f171f5ccf9a50_8.jpg,train,REAL_12,terlalu_kecil,166.3313327177593,57,24
202602052213_mp4-0475_jpg.rf.f947a8c7628ea4d81b83fe14fa6ff115_3.jpg,train,FAKE_12,blur,39.17558171118152,47,40
202602052213_mp4-0476_jpg.rf.e85fde4dfac7c7104083ad4d80675543_0.jpg,train,FAKE_12,blur,42.75670920709881,55,42
202602052213_mp4-0476_jpg.rf.e85fde4dfac7c7104083ad4d80675543_2.jpg,train,REAL_11,blur,35.540743313587406,67,35
202602052213_mp4-0476_jpg.rf.e85fde4dfac7c7104083ad4d80675543_3.jpg,train,FAKE_1,blur,40.36984870956152,97,44
202602052213_mp4-0478_jpg.rf.239e049fc20299a530a9d56cc53c76ff_6.jpg,train,REAL_12,blur,48.17425016096974,105,36
202602052213_mp4-0478_jpg.rf.239e049fc20299a530a9d56cc53c76ff_8.jpg,train,REAL_1,terlalu_kecil,45.6801115829016,79,24
202602052213_mp4-0480_jpg.rf.9adcf85b66d627f1ace63963757bec2e_0.jpg,train,FAKE_1,blur,37.36452075027585,124,54
202602052213_mp4-0480_jpg.rf.9adcf85b66d627f1ace63963757bec2e_1.jpg,train,FAKE_1,blur,26.869869254346618,120,51
202602052213_mp4-0480_jpg.rf.9adcf85b66d627f1ace63963757bec2e_2.jpg,train,REAL_11,blur,33.248983001001385,98,39
202602052213_mp4-0480_jpg.rf.9adcf85b66d627f1ace63963757bec2e_3.jpg,train,REAL_11,blur,31.942035158889727,97,39
202602052213_mp4-0483_jpg.rf.7dbc04e43885b3f19aaba6d4c0a567f5_5.jpg,train,REAL_15,terlalu_kecil,178.93058641913797,128,21
202602052213_mp4-0483_jpg.rf.7dbc04e43885b3f19aaba6d4c0a567f5_6.jpg,train,FAKE_7,terlalu_kecil,218.17691935376374,124,22
202602052213_mp4-0490_jpg.rf.89c9745042059d79c306e50539e976d3_0.jpg,train,FAKE_1,blur,34.80540468897117,156,72
202602052213_mp4-0490_jpg.rf.89c9745042059d79c306e50539e976d3_1.jpg,train,FAKE_1,blur,10.931881263465327,189,70
202602052213_mp4-0490_jpg.rf.89c9745042059d79c306e50539e976d3_2.jpg,train,FAKE_15,blur,9.096686465666574,189,46
202602052213_mp4-0491_jpg.rf.3502552a5df4589fdff8b91c0c7db5ce_0.jpg,train,FAKE_1,blur,40.07673760903198,198,70
202602052213_mp4-0491_jpg.rf.3502552a5df4589fdff8b91c0c7db5ce_4.jpg,train,FAKE_15,blur,34.76726595743342,193,32
202602052213_mp4-0491_jpg.rf.3502552a5df4589fdff8b91c0c7db5ce_6.jpg,train,REAL_13,blur,35.61645463510848,120,39
202602052213_mp4-0494_jpg.rf.f65ac01b08b90d65c3309c1fa961a88a_2.jpg,train,REAL_13,blur,13.591752363012503,119,54
202602052213_mp4-0494_jpg.rf.f65ac01b08b90d65c3309c1fa961a88a_3.jpg,train,REAL_11,blur,32.03406573180042,117,58
202602052213_mp4-0494_jpg.rf.f65ac01b08b90d65c3309c1fa961a88a_4.jpg,train,REAL_11,blur,48.36715072423527,105,49
202602052213_mp4-0494_jpg.rf.f65ac01b08b90d65c3309c1fa961a88a_6.jpg,train,FAKE_15,terlalu_kecil,96.18920306585412,193,16
202602052213_mp4-0495_jpg.rf.15a0b1e365321c184afadc1c6bfcb319_0.jpg,train,FAKE_1,blur,49.52121731139238,210,81
202602052213_mp4-0495_jpg.rf.15a0b1e365321c184afadc1c6bfcb319_3.jpg,train,REAL_11,blur,37.993227735789546,114,54
202602052213_mp4-0495_jpg.rf.15a0b1e365321c184afadc1c6bfcb319_4.jpg,train,REAL_13,blur,18.723179676471457,130,47
202602052213_mp4-0495_jpg.rf.15a0b1e365321c184afadc1c6bfcb319_5.jpg,train,REAL_1,blur,27.435896404685288,101,39
202602052213_mp4-0499_jpg.rf.6e1678e11e0cb85654139b6377abddbb_0.jpg,train,FAKE_1,blur,24.263209972230886,201,78
202602052213_mp4-0499_jpg.rf.6e1678e11e0cb85654139b6377abddbb_2.jpg,train,REAL_13,blur,21.924335186298077,128,52
202602052213_mp4-0499_jpg.rf.6e1678e11e0cb85654139b6377abddbb_3.jpg,train,REAL_11,blur,36.71471471471472,111,54
202602052213_mp4-0499_jpg.rf.6e1678e11e0cb85654139b6377abddbb_5.jpg,train,REAL_7,blur,12.768611481030513,124,46
202602052213_mp4-0501_jpg.rf.71f5b6cb76ab918c0eaf0243aa3b5096_0.jpg,train,FAKE_1,blur,48.288052950731284,195,68
202602052213_mp4-0501_jpg.rf.71f5b6cb76ab918c0eaf0243aa3b5096_3.jpg,train,REAL_7,blur,27.40918719103523,114,35
202602052213_mp4-0501_jpg.rf.71f5b6cb76ab918c0eaf0243aa3b5096_5.jpg,train,FAKE_9,terlalu_kecil,108.55439650427593,153,22
202602052213_mp4-0501_jpg.rf.71f5b6cb76ab918c0eaf0243aa3b5096_6.jpg,train,FAKE_3,terlalu_kecil,90.63476320682612,172,22
202602052213_mp4-0502_jpg.rf.1a50686113c874f52da6dfd63f4442e1_0.jpg,train,FAKE_1,blur,23.44986223629901,191,66
202602052213_mp4-0502_jpg.rf.1a50686113c874f52da6dfd63f4442e1_1.jpg,train,FAKE_1,blur,49.36267659585474,144,66
202602052213_mp4-0502_jpg.rf.1a50686113c874f52da6dfd63f4442e1_3.jpg,train,REAL_12,blur,48.31309221727907,105,34
202602052213_mp4-0505_jpg.rf.26c2c65377e0fe540ea40b9c5de26267_1.jpg,train,FAKE_1,blur,30.56349502979386,191,63
202602052213_mp4-0505_jpg.rf.26c2c65377e0fe540ea40b9c5de26267_2.jpg,train,FAKE_9,blur,36.67886782261114,165,34
202602052213_mp4-0505_jpg.rf.26c2c65377e0fe540ea40b9c5de26267_3.jpg,train,FAKE_3,blur,46.00506595723119,177,39
202602052213_mp4-0506_jpg.rf.7f1e96fdd81c033bbba2847da85fd83c_1.jpg,train,FAKE_1,blur,49.226515627593784,170,59
202602052213_mp4-0506_jpg.rf.7f1e96fdd81c033bbba2847da85fd83c_2.jpg,train,FAKE_9,blur,45.92968915995983,161,39
202602052213_mp4-0506_jpg.rf.7f1e96fdd81c033bbba2847da85fd83c_4.jpg,train,REAL_12,blur,41.928295268128075,98,35
202602052213_mp4-0507_jpg.rf.6ad60cd13c0a1078680a21a9769435eb_0.jpg,train,FAKE_1,blur,48.790501265162256,184,60
202602052213_mp4-0507_jpg.rf.6ad60cd13c0a1078680a21a9769435eb_5.jpg,train,REAL_7,terlalu_kecil,85.01401520557364,91,22
202602052213_mp4-0509_jpg.rf.c7c2be3488259e1ae631de6a9e642f18_4.jpg,train,REAL_7,terlalu_kecil,114.8815758694983,95,24
2_mp4-0015_jpg.rf.3e0bc27994c5916c198d56230cb3a46b_0.jpg,train,REAL_11,terlalu_kecil,14177.662275086504,34,20
2_mp4-0036_jpg.rf.e4a9c539a16686e567555134f6ffe478_2.jpg,train,REAL_7,terlalu_kecil,458.0305965251719,99,9
2_mp4-0049_jpg.rf.d0f84003d0679fffa87f0a71a6ea269f_2.jpg,train,REAL_7,terlalu_kecil,4847.037045374521,109,13
2_mp4-0058_jpg.rf.14013788cb334db311ce149486e5a10f_2.jpg,train,REAL_7,terlalu_kecil,1944.9880836607915,116,19
2_mp4-0106_jpg.rf.6817414fc219ea828b4c94e032474c64_3.jpg,train,REAL_1,terlalu_kecil,972.2324120574505,119,23
2_mp4-0109_jpg.rf.6485d60365d2a75730dd61d9b0cd59c3_2.jpg,train,REAL_1,terlalu_kecil,2894.7298625888698,119,23
2_mp4-0122_jpg.rf.01d9d56d9318dd65f89c80cbc1443597_1.jpg,train,REAL_7,terlalu_kecil,1645.2580162164695,115,22
2_mp4-0128_jpg.rf.9723ad9766c19eea7549b1fcf76a6db2_1.jpg,train,REAL_7,terlalu_kecil,1102.8545706371192,114,18
2_mp4-0135_jpg.rf.961bda794ddfdd0d02652d9c2996ecc4_1.jpg,train,REAL_7,terlalu_kecil,4523.44867768595,110,12
2_mp4-0138_jpg.rf.cadba688651d17e914540207066d7ddf_2.jpg,train,REAL_7,terlalu_kecil,2135.2015517518416,109,11
2_mp4-0150_jpg.rf.f71a9e231f705fd52440cd5d9fc55cf7_1.jpg,train,REAL_5,terlalu_kecil,525.8028212045942,53,23
2_mp4-0150_jpg.rf.f71a9e231f705fd52440cd5d9fc55cf7_2.jpg,train,REAL_4,terlalu_kecil,318.37365647436263,56,19
2_mp4-0150_jpg.rf.f71a9e231f705fd52440cd5d9fc55cf7_4.jpg,train,REAL_2,terlalu_kecil,773.7836137693687,39,18
2_mp4-0153_jpg.rf.95dd1611617d9eaee8ca67a8a428dffc_1.jpg,train,REAL_5,terlalu_kecil,651.6419611684431,49,18
2_mp4-0153_jpg.rf.95dd1611617d9eaee8ca67a8a428dffc_2.jpg,train,REAL_4,terlalu_kecil,2488.140925068587,54,16
2_mp4-0156_jpg.rf.f37cf427ddb963589b7bd3b905ce1194_1.jpg,train,REAL_5,terlalu_kecil,667.7046061728396,50,18
2_mp4-0156_jpg.rf.f37cf427ddb963589b7bd3b905ce1194_3.jpg,train,REAL_4,terlalu_kecil,799.2894173489974,53,15
2_mp4-0161_jpg.rf.11389ed128b9f0a58ac24e7b56dffe6d_2.jpg,train,REAL_5,terlalu_kecil,2553.71489160505,47,15
2_mp4-0161_jpg.rf.11389ed128b9f0a58ac24e7b56dffe6d_3.jpg,train,REAL_4,terlalu_kecil,4288.073214285714,50,14
2_mp4-0168_jpg.rf.73b8293cc3e7008eda8df04d11e58b94_2.jpg,train,REAL_5,terlalu_kecil,223.95741851516524,47,16
2_mp4-0173_jpg.rf.aa4b8f7597fcbb689ecc0e96642980e7_2.jpg,train,REAL_5,terlalu_kecil,466.87999159840365,46,15
2_mp4-0180_jpg.rf.738831d58771e1d6067e3ff9dac1f970_2.jpg,train,REAL_5,terlalu_kecil,561.9880650104584,46,13
2_mp4-0180_jpg.rf.738831d58771e1d6067e3ff9dac1f970_4.jpg,train,REAL_4,terlalu_kecil,1313.616397054663,47,16
2_mp4-0180_jpg.rf.738831d58771e1d6067e3ff9dac1f970_6.jpg,train,REAL_3,terlalu_kecil,905.3031983981227,99,20
2_mp4-0185_jpg.rf.ec198bf452cabfdc04593639ef77ca4d_0.jpg,train,REAL_5,terlalu_kecil,3195.0336065454017,45,13
2_mp4-0193_jpg.rf.8e4fe9a4f16cd75968f23f043f6c0156_2.jpg,train,REAL_5,terlalu_kecil,968.7384154655109,47,13
2_mp4-0193_jpg.rf.8e4fe9a4f16cd75968f23f043f6c0156_4.jpg,train,REAL_4,terlalu_kecil,1067.0980591420243,49,20
2_mp4-0196_jpg.rf.94c0a8b09b2f52048f17e49ee8fbdd26_1.jpg,train,REAL_5,terlalu_kecil,476.51211939102564,48,13
2_mp4-0196_jpg.rf.94c0a8b09b2f52048f17e49ee8fbdd26_5.jpg,train,REAL_4,terlalu_kecil,1048.7655102040817,49,20
2_mp4-0205_jpg.rf.cfa6693d2cdf86598bea712d54915a60_2.jpg,train,REAL_1,terlalu_kecil,914.3670571325906,110,23
2_mp4-0268_jpg.rf.52766a633641295ff0ff593dbab0a47c_1.jpg,train,REAL_3,terlalu_kecil,3294.150095050191,89,22
2_mp4-0272_jpg.rf.8622f06790a97532a1ba5cfcafb398e6_1.jpg,train,REAL_3,terlalu_kecil,4477.698381556348,87,20
2_mp4-0284_jpg.rf.f268d0e4baed083870e5c718e8aef65e_2.jpg,train,REAL_3,terlalu_kecil,1504.4366238905536,95,14
2_mp4-0290_jpg.rf.1f922b57857ab1748d32eb20933214c9_2.jpg,train,REAL_3,terlalu_kecil,2612.797422425271,99,11
3_mp4-0000_jpg.rf.e5452edcf58822cededc041d955da3e0_0.jpg,train,FAKE_11,terlalu_kecil,2175.9424054497144,70,19
3_mp4-0000_jpg.rf.e5452edcf58822cededc041d955da3e0_1.jpg,train,FAKE_7,terlalu_kecil,3198.8009993055557,75,16
3_mp4-0010_jpg.rf.30ef5e8a43c2decb218a5a7b62a4aaef_0.jpg,train,FAKE_11,terlalu_kecil,2175.544364973951,77,24
3_mp4-0010_jpg.rf.30ef5e8a43c2decb218a5a7b62a4aaef_1.jpg,train,FAKE_7,terlalu_kecil,6669.841879706699,87,16
3_mp4-0024_jpg.rf.3e530b7478604b0ee0ff63c7abfb13a5_1.jpg,train,FAKE_7,terlalu_kecil,5529.071337543939,101,14
3_mp4-0024_jpg.rf.3e530b7478604b0ee0ff63c7abfb13a5_2.jpg,train,FAKE_6,terlalu_kecil,6487.579368009609,46,24
3_mp4-0031_jpg.rf.02c9535f63155181c0f2b3a81028a55a_2.jpg,train,FAKE_7,terlalu_kecil,4416.83372017111,114,16
3_mp4-0040_jpg.rf.0da97f98ead7004ca1dbb008d51d9412_2.jpg,train,FAKE_7,terlalu_kecil,1351.7363872319638,119,14
3_mp4-0049_jpg.rf.2ee21ee31dac25584756c1d263cb95d1_2.jpg,train,FAKE_7,terlalu_kecil,766.2100390682107,126,9
3_mp4-0082_jpg.rf.3e925a111447b0489569327cc02a3286_2.jpg,train,FAKE_9,terlalu_kecil,715.3115146034106,132,17
3_mp4-0087_jpg.rf.b043ac276d9975f8993c8a457e542302_2.jpg,train,FAKE_9,terlalu_kecil,1527.2065532850074,127,22
3_mp4-0109_jpg.rf.72d59e7426ad6f5707f682f23c97a176_1.jpg,train,FAKE_11,terlalu_kecil,1119.347071200437,147,22
3_mp4-0115_jpg.rf.3db4f157216c606a151411ae8b4f2b0f_2.jpg,train,FAKE_11,terlalu_kecil,2099.574666082859,146,15
3_mp4-0146_jpg.rf.13d027347536098d408093235c2829e4_0.jpg,train,FAKE_1,terlalu_kecil,1029.338987105624,135,20
3_mp4-0149_jpg.rf.036a5f4db7684b981bd1d81e8d056ff1_0.jpg,train,FAKE_1,terlalu_kecil,4494.270719555234,135,23
3_mp4-0154_jpg.rf.b3f6e728176722986af7c36b2db2a6a0_4.jpg,train,FAKE_14,terlalu_kecil,2263.289940828402,39,19
3_mp4-0154_jpg.rf.b3f6e728176722986af7c36b2db2a6a0_6.jpg,train,REAL_3,terlalu_kecil,736.236106301939,32,19
3_mp4-0154_jpg.rf.b3f6e728176722986af7c36b2db2a6a0_7.jpg,train,REAL_5,terlalu_kecil,1139.941782435893,46,19
3_mp4-0154_jpg.rf.b3f6e728176722986af7c36b2db2a6a0_8.jpg,train,REAL_14,terlalu_kecil,1670.2389750000002,30,20
3_mp4-0157_jpg.rf.22b6a972d843c1d0beec54c7a550841b_3.jpg,train,FAKE_14,terlalu_kecil,1556.4057860230619,38,17
3_mp4-0157_jpg.rf.22b6a972d843c1d0beec54c7a550841b_4.jpg,train,REAL_3,terlalu_kecil,932.8043888504154,40,19
3_mp4-0157_jpg.rf.22b6a972d843c1d0beec54c7a550841b_7.jpg,train,REAL_5,terlalu_kecil,1885.2027391747404,46,16
3_mp4-0157_jpg.rf.22b6a972d843c1d0beec54c7a550841b_8.jpg,train,REAL_14,terlalu_kecil,1284.0232372164553,30,17
3_mp4-0169_jpg.rf.bcce1b4c2243960566fc86e9bf1e89bc_2.jpg,train,FAKE_9,terlalu_kecil,1954.0508678638944,115,20
3_mp4-0181_jpg.rf.6fd42eec8cfb163f9c0a623871575899_2.jpg,train,REAL_3,terlalu_kecil,4520.665475016436,36,13
3_mp4-0181_jpg.rf.6fd42eec8cfb163f9c0a623871575899_5.jpg,train,REAL_13,terlalu_kecil,1277.1407209876545,45,10
3_mp4-0181_jpg.rf.6fd42eec8cfb163f9c0a623871575899_6.jpg,train,REAL_5,terlalu_kecil,2884.134614835221,45,11
3_mp4-0191_jpg.rf.19841ef593078f19646f5fa54e278000_1.jpg,train,REAL_3,terlalu_kecil,5577.453360768175,36,12
3_mp4-0191_jpg.rf.19841ef593078f19646f5fa54e278000_5.jpg,train,REAL_5,terlalu_kecil,3806.167521856431,44,11
3_mp4-0191_jpg.rf.19841ef593078f19646f5fa54e278000_6.jpg,train,FAKE_14,terlalu_kecil,8071.778646913581,15,15
3_mp4-0191_jpg.rf.19841ef593078f19646f5fa54e278000_7.jpg,train,REAL_13,terlalu_kecil,1327.1529736698312,44,11
3_mp4-0196_jpg.rf.c1f03f36b1539365340654df115e3635_2.jpg,train,REAL_3,terlalu_kecil,754.7375747230959,37,14
3_mp4-0196_jpg.rf.c1f03f36b1539365340654df115e3635_3.jpg,train,FAKE_14,terlalu_kecil,2568.533193359375,20,16
3_mp4-0196_jpg.rf.c1f03f36b1539365340654df115e3635_5.jpg,train,REAL_13,terlalu_kecil,621.6205858994865,46,13
3_mp4-0196_jpg.rf.c1f03f36b1539365340654df115e3635_6.jpg,train,REAL_5,terlalu_kecil,1260.2157902254874,45,11
3_mp4-0201_jpg.rf.61f5de81f9723bca1079e6a96b9787a7_2.jpg,train,FAKE_14,terlalu_kecil,2603.8361088074835,33,17
3_mp4-0201_jpg.rf.61f5de81f9723bca1079e6a96b9787a7_3.jpg,train,REAL_3,terlalu_kecil,679.7862234533703,38,15
3_mp4-0201_jpg.rf.61f5de81f9723bca1079e6a96b9787a7_4.jpg,train,REAL_13,terlalu_kecil,628.932217121253,46,14
3_mp4-0201_jpg.rf.61f5de81f9723bca1079e6a96b9787a7_5.jpg,train,REAL_5,terlalu_kecil,567.1704222623968,48,11
3_mp4-0209_jpg.rf.ad8df38602428e3ee9fc7b0c0bb82e48_2.jpg,train,FAKE_7,terlalu_kecil,1901.4164428336921,99,13
3_mp4-0209_jpg.rf.ad8df38602428e3ee9fc7b0c0bb82e48_3.jpg,train,REAL_3,terlalu_kecil,7889.818785587875,38,12
3_mp4-0209_jpg.rf.ad8df38602428e3ee9fc7b0c0bb82e48_4.jpg,train,REAL_13,terlalu_kecil,6837.329627110103,45,14
3_mp4-0216_jpg.rf.319845be1951bc6b24706dbe66159025_2.jpg,train,FAKE_7,terlalu_kecil,1247.129152203818,105,19
3_mp4-0239_jpg.rf.65a7e89a10dbb4efc934160bffc2365f_2.jpg,train,FAKE_1,terlalu_kecil,886.2496490644503,118,19
3_mp4-0246_jpg.rf.4774dd72ef66e4cfb155da429e2933c0_2.jpg,train,FAKE_1,terlalu_kecil,506.87597566574846,120,11
3_mp4-0276_jpg.rf.8cbdd55888425020d5c1344581e05ae8_2.jpg,train,FAKE_11,terlalu_kecil,915.9810989788141,135,15
4_mp4-0001_jpg.rf.4a1391d5c5858568dd2d750a113cfe33_1.jpg,train,FAKE_4,terlalu_kecil,1844.8311679420926,82,21
4_mp4-0001_jpg.rf.4a1391d5c5858568dd2d750a113cfe33_2.jpg,train,FAKE_10,terlalu_kecil,8810.292995336076,45,15
4_mp4-0011_jpg.rf.7c5ac757fd51bb5921b0b67fb3224f81_0.jpg,train,FAKE_5,terlalu_kecil,5210.338916985278,93,23
4_mp4-0011_jpg.rf.7c5ac757fd51bb5921b0b67fb3224f81_1.jpg,train,FAKE_4,terlalu_kecil,2753.260680406285,91,18
4_mp4-0011_jpg.rf.7c5ac757fd51bb5921b0b67fb3224f81_2.jpg,train,FAKE_10,terlalu_kecil,11261.437327473792,54,18
4_mp4-0018_jpg.rf.7951800930e912cf9c4329a6db24b635_0.jpg,train,FAKE_10,terlalu_kecil,12466.43964129936,60,22
4_mp4-0018_jpg.rf.7951800930e912cf9c4329a6db24b635_2.jpg,train,FAKE_4,terlalu_kecil,1406.649895843545,101,20
4_mp4-0028_jpg.rf.10a611c56cce5cd9c82790f8a1fd0f57_1.jpg,train,FAKE_10,terlalu_kecil,5470.824052954358,66,23
4_mp4-0028_jpg.rf.10a611c56cce5cd9c82790f8a1fd0f57_2.jpg,train,FAKE_4,terlalu_kecil,1595.211982125304,103,14
4_mp4-0035_jpg.rf.80eb86aad71be7b40dd748732077b490_2.jpg,train,FAKE_4,terlalu_kecil,798.7793314380942,101,10
4_mp4-0058_jpg.rf.7464aa7d76a717d57c4267e52dddd6f3_2.jpg,train,FAKE_12,terlalu_kecil,684.3145655015184,116,11
4_mp4-0062_jpg.rf.a9ae2fd799cb53abc01d68a2517ed717_1.jpg,train,FAKE_12,terlalu_kecil,1223.1467377239308,114,17
4_mp4-0072_jpg.rf.35959bf08ba09f6d2980e71cbbd07fe4_1.jpg,train,FAKE_12,terlalu_kecil,7833.28825284693,111,23
4_mp4-0088_jpg.rf.f2bce696c0cc7d9825c15dfebbd049db_0.jpg,train,FAKE_5,terlalu_kecil,3335.974495230599,110,21
4_mp4-0094_jpg.rf.26bd9c12193a1921264aa91f670335ac_1.jpg,train,FAKE_5,terlalu_kecil,3616.8032525510203,112,16
4_mp4-0099_jpg.rf.d0224a70b4b714829e5237a6811809ac_2.jpg,train,FAKE_5,terlalu_kecil,643.0809467120182,112,15
4_mp4-0102_jpg.rf.e41a4f0e5a6f6a6c328d764092f50e00_0.jpg,train,FAKE_5,terlalu_kecil,2681.0908640866105,109,13
4_mp4-0147_jpg.rf.64bd5790c195a49517f5fb2963816574_1.jpg,train,FAKE_15,terlalu_kecil,1538.878778899492,101,22
4_mp4-0147_jpg.rf.64bd5790c195a49517f5fb2963816574_3.jpg,train,FAKE_1,terlalu_kecil,2389.6920936639117,30,11
4_mp4-0147_jpg.rf.64bd5790c195a49517f5fb2963816574_5.jpg,train,REAL_11,terlalu_kecil,7613.151662049861,19,16
4_mp4-0147_jpg.rf.64bd5790c195a49517f5fb2963816574_8.jpg,train,REAL_14,terlalu_kecil,2552.2098032390822,34,13
4_mp4-0147_jpg.rf.64bd5790c195a49517f5fb2963816574_12.jpg,train,R1,terlalu_kecil,741.6558956916099,21,14
4_mp4-0147_jpg.rf.64bd5790c195a49517f5fb2963816574_14.jpg,train,FAKE_7,terlalu_kecil,1365.8295408163265,28,5
4_mp4-0147_jpg.rf.64bd5790c195a49517f5fb2963816574_16.jpg,train,FAKE_12,terlalu_kecil,5072.905536,25,10
4_mp4-0166_jpg.rf.864611b33cedd21593a4b7ea2be690c9_2.jpg,train,FAKE_12,terlalu_kecil,2904.228209012334,106,21
4_mp4-0166_jpg.rf.864611b33cedd21593a4b7ea2be690c9_4.jpg,train,REAL_11,terlalu_kecil,4017.659953062481,19,12
4_mp4-0166_jpg.rf.864611b33cedd21593a4b7ea2be690c9_6.jpg,train,FAKE_12,terlalu_kecil,779.1149117436996,22,9
4_mp4-0172_jpg.rf.c384d006169187f463b14bf58da576db_1.jpg,train,FAKE_12,terlalu_kecil,1754.1636673105456,105,18
4_mp4-0172_jpg.rf.c384d006169187f463b14bf58da576db_3.jpg,train,FAKE_9,terlalu_kecil,693.6357125056312,38,17
4_mp4-0172_jpg.rf.c384d006169187f463b14bf58da576db_4.jpg,train,REAL_3,terlalu_kecil,743.157121776609,39,15
4_mp4-0177_jpg.rf.6c7827676ba5a0f21788c95030f29017_1.jpg,train,FAKE_14,terlalu_kecil,1768.814561536414,34,13
4_mp4-0177_jpg.rf.6c7827676ba5a0f21788c95030f29017_3.jpg,train,FAKE_12,terlalu_kecil,1879.4630274919887,110,14
4_mp4-0177_jpg.rf.6c7827676ba5a0f21788c95030f29017_4.jpg,train,FAKE_9,terlalu_kecil,1259.377855032929,44,16
4_mp4-0177_jpg.rf.6c7827676ba5a0f21788c95030f29017_5.jpg,train,FAKE_11,terlalu_kecil,1380.3710657596373,45,14
4_mp4-0177_jpg.rf.6c7827676ba5a0f21788c95030f29017_6.jpg,train,REAL_3,terlalu_kecil,597.4407507341871,37,14
4_mp4-0177_jpg.rf.6c7827676ba5a0f21788c95030f29017_7.jpg,train,REAL_1,terlalu_kecil,1414.001814856657,46,13
4_mp4-0177_jpg.rf.6c7827676ba5a0f21788c95030f29017_8.jpg,train,FAKE_7,terlalu_kecil,954.9406604442345,23,8
4_mp4-0177_jpg.rf.6c7827676ba5a0f21788c95030f29017_13.jpg,train,REAL_11,terlalu_kecil,1213.022052622702,22,14
4_mp4-0184_jpg.rf.a7c90028e7d4d9911028b659d252efba_2.jpg,train,FAKE_9,terlalu_kecil,584.1329178145087,44,15
4_mp4-0184_jpg.rf.a7c90028e7d4d9911028b659d252efba_3.jpg,train,FAKE_14,terlalu_kecil,2693.95097009392,34,14
4_mp4-0184_jpg.rf.a7c90028e7d4d9911028b659d252efba_4.jpg,train,FAKE_11,terlalu_kecil,975.9281940341974,43,13
4_mp4-0184_jpg.rf.a7c90028e7d4d9911028b659d252efba_9.jpg,train,REAL_3,terlalu_kecil,734.877037037037,36,15
4_mp4-0188_jpg.rf.e1b30b4b9128cd9aea3cfc734bc3f2e9_2.jpg,train,FAKE_14,terlalu_kecil,2117.214193030153,34,14
4_mp4-0188_jpg.rf.e1b30b4b9128cd9aea3cfc734bc3f2e9_3.jpg,train,FAKE_11,terlalu_kecil,1121.5253134311577,42,11
4_mp4-0188_jpg.rf.e1b30b4b9128cd9aea3cfc734bc3f2e9_4.jpg,train,FAKE_9,terlalu_kecil,2107.433561169858,41,14
4_mp4-0188_jpg.rf.e1b30b4b9128cd9aea3cfc734bc3f2e9_5.jpg,train,REAL_3,terlalu_kecil,1675.6927083333333,36,12
4_mp4-0194_jpg.rf.6e8e831c18a42a9982a52c090c865eb2_2.jpg,train,FAKE_11,terlalu_kecil,6024.612480813155,41,9
4_mp4-0194_jpg.rf.6e8e831c18a42a9982a52c090c865eb2_3.jpg,train,FAKE_14,terlalu_kecil,11115.679574930562,35,13
4_mp4-0194_jpg.rf.6e8e831c18a42a9982a52c090c865eb2_4.jpg,train,REAL_3,terlalu_kecil,6231.547576946159,36,12
4_mp4-0194_jpg.rf.6e8e831c18a42a9982a52c090c865eb2_5.jpg,train,REAL_1,terlalu_kecil,4980.2394433593745,40,8
4_mp4-0194_jpg.rf.6e8e831c18a42a9982a52c090c865eb2_6.jpg,train,FAKE_9,terlalu_kecil,6183.889703578809,41,13
4_mp4-0194_jpg.rf.6e8e831c18a42a9982a52c090c865eb2_7.jpg,train,REAL_12,terlalu_kecil,2739.0565773634557,21,18
4_mp4-0194_jpg.rf.6e8e831c18a42a9982a52c090c865eb2_8.jpg,train,REAL_14,terlalu_kecil,7876.903864888889,25,15
4_mp4-0194_jpg.rf.6e8e831c18a42a9982a52c090c865eb2_9.jpg,train,REAL_9,terlalu_kecil,1880.614935427296,32,7
4_mp4-0204_jpg.rf.39d84d83ad57204c15795d01c9e70ac3_2.jpg,train,FAKE_14,terlalu_kecil,2302.4554277584875,36,16
4_mp4-0204_jpg.rf.39d84d83ad57204c15795d01c9e70ac3_3.jpg,train,FAKE_9,terlalu_kecil,882.2445524560909,42,13
4_mp4-0204_jpg.rf.39d84d83ad57204c15795d01c9e70ac3_4.jpg,train,REAL_3,terlalu_kecil,799.3554727197001,35,14
4_mp4-0204_jpg.rf.39d84d83ad57204c15795d01c9e70ac3_5.jpg,train,REAL_9,terlalu_kecil,503.20818115412715,37,10
4_mp4-0204_jpg.rf.39d84d83ad57204c15795d01c9e70ac3_6.jpg,train,REAL_11,terlalu_kecil,777.1836884802594,43,10
4_mp4-0209_jpg.rf.a66d55b284565cbbc9c4f643eb356231_2.jpg,train,FAKE_14,terlalu_kecil,3045.020034601659,36,16
4_mp4-0209_jpg.rf.a66d55b284565cbbc9c4f643eb356231_3.jpg,train,FAKE_9,terlalu_kecil,1291.2246153846154,40,13
4_mp4-0209_jpg.rf.a66d55b284565cbbc9c4f643eb356231_4.jpg,train,REAL_3,terlalu_kecil,957.9976505395057,34,13
4_mp4-0209_jpg.rf.a66d55b284565cbbc9c4f643eb356231_5.jpg,train,FAKE_4,terlalu_kecil,417.0111175031047,117,12
4_mp4-0209_jpg.rf.a66d55b284565cbbc9c4f643eb356231_6.jpg,train,REAL_9,terlalu_kecil,963.0907034845494,39,10
4_mp4-0209_jpg.rf.a66d55b284565cbbc9c4f643eb356231_7.jpg,train,FAKE_11,terlalu_kecil,1311.5267712276907,43,8
4_mp4-0209_jpg.rf.a66d55b284565cbbc9c4f643eb356231_8.jpg,train,REAL_14,terlalu_kecil,1588.4739044976295,31,15
4_mp4-0225_jpg.rf.13ecb29df47363f8fede1e907e3c35f7_3.jpg,train,FAKE_9,terlalu_kecil,861.2931334102268,45,17
4_mp4-0225_jpg.rf.13ecb29df47363f8fede1e907e3c35f7_4.jpg,train,REAL_3,terlalu_kecil,550.663899872449,35,16
4_mp4-0229_jpg.rf.9c9c7d7bfc2cd8f3c83727cb52e008da_2.jpg,train,FAKE_9,terlalu_kecil,1588.7504017447202,44,18
4_mp4-0229_jpg.rf.9c9c7d7bfc2cd8f3c83727cb52e008da_3.jpg,train,REAL_3,terlalu_kecil,627.2553757304602,37,16
4_mp4-0233_jpg.rf.978133f9bb9a312f0e29ab859a64e715_2.jpg,train,FAKE_9,terlalu_kecil,1120.7224611438055,47,18
4_mp4-0233_jpg.rf.978133f9bb9a312f0e29ab859a64e715_3.jpg,train,REAL_3,terlalu_kecil,2275.331606539993,38,16
4_mp4-0235_jpg.rf.31b9507b63ca9513b6b057f7da03d0ab_2.jpg,train,FAKE_9,terlalu_kecil,862.8604081632653,49,20
4_mp4-0235_jpg.rf.31b9507b63ca9513b6b057f7da03d0ab_4.jpg,train,REAL_3,terlalu_kecil,630.0365027700831,40,19
4_mp4-0251_jpg.rf.b2c517ed2bf562119ca1b4a87cdc203d_2.jpg,train,FAKE_15,terlalu_kecil,1897.521970934256,125,17
4_mp4-0293_jpg.rf.f966a97fe7e4d318bf3a2bb4f8fd05ec_0.jpg,train,FAKE_10,terlalu_kecil,10567.506108236688,51,23
4_mp4-0293_jpg.rf.f966a97fe7e4d318bf3a2bb4f8fd05ec_2.jpg,train,FAKE_5,terlalu_kecil,1278.0307062420352,101,16
4_mp4-0301_jpg.rf.718b223b0acea489201a9e9211ae4d4e_2.jpg,train,FAKE_5,terlalu_kecil,1606.1756828020464,110,21
5_mp4-0001_jpg.rf.c718bfff0f451fbf6489d9426d93b052_2.jpg,train,REAL_6,terlalu_kecil,9066.403230821414,28,19
5_mp4-0008_jpg.rf.05564d3d929317ba13110e3073481887_1.jpg,train,REAL_6,terlalu_kecil,10306.527633202042,32,19
5_mp4-0020_jpg.rf.7422e8ec4090096595415b205c858cfa_0.jpg,train,REAL_6,terlalu_kecil,7738.1364,40,20
5_mp4-0027_jpg.rf.299ec3b9503dce58cc756e6d73396edf_0.jpg,train,REAL_6,terlalu_kecil,6649.571199296916,43,20
5_mp4-0027_jpg.rf.299ec3b9503dce58cc756e6d73396edf_2.jpg,train,REAL_10,terlalu_kecil,730.3761700358414,98,17
5_mp4-0034_jpg.rf.61ac1e14fce3e1a18928809466e0f445_0.jpg,train,REAL_6,terlalu_kecil,2444.7119281663518,46,20
5_mp4-0039_jpg.rf.0fe269cacb2d9bd1963c7cda4b022e62_0.jpg,train,REAL_6,terlalu_kecil,5801.327190768019,49,21
5_mp4-0044_jpg.rf.b20f401c00adc3dc83331e191647f4f3_0.jpg,train,REAL_6,terlalu_kecil,5373.019377773669,52,20
5_mp4-0054_jpg.rf.31e40edffdd81203c5d99fcc14cddd82_0.jpg,train,REAL_6,terlalu_kecil,6164.985184327847,54,20
5_mp4-0067_jpg.rf.7614aa9346cacdc74d1b962898eb1382_0.jpg,train,REAL_6,terlalu_kecil,6969.810383690829,52,20
5_mp4-0067_jpg.rf.7614aa9346cacdc74d1b962898eb1382_2.jpg,train,REAL_5,terlalu_kecil,469.60656644916673,106,17
5_mp4-0075_jpg.rf.3d9f90411b9b12820f827f94c5d56e09_0.jpg,train,REAL_6,terlalu_kecil,3779.0484967320263,51,20
5_mp4-0075_jpg.rf.3d9f90411b9b12820f827f94c5d56e09_1.jpg,train,REAL_5,terlalu_kecil,568.2474893667296,92,16
5_mp4-0082_jpg.rf.a801fdf250e3c5dc1a3c9d21921de845_0.jpg,train,REAL_6,terlalu_kecil,4769.819128651044,49,21
5_mp4-0088_jpg.rf.594ea5d3aa4fe6f8f67579bd816e26b4_0.jpg,train,REAL_6,terlalu_kecil,5527.291727853289,44,22
5_mp4-0098_jpg.rf.fdcd6162030df23c0833d980ff9ba0bc_1.jpg,train,REAL_2,terlalu_kecil,5109.18199265381,99,20
5_mp4-0110_jpg.rf.aebcba04c3ab624efd02379dadee692f_2.jpg,train,REAL_2,terlalu_kecil,1643.0342538063778,118,20
5_mp4-0121_jpg.rf.dfdad68f1dc4524cb09a226c3cf26e49_2.jpg,train,FAKE_9,terlalu_kecil,962.4932966023874,44,15
5_mp4-0121_jpg.rf.dfdad68f1dc4524cb09a226c3cf26e49_3.jpg,train,FAKE_11,terlalu_kecil,1361.9181123529843,45,13
5_mp4-0125_jpg.rf.eeb90c60dce46611e46cd291436959e2_0.jpg,train,FAKE_9,terlalu_kecil,882.6622726127487,42,15
5_mp4-0125_jpg.rf.eeb90c60dce46611e46cd291436959e2_3.jpg,train,REAL_3,terlalu_kecil,1201.307009277344,40,16
5_mp4-0125_jpg.rf.eeb90c60dce46611e46cd291436959e2_4.jpg,train,REAL_14,terlalu_kecil,2344.9756591715977,25,13
5_mp4-0125_jpg.rf.eeb90c60dce46611e46cd291436959e2_5.jpg,train,FAKE_11,terlalu_kecil,1860.6827083333335,40,9
5_mp4-0125_jpg.rf.eeb90c60dce46611e46cd291436959e2_6.jpg,train,FAKE_12,terlalu_kecil,221.02418745275892,27,14
5_mp4-0125_jpg.rf.eeb90c60dce46611e46cd291436959e2_8.jpg,train,FAKE_7,terlalu_kecil,373.4078668054111,31,10
5_mp4-0125_jpg.rf.eeb90c60dce46611e46cd291436959e2_13.jpg,train,FAKE_1,terlalu_kecil,2399.0802774234694,28,12
5_mp4-0125_jpg.rf.eeb90c60dce46611e46cd291436959e2_14.jpg,train,REAL_11,terlalu_kecil,1543.8454654231339,19,13
5_mp4-0125_jpg.rf.eeb90c60dce46611e46cd291436959e2_17.jpg,train,REAL_1,terlalu_kecil,1814.1366439909298,42,10
5_mp4-0140_jpg.rf.74fbe329a440c1d8f0063414cfb5af49_1.jpg,train,FAKE_9,terlalu_kecil,881.9347596153847,40,13
5_mp4-0140_jpg.rf.74fbe329a440c1d8f0063414cfb5af49_3.jpg,train,REAL_4,terlalu_kecil,603.1495510938084,129,22
5_mp4-0150_jpg.rf.f8312a583d9c3814da7c40945cb187ea_1.jpg,train,FAKE_9,terlalu_kecil,1252.5895655309175,43,15
5_mp4-0150_jpg.rf.f8312a583d9c3814da7c40945cb187ea_2.jpg,train,REAL_3,terlalu_kecil,1467.2865396158463,34,14
5_mp4-0156_jpg.rf.330cc693f3241c5fde489f6074d57dc7_1.jpg,train,REAL_3,terlalu_kecil,4279.51052288371,35,13
5_mp4-0156_jpg.rf.330cc693f3241c5fde489f6074d57dc7_4.jpg,train,FAKE_9,terlalu_kecil,1386.1375482093667,44,15
5_mp4-0165_jpg.rf.eccd14ae339649c88a7b791a5908d4fa_0.jpg,train,REAL_5,terlalu_kecil,2218.274790241794,97,19
5_mp4-0165_jpg.rf.eccd14ae339649c88a7b791a5908d4fa_1.jpg,train,FAKE_9,terlalu_kecil,3255.790345882553,41,14
5_mp4-0165_jpg.rf.eccd14ae339649c88a7b791a5908d4fa_2.jpg,train,REAL_3,terlalu_kecil,1449.0250404373376,34,13
5_mp4-0170_jpg.rf.41ebb66c074650f72330e16b203bb824_1.jpg,train,FAKE_9,terlalu_kecil,646.6783037283668,43,16
5_mp4-0170_jpg.rf.41ebb66c074650f72330e16b203bb824_2.jpg,train,REAL_3,terlalu_kecil,1770.907983097029,36,16
5_mp4-0170_jpg.rf.41ebb66c074650f72330e16b203bb824_3.jpg,train,REAL_5,terlalu_kecil,2740.5012842314095,97,12
5_mp4-0179_jpg.rf.df798803a7c1f821d95dcfb8d00e11f9_1.jpg,train,FAKE_9,terlalu_kecil,4795.024337479719,43,16
5_mp4-0179_jpg.rf.df798803a7c1f821d95dcfb8d00e11f9_2.jpg,train,REAL_3,terlalu_kecil,1856.333672839506,36,15
5_mp4-0179_jpg.rf.df798803a7c1f821d95dcfb8d00e11f9_3.jpg,train,REAL_6,terlalu_kecil,4434.680980932318,51,22
5_mp4-0187_jpg.rf.601bcd3de772da3e941ed1f9646cbcb0_1.jpg,train,REAL_6,terlalu_kecil,4123.460833333333,54,20
5_mp4-0193_jpg.rf.d69e7cd7096749d48d7bc2e98ca7ab0a_1.jpg,train,REAL_6,terlalu_kecil,7273.3813289842465,52,19
5_mp4-0199_jpg.rf.9edc8ce1b22faddad1f478a0d72a478d_1.jpg,train,REAL_6,terlalu_kecil,3976.3938070866043,57,19
5_mp4-0223_jpg.rf.ce400d79a1a6f84637c42e01941106e3_0.jpg,train,REAL_6,terlalu_kecil,6042.726649104998,46,18
5_mp4-0231_jpg.rf.3cac94c466025cfd39b94570cd779f1c_0.jpg,train,REAL_6,terlalu_kecil,4013.6094798399504,45,19
5_mp4-0241_jpg.rf.a6a42266b1a43a64b59d8875e1542d79_0.jpg,train,REAL_6,terlalu_kecil,3808.5748646397337,42,21
5_mp4-0241_jpg.rf.a6a42266b1a43a64b59d8875e1542d79_1.jpg,train,REAL_4,terlalu_kecil,1114.8951521815127,98,19
5_mp4-0250_jpg.rf.cf1c77762c8dc4a438a4e7ecd3126539_0.jpg,train,REAL_6,terlalu_kecil,4837.013990457115,41,23
5_mp4-0250_jpg.rf.cf1c77762c8dc4a438a4e7ecd3126539_1.jpg,train,REAL_4,terlalu_kecil,1430.6424009639702,108,16
5_mp4-0256_jpg.rf.1822893bed90abc9882997fd79676d00_2.jpg,train,REAL_4,terlalu_kecil,640.2785422102517,109,10
5_mp4-0288_jpg.rf.f2a0f4c5f92e2b7aa0ff9cf1af6fd64a_1.jpg,train,REAL_2,terlalu_kecil,2489.346260834345,106,14
6_mp4-0011_jpg.rf.96547e2a81932b54aa82582d34ed4f27_0.jpg,train,FAKE_8,terlalu_kecil,704.9584465877639,106,23
6_mp4-0019_jpg.rf.b93c37f6abc7553cc49b793b62529760_1.jpg,train,FAKE_14,terlalu_kecil,3474.1428336992076,88,24
6_mp4-0024_jpg.rf.0f97b99eb83e742c69e457583d4ac56e_1.jpg,train,FAKE_14,terlalu_kecil,2000.881863148919,93,24
6_mp4-0032_jpg.rf.bd690bdf75a2f7211463eb0a76fdca4c_1.jpg,train,FAKE_14,terlalu_kecil,447.9424720668579,98,17
6_mp4-0069_jpg.rf.296116565833cdd29a557f43320d9f0b_2.jpg,train,FAKE_3,terlalu_kecil,1216.7685862920728,101,18
6_mp4-0135_jpg.rf.bfbe4b5d0be116f814e510751eccfbbd_0.jpg,train,FAKE_2,terlalu_kecil,756.5945153140307,127,24
6_mp4-0148_jpg.rf.3057ee00fd34419683172d840d78080f_3.jpg,train,FAKE_9,terlalu_kecil,1392.3783505742983,48,17
6_mp4-0148_jpg.rf.3057ee00fd34419683172d840d78080f_4.jpg,train,FAKE_11,terlalu_kecil,2291.6509038185586,32,14
6_mp4-0148_jpg.rf.3057ee00fd34419683172d840d78080f_5.jpg,train,REAL_3,terlalu_kecil,2085.615977872288,39,16
6_mp4-0148_jpg.rf.3057ee00fd34419683172d840d78080f_6.jpg,train,REAL_1,terlalu_kecil,1555.0932778009162,35,14
6_mp4-0156_jpg.rf.b5fed2527ef2a8f5767493a4ce153215_3.jpg,train,FAKE_9,terlalu_kecil,396.4149212350347,46,15
6_mp4-0156_jpg.rf.b5fed2527ef2a8f5767493a4ce153215_4.jpg,train,REAL_3,terlalu_kecil,970.4180052117955,37,17
6_mp4-0156_jpg.rf.b5fed2527ef2a8f5767493a4ce153215_5.jpg,train,FAKE_11,terlalu_kecil,968.6648752834468,42,10
6_mp4-0160_jpg.rf.00a18f6489cc5011d230c8764c5b70aa_1.jpg,train,FAKE_3,terlalu_kecil,1409.1050262127699,110,19
6_mp4-0167_jpg.rf.b8383d09772cacd1bbd3e8633c0d40a7_2.jpg,train,REAL_3,terlalu_kecil,4081.1339128243894,36,14
6_mp4-0167_jpg.rf.b8383d09772cacd1bbd3e8633c0d40a7_3.jpg,train,FAKE_9,terlalu_kecil,6225.946503771576,42,14
6_mp4-0167_jpg.rf.b8383d09772cacd1bbd3e8633c0d40a7_4.jpg,train,FAKE_3,terlalu_kecil,640.9632913622966,108,17
6_mp4-0167_jpg.rf.b8383d09772cacd1bbd3e8633c0d40a7_5.jpg,train,FAKE_11,terlalu_kecil,7120.955449380166,44,8
6_mp4-0174_jpg.rf.1220dea1cede318a9d538a37c44b1c11_2.jpg,train,REAL_3,terlalu_kecil,1589.3318540433927,36,13
6_mp4-0174_jpg.rf.1220dea1cede318a9d538a37c44b1c11_3.jpg,train,FAKE_9,terlalu_kecil,4589.769995061729,45,15
6_mp4-0231_jpg.rf.28fb0cc97acfa0d355433045da1733e4_2.jpg,train,FAKE_2,terlalu_kecil,1607.6632807028136,130,14
6_mp4-0265_jpg.rf.15a6fedb33b30abd79962bf6bbdddf1f_1.jpg,train,FAKE_13,terlalu_kecil,10277.463287730276,48,24
6_mp4-0265_jpg.rf.15a6fedb33b30abd79962bf6bbdddf1f_2.jpg,train,FAKE_8,terlalu_kecil,958.9164887932359,97,12
6_mp4-0269_jpg.rf.1bafaf492fae309288b227db0d13fa33_1.jpg,train,FAKE_8,terlalu_kecil,1130.6093255790227,99,15
6_mp4-0269_jpg.rf.1bafaf492fae309288b227db0d13fa33_2.jpg,train,FAKE_13,terlalu_kecil,6155.125283446711,49,24
6_mp4-0278_jpg.rf.86dd4198217314be87cdb70c7f4c5355_0.jpg,train,FAKE_14,terlalu_kecil,3651.1128096398743,73,23
6_mp4-0278_jpg.rf.86dd4198217314be87cdb70c7f4c5355_1.jpg,train,FAKE_8,terlalu_kecil,2618.983558007848,93,18
6_mp4-0278_jpg.rf.86dd4198217314be87cdb70c7f4c5355_2.jpg,train,FAKE_13,terlalu_kecil,8733.589037283818,46,22
6_mp4-0284_jpg.rf.f3090d1be5704a9d555b035f1ac558f0_0.jpg,train,FAKE_14,terlalu_kecil,5458.882581542901,74,22
6_mp4-0284_jpg.rf.f3090d1be5704a9d555b035f1ac558f0_1.jpg,train,FAKE_8,terlalu_kecil,5895.818314255984,93,20
6_mp4-0296_jpg.rf.98ac059d3bce93b452141650076f1819_0.jpg,train,FAKE_14,terlalu_kecil,3665.0246871093755,80,20
7_mp4-0000_jpg.rf.3cecaf77f5284b0233da21fbff72eaac_1.jpg,train,REAL_12,terlalu_kecil,1501.1399464604403,82,13
7_mp4-0000_jpg.rf.3cecaf77f5284b0233da21fbff72eaac_2.jpg,train,REAL_8,terlalu_kecil,8251.063966932594,31,18
7_mp4-0006_jpg.rf.bef65effdb3564dcf9a396108d00baa5_0.jpg,train,REAL_12,terlalu_kecil,2285.9567234415485,81,16
7_mp4-0006_jpg.rf.bef65effdb3564dcf9a396108d00baa5_1.jpg,train,REAL_8,terlalu_kecil,8014.607337066797,37,18
7_mp4-0006_jpg.rf.bef65effdb3564dcf9a396108d00baa5_2.jpg,train,REAL_9,terlalu_kecil,1776.0708892725333,84,23
7_mp4-0010_jpg.rf.28363a5d2e5a647dc55651dc2745de90_0.jpg,train,REAL_8,terlalu_kecil,7683.899652008309,40,19
7_mp4-0010_jpg.rf.28363a5d2e5a647dc55651dc2745de90_1.jpg,train,REAL_9,terlalu_kecil,1641.8527189535848,88,23
7_mp4-0010_jpg.rf.28363a5d2e5a647dc55651dc2745de90_2.jpg,train,REAL_12,terlalu_kecil,8037.681107266436,85,17
7_mp4-0014_jpg.rf.adc382b9f6dc41ef447bdbc8a51d232a_0.jpg,train,REAL_8,terlalu_kecil,5529.1057598702,43,20
7_mp4-0014_jpg.rf.adc382b9f6dc41ef447bdbc8a51d232a_1.jpg,train,REAL_12,terlalu_kecil,2958.3149542778015,89,21
7_mp4-0014_jpg.rf.adc382b9f6dc41ef447bdbc8a51d232a_2.jpg,train,REAL_9,terlalu_kecil,941.4312419820542,92,23
7_mp4-0017_jpg.rf.cabe9acb38f23d211020d1716428b47e_0.jpg,train,REAL_12,terlalu_kecil,4750.586920339885,91,23
7_mp4-0017_jpg.rf.cabe9acb38f23d211020d1716428b47e_1.jpg,train,REAL_9,terlalu_kecil,3022.767256495031,88,22
7_mp4-0017_jpg.rf.cabe9acb38f23d211020d1716428b47e_2.jpg,train,REAL_8,terlalu_kecil,2956.3404067460315,40,21
7_mp4-0027_jpg.rf.8975f57878193110ac7084a83350c8bc_2.jpg,train,REAL_9,terlalu_kecil,1315.667143537838,98,19
7_mp4-0044_jpg.rf.1061a8dad308c88db0e898030fe9dcd1_0.jpg,train,REAL_8,terlalu_kecil,5029.9469162615505,58,21
7_mp4-0049_jpg.rf.3e49571d7ad9b00dc11e8b9db91f854c_0.jpg,train,REAL_8,terlalu_kecil,5096.920816982149,57,24
7_mp4-0062_jpg.rf.3070224b3216757813d807c340a2c5cc_1.jpg,train,REAL_15,terlalu_kecil,1016.3857432975382,90,13
7_mp4-0068_jpg.rf.ba53e45a242fc03c2fa27383dd833617_0.jpg,train,REAL_15,terlalu_kecil,1398.5449003130664,84,17
7_mp4-0073_jpg.rf.afb0d7a22ee6b909513594ffcbb14388_2.jpg,train,REAL_15,terlalu_kecil,5991.465947742733,84,22
7_mp4-0075_jpg.rf.d14fd12c191f44b41df44f1c40e25dd3_0.jpg,train,REAL_15,terlalu_kecil,1961.4394342960877,84,23
7_mp4-0080_jpg.rf.1e706d7f8e8c17055c82204ecdb8f09e_2.jpg,train,REAL_12,terlalu_kecil,3209.861492082879,94,19
7_mp4-0087_jpg.rf.ba37db2e7d12da1286dffd175a37ff95_1.jpg,train,REAL_12,terlalu_kecil,1152.1330865648774,91,16
7_mp4-0095_jpg.rf.dde8126c5a53926d92ea0bf860f660cd_1.jpg,train,REAL_12,terlalu_kecil,783.5753182415818,88,11
7_mp4-0098_jpg.rf.31c4b2e8737393c2add4d0d2982ba496_2.jpg,train,REAL_12,terlalu_kecil,545.4789850046242,87,8
7_mp4-0127_jpg.rf.3d8aa056ccbd8826bd6335e60d48eebb_1.jpg,train,REAL_14,terlalu_kecil,892.0825072477321,74,17
7_mp4-0127_jpg.rf.3d8aa056ccbd8826bd6335e60d48eebb_3.jpg,train,FAKE_1,terlalu_kecil,2003.412497704316,30,11
7_mp4-0127_jpg.rf.3d8aa056ccbd8826bd6335e60d48eebb_4.jpg,train,REAL_11,terlalu_kecil,10762.599708504802,18,12
7_mp4-0127_jpg.rf.3d8aa056ccbd8826bd6335e60d48eebb_5.jpg,train,FAKE_7,terlalu_kecil,10856.57780612245,28,4
7_mp4-0133_jpg.rf.8efe7eadf10a771e3dea2539185393db_0.jpg,train,REAL_14,terlalu_kecil,1922.0736328418072,73,23
7_mp4-0133_jpg.rf.8efe7eadf10a771e3dea2539185393db_3.jpg,train,FAKE_1,terlalu_kecil,5610.725287683887,29,11
7_mp4-0140_jpg.rf.8068db1f580f6a26cc341c74a409c306_1.jpg,train,REAL_3,terlalu_kecil,5460.337070043016,37,15
7_mp4-0140_jpg.rf.8068db1f580f6a26cc341c74a409c306_2.jpg,train,FAKE_9,terlalu_kecil,2856.8685583103766,44,15
7_mp4-0140_jpg.rf.8068db1f580f6a26cc341c74a409c306_3.jpg,train,REAL_5,terlalu_kecil,6037.54678969627,34,15
7_mp4-0140_jpg.rf.8068db1f580f6a26cc341c74a409c306_4.jpg,train,REAL_15,terlalu_kecil,4279.8480725623585,84,21
7_mp4-0140_jpg.rf.8068db1f580f6a26cc341c74a409c306_6.jpg,train,FAKE_1,terlalu_kecil,2625.8425957159725,28,11
7_mp4-0140_jpg.rf.8068db1f580f6a26cc341c74a409c306_7.jpg,train,REAL_11,terlalu_kecil,1603.0085544021533,17,12
7_mp4-0140_jpg.rf.8068db1f580f6a26cc341c74a409c306_8.jpg,train,FAKE_7,terlalu_kecil,5089.977383581257,29,7
7_mp4-0144_jpg.rf.aedd7933c97c57689dfd851859fdc5df_1.jpg,train,FAKE_9,terlalu_kecil,2037.3770802395402,44,16
7_mp4-0144_jpg.rf.aedd7933c97c57689dfd851859fdc5df_2.jpg,train,REAL_3,terlalu_kecil,783.3025633189727,37,14
7_mp4-0144_jpg.rf.aedd7933c97c57689dfd851859fdc5df_3.jpg,train,FAKE_11,terlalu_kecil,1054.5999862825788,45,12
7_mp4-0144_jpg.rf.aedd7933c97c57689dfd851859fdc5df_4.jpg,train,REAL_15,terlalu_kecil,1909.7045527810808,87,20
7_mp4-0144_jpg.rf.aedd7933c97c57689dfd851859fdc5df_6.jpg,train,REAL_5,terlalu_kecil,674.6584533068204,46,17
7_mp4-0149_jpg.rf.9875fd0bc0c670443112aa7057eb94b8_1.jpg,train,FAKE_11,terlalu_kecil,3591.422396694215,44,10
7_mp4-0149_jpg.rf.9875fd0bc0c670443112aa7057eb94b8_2.jpg,train,REAL_3,terlalu_kecil,2671.4347718253966,36,14
7_mp4-0149_jpg.rf.9875fd0bc0c670443112aa7057eb94b8_3.jpg,train,FAKE_9,terlalu_kecil,4222.500624739692,42,14
7_mp4-0149_jpg.rf.9875fd0bc0c670443112aa7057eb94b8_5.jpg,train,REAL_5,terlalu_kecil,842.200125468272,44,17
7_mp4-0149_jpg.rf.9875fd0bc0c670443112aa7057eb94b8_6.jpg,train,FAKE_1,terlalu_kecil,4670.337777777778,30,12
7_mp4-0149_jpg.rf.9875fd0bc0c670443112aa7057eb94b8_7.jpg,train,REAL_15,terlalu_kecil,984.8379040818779,79,16
7_mp4-0149_jpg.rf.9875fd0bc0c670443112aa7057eb94b8_9.jpg,train,FAKE_7,terlalu_kecil,3043.1462544589776,29,8
7_mp4-0149_jpg.rf.9875fd0bc0c670443112aa7057eb94b8_10.jpg,train,FAKE_12,terlalu_kecil,1757.7033193454897,26,14
7_mp4-0149_jpg.rf.9875fd0bc0c670443112aa7057eb94b8_11.jpg,train,FAKE_7,terlalu_kecil,2647.540855380499,29,8
7_mp4-0149_jpg.rf.9875fd0bc0c670443112aa7057eb94b8_14.jpg,train,REAL_1,terlalu_kecil,2065.377372713212,46,11
7_mp4-0149_jpg.rf.9875fd0bc0c670443112aa7057eb94b8_19.jpg,train,REAL_11,terlalu_kecil,774.9124901661345,21,14
7_mp4-0153_jpg.rf.3c3c774067aee6e1e17ba46a61d82931_2.jpg,train,REAL_3,terlalu_kecil,2159.616128804463,34,14
7_mp4-0153_jpg.rf.3c3c774067aee6e1e17ba46a61d82931_3.jpg,train,FAKE_9,terlalu_kecil,1072.576775,40,15
7_mp4-0153_jpg.rf.3c3c774067aee6e1e17ba46a61d82931_4.jpg,train,REAL_15,terlalu_kecil,1488.8298206341358,85,14
7_mp4-0153_jpg.rf.3c3c774067aee6e1e17ba46a61d82931_5.jpg,train,REAL_5,terlalu_kecil,733.1690588662791,43,16
7_mp4-0153_jpg.rf.3c3c774067aee6e1e17ba46a61d82931_6.jpg,train,FAKE_11,terlalu_kecil,2563.686829268293,41,10
7_mp4-0153_jpg.rf.3c3c774067aee6e1e17ba46a61d82931_13.jpg,train,FAKE_1,terlalu_kecil,1412.700842192656,29,13
7_mp4-0153_jpg.rf.3c3c774067aee6e1e17ba46a61d82931_14.jpg,train,REAL_11,terlalu_kecil,703.8645666666666,20,15
7_mp4-0158_jpg.rf.e30ab917e1dfe85587a5d5c014112dc3_1.jpg,train,FAKE_9,terlalu_kecil,1945.1374264452784,38,13
7_mp4-0158_jpg.rf.e30ab917e1dfe85587a5d5c014112dc3_2.jpg,train,REAL_3,terlalu_kecil,2253.26330859096,33,12
7_mp4-0158_jpg.rf.e30ab917e1dfe85587a5d5c014112dc3_3.jpg,train,FAKE_1,terlalu_kecil,1599.8680353763132,29,13
7_mp4-0158_jpg.rf.e30ab917e1dfe85587a5d5c014112dc3_4.jpg,train,FAKE_11,terlalu_kecil,6018.344864525623,38,8
7_mp4-0158_jpg.rf.e30ab917e1dfe85587a5d5c014112dc3_5.jpg,train,REAL_8,terlalu_kecil,7610.597273111522,54,23
7_mp4-0158_jpg.rf.e30ab917e1dfe85587a5d5c014112dc3_6.jpg,train,REAL_11,terlalu_kecil,3105.415169989564,21,17
7_mp4-0158_jpg.rf.e30ab917e1dfe85587a5d5c014112dc3_7.jpg,train,REAL_5,terlalu_kecil,3572.6435831135177,42,14
7_mp4-0164_jpg.rf.18822420eb5aed054b8257f4189c08db_1.jpg,train,FAKE_9,terlalu_kecil,2212.576193676343,38,13
7_mp4-0164_jpg.rf.18822420eb5aed054b8257f4189c08db_2.jpg,train,REAL_8,terlalu_kecil,4992.835653653058,58,24
7_mp4-0164_jpg.rf.18822420eb5aed054b8257f4189c08db_3.jpg,train,REAL_3,terlalu_kecil,2054.1625683339817,34,13
7_mp4-0164_jpg.rf.18822420eb5aed054b8257f4189c08db_4.jpg,train,REAL_5,terlalu_kecil,5512.937992810761,44,14
7_mp4-0168_jpg.rf.e33f06262221fc9dc2aec9bdc4c2be48_1.jpg,train,FAKE_9,terlalu_kecil,3225.922222222222,40,15
7_mp4-0168_jpg.rf.e33f06262221fc9dc2aec9bdc4c2be48_2.jpg,train,REAL_8,terlalu_kecil,5525.006622033187,60,23
7_mp4-0168_jpg.rf.e33f06262221fc9dc2aec9bdc4c2be48_3.jpg,train,REAL_3,terlalu_kecil,1437.771094786246,33,12
7_mp4-0168_jpg.rf.e33f06262221fc9dc2aec9bdc4c2be48_4.jpg,train,REAL_5,terlalu_kecil,2646.543055555556,40,15
7_mp4-0172_jpg.rf.140e710ac1113bc8fd04dc33d2a044e3_1.jpg,train,FAKE_9,terlalu_kecil,1425.0603722401613,38,13
7_mp4-0172_jpg.rf.140e710ac1113bc8fd04dc33d2a044e3_2.jpg,train,REAL_8,terlalu_kecil,3941.618416801117,59,23
7_mp4-0172_jpg.rf.140e710ac1113bc8fd04dc33d2a044e3_3.jpg,train,REAL_3,terlalu_kecil,2889.5639667248056,33,13
7_mp4-0172_jpg.rf.140e710ac1113bc8fd04dc33d2a044e3_4.jpg,train,REAL_5,terlalu_kecil,917.5153833842895,43,14
7_mp4-0178_jpg.rf.51cbf1751edb85c37a1d3f492404c621_2.jpg,train,FAKE_9,terlalu_kecil,7014.097130102042,40,14
7_mp4-0178_jpg.rf.51cbf1751edb85c37a1d3f492404c621_3.jpg,train,REAL_3,terlalu_kecil,1751.8806944984744,34,13
7_mp4-0178_jpg.rf.51cbf1751edb85c37a1d3f492404c621_4.jpg,train,REAL_5,terlalu_kecil,1187.8882438901487,42,15
7_mp4-0185_jpg.rf.47c5a7d2f8888e1974f7aaa647b5b655_2.jpg,train,FAKE_9,terlalu_kecil,1369.388372927296,42,16
7_mp4-0185_jpg.rf.47c5a7d2f8888e1974f7aaa647b5b655_3.jpg,train,REAL_3,terlalu_kecil,845.0869610969389,35,16
7_mp4-0185_jpg.rf.47c5a7d2f8888e1974f7aaa647b5b655_4.jpg,train,FAKE_14,terlalu_kecil,482.6374475725568,89,12
7_mp4-0191_jpg.rf.7c60da79efdad98bc00ed939a669c6f0_1.jpg,train,REAL_3,terlalu_kecil,2066.2272395232603,34,15
7_mp4-0191_jpg.rf.7c60da79efdad98bc00ed939a669c6f0_2.jpg,train,FAKE_9,terlalu_kecil,2115.844544348296,43,16
7_mp4-0191_jpg.rf.7c60da79efdad98bc00ed939a669c6f0_3.jpg,train,REAL_5,terlalu_kecil,2631.6913988657843,46,16
7_mp4-0191_jpg.rf.7c60da79efdad98bc00ed939a669c6f0_4.jpg,train,REAL_9,terlalu_kecil,2534.623063653229,89,17
7_mp4-0195_jpg.rf.f2d6f90f4402d996adc6b6120558a3f7_2.jpg,train,FAKE_9,terlalu_kecil,4066.8441897710563,46,18
7_mp4-0195_jpg.rf.f2d6f90f4402d996adc6b6120558a3f7_3.jpg,train,REAL_3,terlalu_kecil,2613.5113941155996,39,17
7_mp4-0195_jpg.rf.f2d6f90f4402d996adc6b6120558a3f7_4.jpg,train,REAL_5,terlalu_kecil,659.2250913971031,49,18
7_mp4-0195_jpg.rf.f2d6f90f4402d996adc6b6120558a3f7_5.jpg,train,REAL_9,terlalu_kecil,2663.732991198015,92,20
7_mp4-0199_jpg.rf.e5bf0db98c05aab73580cbffb7ce6dd3_2.jpg,train,FAKE_9,terlalu_kecil,327.43370161183776,29,12
7_mp4-0199_jpg.rf.e5bf0db98c05aab73580cbffb7ce6dd3_3.jpg,train,REAL_9,terlalu_kecil,2181.141205071151,92,24
7_mp4-0214_jpg.rf.dd371121febdb96049c14fd615e5cd09_1.jpg,train,REAL_14,terlalu_kecil,2722.1055932549116,78,19
7_mp4-0220_jpg.rf.dc70a30b0ddc93dcc6dc85d3db09b43c_0.jpg,train,REAL_14,terlalu_kecil,563.5615537566658,78,12
7_mp4-0251_jpg.rf.982a3d3d2ec318cbf1b47151a471ec50_0.jpg,train,REAL_12,terlalu_kecil,427.3717755668865,98,13
7_mp4-0261_jpg.rf.ae8e33dc3300d79077ed12e9f1369627_1.jpg,train,REAL_12,terlalu_kecil,1734.0405666666666,100,21
7_mp4-0264_jpg.rf.5c60b74d1a5061843bf22f302f939289_1.jpg,train,REAL_12,terlalu_kecil,1267.1185271914464,102,23
7_mp4-0269_jpg.rf.e11d9a8bbc8f024c6db4c7afcb518f6f_1.jpg,train,REAL_12,terlalu_kecil,4964.845377604167,96,24
7_mp4-0269_jpg.rf.e11d9a8bbc8f024c6db4c7afcb518f6f_2.jpg,train,REAL_9,terlalu_kecil,1198.4274658350162,97,24
7_mp4-0273_jpg.rf.6ca200b20bdec64018800c15d0ff040c_2.jpg,train,REAL_9,terlalu_kecil,737.1093501190833,102,23
7_mp4-0283_jpg.rf.440220e5e629c4e03386b73f0a0b0e7c_2.jpg,train,REAL_9,terlalu_kecil,1201.6522144418736,102,13
7_mp4-0286_jpg.rf.9b7c160fe2de61be8572fdd06748f98c_2.jpg,train,REAL_9,terlalu_kecil,1912.6123309479954,99,13
7_mp4-0299_jpg.rf.59e3d5ba2db81bb1154907165ca9f49f_0.jpg,train,REAL_8,terlalu_kecil,4708.514132801204,59,22
8_mp4-0002_jpg.rf.c3c11b45f15a0a741c43e801708c8217_1.jpg,train,R1,terlalu_kecil,1880.6780969290478,49,17
8_mp4-0014_jpg.rf.5bd6f41b4be240772197780d8617c7b4_0.jpg,train,R1,terlalu_kecil,1288.2623298513224,46,17
8_mp4-0014_jpg.rf.5bd6f41b4be240772197780d8617c7b4_2.jpg,train,R1,terlalu_kecil,533.4508062484252,63,10
8_mp4-0026_jpg.rf.68ec9637e7fb9118361e77bd13a084ad_0.jpg,train,R1,terlalu_kecil,5881.120167107751,50,23
8_mp4-0026_jpg.rf.68ec9637e7fb9118361e77bd13a084ad_2.jpg,train,R1,terlalu_kecil,793.7356628926079,68,21
8_mp4-0074_jpg.rf.ae56a70bdb8898a7837dcc3d3e1b3558_2.jpg,train,R1,terlalu_kecil,565.3075144910035,91,20
8_mp4-0149_jpg.rf.328429bb10400e443dde31a5e975ef4a_4.jpg,train,REAL_11,terlalu_kecil,715.0971625344354,22,15
8_mp4-0149_jpg.rf.328429bb10400e443dde31a5e975ef4a_7.jpg,train,FAKE_1,terlalu_kecil,778.3279084967321,34,15
8_mp4-0157_jpg.rf.4b99e3f81d28d2970a41fd6e9b1bc6e1_2.jpg,train,R1,terlalu_kecil,2263.7268538702665,86,14
8_mp4-0176_jpg.rf.1f5e0319c2e451b57c0e5f5f84a20803_4.jpg,train,FAKE_12,terlalu_kecil,3685.72500270241,29,11
8_mp4-0176_jpg.rf.1f5e0319c2e451b57c0e5f5f84a20803_5.jpg,train,REAL_11,terlalu_kecil,1134.634622222222,20,15
8_mp4-0183_jpg.rf.9da88630e192273f63c94f0d27dbb835_2.jpg,train,R1,terlalu_kecil,1249.4856407937139,28,19
8_mp4-0198_jpg.rf.3171168f1c4bf762e0f81ae689984bd5_3.jpg,train,FAKE_12,terlalu_kecil,347.7657225546306,31,16
8_mp4-0198_jpg.rf.3171168f1c4bf762e0f81ae689984bd5_6.jpg,train,REAL_11,terlalu_kecil,1845.2354043268222,23,15
8_mp4-0201_jpg.rf.f7ac7c823b53c3549054420f05b043c4_3.jpg,train,FAKE_12,terlalu_kecil,240.26108678765624,28,17
8_mp4-0201_jpg.rf.f7ac7c823b53c3549054420f05b043c4_6.jpg,train,REAL_11,terlalu_kecil,782.4478862222222,25,15
9_mp4-0026_jpg.rf.188dad19b6a1d0af92faa6b33be4a029_0.jpg,train,R1,terlalu_kecil,1591.5721549827083,111,21
9_mp4-0086_jpg.rf.96b710840d90c1f4966f23806b495419_2.jpg,train,R1,terlalu_kecil,592.1570133149678,90,22
9_mp4-0120_jpg.rf.e8309740600d77788cf77dd83fa2c503_2.jpg,train,R1,terlalu_kecil,2548.628772057742,93,23
9_mp4-0123_jpg.rf.3c3437a441e8c2084c55145091bd6956_3.jpg,train,R1,terlalu_kecil,934.9899423298732,90,17
9_mp4-0123_jpg.rf.3c3437a441e8c2084c55145091bd6956_4.jpg,train,FAKE_12,terlalu_kecil,5820.185703769475,33,11
9_mp4-0123_jpg.rf.3c3437a441e8c2084c55145091bd6956_5.jpg,train,REAL_11,terlalu_kecil,1594.1281010058578,23,18
9_mp4-0127_jpg.rf.09e748f2dc41cc50272101e8bca2442a_3.jpg,train,R1,terlalu_kecil,2338.0049543881723,34,11
9_mp4-0127_jpg.rf.09e748f2dc41cc50272101e8bca2442a_4.jpg,train,FAKE_12,terlalu_kecil,728.5665595945247,32,11
9_mp4-0127_jpg.rf.09e748f2dc41cc50272101e8bca2442a_5.jpg,train,R1,terlalu_kecil,5666.8791963399935,32,21
9_mp4-0127_jpg.rf.09e748f2dc41cc50272101e8bca2442a_6.jpg,train,R1,terlalu_kecil,1032.5928527279877,74,13
9_mp4-0127_jpg.rf.09e748f2dc41cc50272101e8bca2442a_7.jpg,train,REAL_11,terlalu_kecil,2565.3521497112133,23,17
9_mp4-0127_jpg.rf.09e748f2dc41cc50272101e8bca2442a_8.jpg,train,FAKE_1,terlalu_kecil,3538.3544872763923,21,15
9_mp4-0133_jpg.rf.0f2d142bdac501e70a40452beffd9ab6_2.jpg,train,R1,terlalu_kecil,1999.5623278839644,46,18
9_mp4-0133_jpg.rf.0f2d142bdac501e70a40452beffd9ab6_4.jpg,train,FAKE_12,terlalu_kecil,970.1619148388575,34,11
9_mp4-0133_jpg.rf.0f2d142bdac501e70a40452beffd9ab6_6.jpg,train,FAKE_1,terlalu_kecil,5306.036415355095,21,13
9_mp4-0133_jpg.rf.0f2d142bdac501e70a40452beffd9ab6_7.jpg,train,R1,terlalu_kecil,6056.425689386056,31,20
9_mp4-0133_jpg.rf.0f2d142bdac501e70a40452beffd9ab6_8.jpg,train,REAL_11,terlalu_kecil,4210.446249999999,20,16
9_mp4-0146_jpg.rf.4cad7e35ae22974b6186bf32552e4bf9_3.jpg,train,FAKE_12,terlalu_kecil,841.7496045325413,32,11
9_mp4-0146_jpg.rf.4cad7e35ae22974b6186bf32552e4bf9_4.jpg,train,R1,terlalu_kecil,1037.9871968066898,44,13
9_mp4-0146_jpg.rf.4cad7e35ae22974b6186bf32552e4bf9_5.jpg,train,REAL_11,terlalu_kecil,6333.829990234374,20,16
9_mp4-0146_jpg.rf.4cad7e35ae22974b6186bf32552e4bf9_7.jpg,train,FAKE_1,terlalu_kecil,7706.137941710167,31,11
9_mp4-0150_jpg.rf.d87c38b82128eceb1074bbc4e51f634f_3.jpg,train,R1,terlalu_kecil,1647.4092359427925,41,11
9_mp4-0150_jpg.rf.d87c38b82128eceb1074bbc4e51f634f_4.jpg,train,R1,terlalu_kecil,2458.127496301775,26,16
9_mp4-0150_jpg.rf.d87c38b82128eceb1074bbc4e51f634f_5.jpg,train,FAKE_1,terlalu_kecil,701.1182612968612,34,13
9_mp4-0150_jpg.rf.d87c38b82128eceb1074bbc4e51f634f_6.jpg,train,REAL_11,terlalu_kecil,1608.1868421766492,24,16
9_mp4-0150_jpg.rf.d87c38b82128eceb1074bbc4e51f634f_7.jpg,train,FAKE_12,terlalu_kecil,416.89598948060484,30,13
9_mp4-0154_jpg.rf.2352ebde8bd2ec6861baffb6da910c97_3.jpg,train,R1,terlalu_kecil,547.2709120685311,72,14
9_mp4-0154_jpg.rf.2352ebde8bd2ec6861baffb6da910c97_4.jpg,train,R1,terlalu_kecil,2248.8545751633987,24,17
9_mp4-0154_jpg.rf.2352ebde8bd2ec6861baffb6da910c97_5.jpg,train,FAKE_12,terlalu_kecil,2261.5381167299843,31,13
9_mp4-0154_jpg.rf.2352ebde8bd2ec6861baffb6da910c97_6.jpg,train,R1,terlalu_kecil,657.7140897511268,42,9
9_mp4-0154_jpg.rf.2352ebde8bd2ec6861baffb6da910c97_7.jpg,train,FAKE_1,terlalu_kecil,1158.3689383783285,32,13
9_mp4-0154_jpg.rf.2352ebde8bd2ec6861baffb6da910c97_8.jpg,train,REAL_11,terlalu_kecil,1949.544453372105,22,18
9_mp4-0154_jpg.rf.2352ebde8bd2ec6861baffb6da910c97_9.jpg,train,FAKE_7,terlalu_kecil,1098.5824150596877,33,8
9_mp4-0158_jpg.rf.3519a6e14b5e52b6d5aa1524d4e5fa5d_2.jpg,train,R1,terlalu_kecil,651.8752460410224,78,18
9_mp4-0158_jpg.rf.3519a6e14b5e52b6d5aa1524d4e5fa5d_3.jpg,train,R1,terlalu_kecil,1377.496130495472,29,23
9_mp4-0158_jpg.rf.3519a6e14b5e52b6d5aa1524d4e5fa5d_4.jpg,train,FAKE_12,terlalu_kecil,345.59016147635526,34,15
9_mp4-0158_jpg.rf.3519a6e14b5e52b6d5aa1524d4e5fa5d_5.jpg,train,FAKE_7,terlalu_kecil,989.2602267573694,35,9
9_mp4-0158_jpg.rf.3519a6e14b5e52b6d5aa1524d4e5fa5d_6.jpg,train,REAL_11,terlalu_kecil,582.178975,25,16
9_mp4-0158_jpg.rf.3519a6e14b5e52b6d5aa1524d4e5fa5d_7.jpg,train,FAKE_1,terlalu_kecil,1646.3619575144871,36,14
9_mp4-0168_jpg.rf.9206981590dabfdd3e41eecb3ade520f_3.jpg,train,R1,terlalu_kecil,2118.111567982456,24,19
9_mp4-0175_jpg.rf.8f3a45e3387f5bb0eb5d789e55aee06e_3.jpg,train,R1,terlalu_kecil,3793.358747341682,23,16
9_mp4-0175_jpg.rf.8f3a45e3387f5bb0eb5d789e55aee06e_4.jpg,train,R1,terlalu_kecil,637.4223229772473,44,9
9_mp4-0179_jpg.rf.efaff4b2b38871e04dba45306fdfc2bd_4.jpg,train,R1,terlalu_kecil,3549.137353497165,23,20
9_mp4-0203_jpg.rf.067d9c0987773be338e56452cc3bb4e4_2.jpg,train,R1,terlalu_kecil,859.1594797698694,22,21
9_mp4-0269_jpg.rf.4671b5dce54b9f49e11171ab64271079_2.jpg,train,R1,terlalu_kecil,605.8538860238776,71,17
9_mp4-0300_jpg.rf.5b0e2a8d32acc8db1314abe5cad93cb9_2.jpg,train,R1,terlalu_kecil,1448.3444077134984,90,22
dataset_2_mp4-0028_jpg.rf.57cfef6b9fb9e07f0854de7e4b9fc8e7_1.jpg,train,FAKE_7,blur,17.205592929169264,328,163
dataset_2_mp4-0030_jpg.rf.c5d180f43d15fd402b2d3b9786de9b72_0.jpg,train,FAKE_7,blur,28.172400304990443,344,170
dataset_2_mp4-0033_jpg.rf.e9830673f477d700b7559ca3a4714c06_1.jpg,train,FAKE_3,terlalu_kecil,2267.636799456278,162,24
dataset_2_mp4-0036_jpg.rf.601e6ec7bba1ec6c921750a767429c3b_0.jpg,train,FAKE_7,blur,45.89509101160675,408,165
dataset_2_mp4-0041_jpg.rf.5b96ed5a3f4ccfe5984c8b5ca3b162c5_0.jpg,train,FAKE_7,blur,41.451546623143415,400,111
dataset_2_mp4-0046_jpg.rf.990a8fa02819adea7d2a8ee03ae0d39a_0.jpg,train,FAKE_14,blur,46.320498978753136,328,143
dataset_2_mp4-0057_jpg.rf.e2f6457328686a299553c5e5f4332e04_0.jpg,train,FAKE_14,blur,35.28079369654271,377,56
dataset_2_mp4-0062_jpg.rf.6709f0c926ac5f84a53a5497ade16402_1.jpg,train,FAKE_10,blur,47.33005384318676,301,196
dataset_2_mp4-0075_jpg.rf.f304d7c3e508f1ae41bb08da81a63abe_0.jpg,train,FAKE_5,blur,43.30706639453976,311,284
dataset_2_mp4-0173_jpg.rf.9c946b33b3309633130bf595736be636_1.jpg,train,FAKE_2,terlalu_kecil,1654.0155102040815,25,14
dataset_2_mp4-0181_jpg.rf.5993de47efa7f3fbc2b919f6b0c270fb_1.jpg,train,REAL_10,blur,45.38197394078949,276,72
dataset_2_mp4-0183_jpg.rf.a83a16ff0a8074af2240b8c02b3c4b3b_0.jpg,train,REAL_6,blur,20.899023622802215,383,132
dataset_2_mp4-0183_jpg.rf.a83a16ff0a8074af2240b8c02b3c4b3b_1.jpg,train,REAL_10,blur,18.068174210969595,310,129
dataset_2_mp4-0186_jpg.rf.28dfd9d31ecba559eee139bd8e9acc81_0.jpg,train,REAL_6,blur,31.533466922421127,284,114
dataset_2_mp4-0186_jpg.rf.28dfd9d31ecba559eee139bd8e9acc81_1.jpg,train,REAL_10,blur,31.731212864209667,384,174
dataset_2_mp4-0188_jpg.rf.c43eea54d3a3c685024f20b8dc4aa906_0.jpg,train,REAL_10,blur,32.67020835900997,393,198
dataset_2_mp4-0188_jpg.rf.c43eea54d3a3c685024f20b8dc4aa906_1.jpg,train,REAL_6,blur,47.67026184006098,271,70
dataset_2_mp4-0191_jpg.rf.2ac8969657184c4346bc13972184c1cf_1.jpg,train,REAL_10,blur,42.89179726687168,442,258
dataset_2_mp4-0202_jpg.rf.4afecd52aca48449ebcc7a4a031a058f_0.jpg,train,REAL_10,blur,35.916807553991674,453,277
dataset_2_mp4-0204_jpg.rf.beacde95da99d23c4a79f2e87bf738f7_0.jpg,train,REAL_10,blur,44.236988286003985,441,226
dataset_2_mp4-0205_jpg.rf.abe28162cfa1bb839d095979aebecaa5_0.jpg,train,REAL_10,blur,41.97546953028317,392,173
dataset_2_mp4-0205_jpg.rf.abe28162cfa1bb839d095979aebecaa5_1.jpg,train,REAL_9,blur,31.400704080659438,276,98
dataset_2_mp4-0206_jpg.rf.3ef92bc2d98f9c5f0827d8ec35b71a53_0.jpg,train,REAL_9,blur,27.235495649752284,304,141
dataset_2_mp4-0207_jpg.rf.fc33a2c1264df11e465a808a714f9649_2.jpg,train,REAL_9,blur,25.132367111818414,344,158
dataset_2_mp4-0210_jpg.rf.2c5a8da1d154a77026e911ad8cf9b871_0.jpg,train,FAKE_3,blur,28.99993164779266,442,181
dataset_2_mp4-0219_jpg.rf.089c2193c50873d8f22792f8df1e3f55_1.jpg,train,REAL_9,blur,39.879260917042444,424,150
dataset_2_mp4-0219_jpg.rf.089c2193c50873d8f22792f8df1e3f55_3.jpg,train,FAKE_3,terlalu_kecil,670.936548547111,178,24
dataset_2_mp4-0222_jpg.rf.31fac4cf085f4bd029936ee70a791792_1.jpg,train,REAL_11,blur,17.70548647273804,359,171
dataset_2_mp4-0228_jpg.rf.a0ae5a47881dee572888c68bb5a5cb60_0.jpg,train,REAL_11,blur,16.21748456388509,348,196
dataset_2_mp4-0233_jpg.rf.4b408253256e91a1fc3d7f70590d8fce_0.jpg,train,REAL_5,blur,28.13632792257278,276,270
dataset_2_mp4-0234_jpg.rf.9b55f6c9a472088c241bb08a56ca34c5_0.jpg,train,REAL_5,blur,43.119894096131716,278,260
dataset_2_mp4-0236_jpg.rf.f56bde80c4351d22b69b59ce6e7ed359_0.jpg,train,REAL_5,blur,16.62990732369014,286,274
dataset_2_mp4-0240_jpg.rf.fa98771cc8a30fccf341d9d53e6dd149_0.jpg,train,REAL_5,blur,23.971107308839002,338,306
dataset_2_mp4-0241_jpg.rf.21c505c1462cd63a8d2193dedfa4bb55_0.jpg,train,REAL_5,blur,33.73133847931106,345,320
dataset_2_mp4-0245_jpg.rf.454862fbf525968906d8e0ba413983c2_0.jpg,train,REAL_5,blur,36.969462571562474,317,315
dataset_2_mp4-0247_jpg.rf.bda23aa4eeae345a41f8bbc20acf8d00_0.jpg,train,REAL_5,blur,35.59112729580527,310,298
dataset_2_mp4-0251_jpg.rf.d53956aba84fbdbb2240dd5e484d040a_0.jpg,train,REAL_5,blur,15.77976655728929,311,306
dataset_2_mp4-0253_jpg.rf.80c6612aeb29e902621a83632363b3e8_0.jpg,train,REAL_5,blur,23.906667087522997,322,320
dataset_2_mp4-0270_jpg.rf.75d4609add1429291aff40b019dd9898_0.jpg,train,FAKE_15,blur,27.336366480719327,373,125
dataset_2_mp4-0270_jpg.rf.75d4609add1429291aff40b019dd9898_1.jpg,train,FAKE_1,blur,25.467906493059143,312,73
dataset_2_mp4-0272_jpg.rf.3fcfa02f0b46c18021ac3f8f88291549_1.jpg,train,FAKE_1,blur,45.91649357474493,417,168
dataset_2_mp4-0286_jpg.rf.1d169a3398371288706a373a1668a787_0.jpg,train,FAKE_3,blur,33.45967372119259,380,142
dataset_2_mp4-0298_jpg.rf.3f77ded3b3867a4e1a4ee6053e90ea83_1.jpg,train,FAKE_3,blur,40.47305541816614,413,127
dataset_2_mp4-0300_jpg.rf.a17bd50429fb8eed92fcc33fe81bb8b9_0.jpg,train,FAKE_4,blur,48.7080165979646,325,118
dataset_2_mp4-0301_jpg.rf.471d11502d0fcbe46df8366e508947be_0.jpg,train,FAKE_4,blur,48.70099320198636,362,138
dataset_2_mp4-0314_jpg.rf.7fa539d109b7e3ca2fc337de749a649a_0.jpg,train,FAKE_15,blur,46.94237729788105,350,146
dataset_2_mp4-0323_jpg.rf.4cd81678deb201a95af2d7ebb4c755ec_0.jpg,train,FAKE_15,blur,11.747234971419873,299,189
dataset_2_mp4-0325_jpg.rf.00cbe514d4c91a16d854dd29fb82b74b_0.jpg,train,FAKE_9,blur,49.566483482182285,331,326
dataset_2_mp4-0327_jpg.rf.c08b453c69dd7a3a4c36b515172587de_0.jpg,train,FAKE_9,blur,19.263594034615707,343,342
dataset_2_mp4-0330_jpg.rf.fb4bb9fe7fe3aa3775e1d6ddcc15eaf7_0.jpg,train,FAKE_9,blur,23.123221078427605,362,358
dataset_2_mp4-0332_jpg.rf.bf51c9bb5f44dff739d34c3198dc79b8_0.jpg,train,FAKE_9,blur,36.03746960526199,337,300
dataset_2_mp4-0333_jpg.rf.38fe8466fa5c526fcf8d06d8ec938978_0.jpg,train,FAKE_9,blur,25.80454438542264,334,306
dataset_2_mp4-0337_jpg.rf.08eedf517f7b5e393d81e74e7cf0df16_0.jpg,train,FAKE_9,blur,26.817353117289482,393,351
dataset_2_mp4-0347_jpg.rf.c347b0a3f9bb7782c8e3e516b0e37891_0.jpg,train,REAL_1,blur,33.76497144689381,418,215
dataset_2_mp4-0357_jpg.rf.136f772a46c88acd98a5e18a99b5b0f9_0.jpg,train,REAL_3,blur,23.831906999904245,300,118
dataset_2_mp4-0366_jpg.rf.36fe72c72d7e2e130da14c1e29a2bb94_1.jpg,train,FAKE_12,terlalu_kecil,9417.010591715976,26,10
dataset_2_mp4-0366_jpg.rf.36fe72c72d7e2e130da14c1e29a2bb94_2.jpg,train,FAKE_11,terlalu_kecil,2557.431185697419,28,11
dataset_2_mp4-0368_jpg.rf.8b438dd059d7b5fc8f70f08cbf7b13af_0.jpg,train,REAL_3,blur,29.585088005929215,374,110
dataset_2_mp4-0368_jpg.rf.8b438dd059d7b5fc8f70f08cbf7b13af_1.jpg,train,REAL_4,blur,34.92135643318933,334,115
dataset_2_mp4-0374_jpg.rf.e6f66fb1be951b56620730a23ffbac8d_0.jpg,train,REAL_4,blur,47.26411312248169,394,201
dataset_2_mp4-0381_jpg.rf.e3282f966e6f2723277d50249d11070b_0.jpg,train,REAL_4,blur,43.017548554584145,414,127
dataset_2_mp4-0394_jpg.rf.d95cff10e1b432b17ff5d623ec871c3b_0.jpg,train,REAL_12,blur,20.627594128895318,444,113
dataset_2_mp4-0406_jpg.rf.e2a5ef864ce12bf24b6c6a2b7d281570_0.jpg,train,REAL_1,blur,9.414550530539472,333,220
dataset_2_mp4-0410_jpg.rf.d49172c54abea977d243819e46a18f1c_0.jpg,train,REAL_2,blur,42.22977668830425,396,276
dataset_2_mp4-0413_jpg.rf.032aa7ab27a59f1163597d01ddd87078_0.jpg,train,REAL_2,blur,31.655201218830808,399,286
dataset_2_mp4-0422_jpg.rf.41646fe23905bea308300b4dee237bb9_0.jpg,train,REAL_2,blur,49.11060645208167,370,281
dataset_2_mp4-0451_jpg.rf.b16175b1da4139e2f2427352a23a39aa_1.jpg,train,FAKE_8,blur,48.88788235215654,425,168
dataset_2_mp4-0453_jpg.rf.fc36e63dac2720de945916de44ff58f4_0.jpg,train,FAKE_11,blur,38.781503440734035,273,137
dataset_2_mp4-0455_jpg.rf.9237000d8bcb41478870eaf7d054a2f4_0.jpg,train,FAKE_11,blur,26.66721935438678,326,111
dataset_2_mp4-0455_jpg.rf.9237000d8bcb41478870eaf7d054a2f4_1.jpg,train,FAKE_8,blur,26.180227599967836,379,95
dataset_2_mp4-0462_jpg.rf.c0523cbb8e80b1f5a1be41a64286b37a_0.jpg,train,FAKE_11,blur,17.39480966618671,435,203
dataset_2_mp4-0492_jpg.rf.06271d228eb62afc332c966e724ad823_0.jpg,train,FAKE_2,blur,10.982797015862692,318,225
dataset_2_mp4-0500_jpg.rf.e4706c72504e257d8b7fb07f89b172c0_1.jpg,train,FAKE_6,blur,21.528149122520965,322,309
dataset_2_mp4-0501_jpg.rf.3b0f0a3cdee47c1c9a5fb50ea9d2be37_0.jpg,train,FAKE_6,blur,40.643391198871456,375,331
dataset_2_mp4-0503_jpg.rf.3292ebb747992bf4be6a46796ab07418_0.jpg,train,FAKE_6,blur,36.764425869678014,342,296
dataset_2_mp4-0510_jpg.rf.117a768c13d1f4225b239ae0681f72cb_0.jpg,train,FAKE_6,blur,49.34280266889499,378,359
dataset_2_mp4-0542_jpg.rf.4b8ef80c3cbcd6bd412e7ca3d5de6cc9_0.jpg,train,FAKE_2,blur,18.381668266130536,368,185
dataset_2_mp4-0556_jpg.rf.fed573e413ce55a74244dffd3c5ea1a0_0.jpg,train,FAKE_3,blur,44.2875992847614,315,163
dataset_2_mp4-0565_jpg.rf.4ff42e76685c07c8ac1d0ca65c560d68_0.jpg,train,FAKE_3,blur,26.67227447099987,321,202
dataset_2_mp4-0569_jpg.rf.6bcba7e09a1a5daaa50b8a455175d5e3_0.jpg,train,FAKE_13,blur,17.95796383865391,342,222
dataset_2_mp4-0570_jpg.rf.c0ee7c941709b5a0739cbce1e8dbc793_0.jpg,train,FAKE_13,blur,30.708018064150266,415,179
dataset_2_mp4-0665_jpg.rf.6db6951fd32d32cc24a65e633c038b95_1.jpg,train,REAL_14,blur,14.876366058866264,343,218
dataset_2_mp4-0669_jpg.rf.83992db755252eb377f62725a969f927_1.jpg,train,REAL_14,blur,42.120361645617045,276,142
dataset_2_mp4-0683_jpg.rf.6385a454762181f10cc1b2ff3b1bc167_0.jpg,train,REAL_2,blur,34.2607665672595,388,237
dataset_2_mp4-0715_jpg.rf.d1a40103cda2f4a7cc9090c2e86147fa_0.jpg,train,FAKE_1,terlalu_kecil,748.4067801812448,19,19
dataset_2_mp4-0727_jpg.rf.58bcf4f48a762518ac5e17d7ea44c6ea_0.jpg,train,REAL_5,blur,46.26777499059544,441,177
dataset_2_mp4-0731_jpg.rf.b5186c8ce737ccaf1bc0200b58484026_0.jpg,train,REAL_5,blur,16.73165409825729,407,180
dataset_2_mp4-0733_jpg.rf.4a01defb3a03b441c673cfd95e7e3a3e_0.jpg,train,REAL_6,blur,37.79619228951131,251,194
dataset_2_mp4-0734_jpg.rf.4bbee16f853767877c42bb9a6d9bc14a_0.jpg,train,REAL_6,blur,32.57430872039607,450,185
dataset_2_mp4-0754_jpg.rf.894284275cd4119dbd120470b1174235_1.jpg,train,REAL_15,blur,37.057242469497346,456,217
dataset_2_mp4-0761_jpg.rf.5d79414c7e8afd6299d2bea0784420bb_0.jpg,train,REAL_15,blur,42.86879007028996,405,163
dataset_2_mp4-0763_jpg.rf.6b539d3c2a267e8f4375dc4c585c8319_0.jpg,train,REAL_12,blur,40.311773836362484,312,114
dataset_2_mp4-0763_jpg.rf.6b539d3c2a267e8f4375dc4c585c8319_1.jpg,train,REAL_15,blur,37.93015583882568,346,106
dataset_2_mp4-0776_jpg.rf.420a8a9253f09e2181dc40d31df6c95e_0.jpg,train,REAL_9,blur,33.50235716474437,260,114
dataset_2_mp4-0777_jpg.rf.d8060358bbae151799877469a74ecc60_0.jpg,train,REAL_9,blur,10.931182788998479,371,147
dataset_2_mp4-0782_jpg.rf.854b19753adb58d6ed88433ecbf61a85_0.jpg,train,REAL_9,blur,32.36540306907795,447,167
dataset_2_mp4-0787_jpg.rf.52fa9eaa90ad625a4cee5a72fd65cc16_0.jpg,train,REAL_9,blur,11.553527315290687,415,157
dataset_2_mp4-0788_jpg.rf.fdc1b150e919377d11a3421d7a48bb70_0.jpg,train,REAL_9,blur,29.906393714808615,417,102
dataset_2_mp4-0790_jpg.rf.186a78f63352b5cff58b434b5307b193_0.jpg,train,REAL_14,blur,27.02751963600229,296,178
dataset_2_mp4-0799_jpg.rf.4ad53a5464ee6095d775c546135cd4c8_0.jpg,train,REAL_14,blur,10.660966434030833,349,279
dataset_2_mp4-0805_jpg.rf.e888652a3d3e7110863417a9a2102da0_0.jpg,train,REAL_8,blur,26.22302810557283,327,298
dataset_2_mp4-0810_jpg.rf.412fdd49c24a2bfacda54b9f9ba6bae3_0.jpg,train,REAL_8,blur,22.143727029768815,452,277
dataset_2_mp4-0812_jpg.rf.1b777c29bcf520a8d2fc390ebca0dbed_0.jpg,train,REAL_8,blur,37.705033154920066,441,236
dataset_2_mp4-0830_jpg.rf.2b1c9d957037959957d9a0f0f929e190_0.jpg,train,REAL_3,blur,22.123124846800224,406,172
dataset_2_mp4-0834_jpg.rf.3b975db0aff96aa17ca8576b654262ab_0.jpg,train,REAL_3,blur,23.725109058813935,372,161
dataset_2_mp4-0839_jpg.rf.c2ff3a16960d15c2e15babcd50c679f2_0.jpg,train,REAL_1,blur,39.245084966784674,451,205
dataset_2_mp4-0844_jpg.rf.c2e6305dbd3ead199e93e1bd4c023b69_0.jpg,train,REAL_1,blur,42.889326827207604,304,129
dataset_2_mp4-0844_jpg.rf.c2e6305dbd3ead199e93e1bd4c023b69_1.jpg,train,REAL_7,blur,23.21557111303917,371,87
dataset_2_mp4-0844_jpg.rf.c2e6305dbd3ead199e93e1bd4c023b69_2.jpg,train,FAKE_1,terlalu_kecil,2581.9306505367035,38,16
dataset_2_mp4-0844_jpg.rf.c2e6305dbd3ead199e93e1bd4c023b69_3.jpg,train,FAKE_10,terlalu_kecil,1326.464126294379,52,20
dataset_2_mp4-0845_jpg.rf.e1694bb601479d6342280639b7f434f4_1.jpg,train,FAKE_2,terlalu_kecil,12471.23313947556,22,9
dataset_2_mp4-0852_jpg.rf.10c37f6128c76efea2f4bec55694426a_0.jpg,train,REAL_7,blur,35.42514650398168,435,141
dataset_2_mp4-0856_jpg.rf.b8d6ef5697b0b701d4363e9c5db5a10b_0.jpg,train,REAL_13,blur,28.544163332462443,359,124
dataset_2_mp4-0856_jpg.rf.b8d6ef5697b0b701d4363e9c5db5a10b_1.jpg,train,REAL_7,blur,48.62913695436023,280,101
dataset_2_mp4-0885_jpg.rf.63cd227c50dfd331625670f961253f36_0.jpg,train,REAL_11,blur,20.602881925450845,348,321
dataset_2_mp4-0888_jpg.rf.d4b65c416d259e8821a80c1d25b3fed1_0.jpg,train,REAL_11,blur,38.54491842482924,359,288
dataset_2_mp4-0889_jpg.rf.bc0288414371c4285da598d56856ec6b_0.jpg,train,REAL_11,blur,39.63942775351608,316,280
dataset_2_mp4-0914_jpg.rf.275e5b5b50bb6d587fd7e36b5332f163_0.jpg,train,FAKE_9,blur,33.65498703205419,312,155
dataset_2_mp4-0925_jpg.rf.9109f6f7d31a25b1b0c9f151124eb0e9_1.jpg,train,FAKE_11,blur,35.4170500147663,324,163
dataset_2_mp4-0928_jpg.rf.0cf6560600b0c6530917926c2c96fe44_0.jpg,train,FAKE_11,blur,40.59518309604307,449,227
dataset_2_mp4-0936_jpg.rf.6fb8db0e7fc85dd2f0cc2995ba37b199_0.jpg,train,FAKE_7,blur,49.733315345440936,377,126
dataset_2_mp4-0940_jpg.rf.bb0ba00060e3efbbc43319625509651a_0.jpg,train,FAKE_7,blur,33.63149464732499,452,169
dataset_2_mp4-0957_jpg.rf.6ab366fb74e17baa0b758bd7e4d42db4_0.jpg,train,FAKE_6,blur,24.19106333838406,382,292
dataset_2_mp4-0959_jpg.rf.e34bb8550e9de0a99886fca802bb9fdf_0.jpg,train,FAKE_6,blur,24.4947438923491,375,340
dataset_2_mp4-0961_jpg.rf.0df1964e7a94e440e1b0c86c7da58140_0.jpg,train,FAKE_6,blur,35.41733214229186,430,358
FAKE_MERAH2_mp4-0023_jpg.rf.453dada324fe049f3e904d0c7affe159_3.jpg,train,FAKE_7,terlalu_kecil,303.3458996000562,92,11
FAKE_MERAH2_mp4-0029_jpg.rf.cb5dc200ef8a24401cdf80ec2caf974b_2.jpg,train,FAKE_7,terlalu_kecil,3819.743175727591,105,11
FAKE_MERAH2_mp4-0033_jpg.rf.0ec95fd1e1bdaab31c7c9a8d3a6f3cb7_1.jpg,train,FAKE_7,terlalu_kecil,3286.6485946399966,106,16
FAKE_MERAH2_mp4-0053_jpg.rf.14401c1162b7cd1c598e53bb1f6d82eb_1.jpg,train,FAKE_14,terlalu_kecil,2187.538809717894,96,19
FAKE_MERAH2_mp4-0065_jpg.rf.042d404a11fc7af213357635b74f62f1_2.jpg,train,FAKE_14,terlalu_kecil,467.2710287357849,97,8
FAKE_MERAH2_mp4-0095_jpg.rf.b96e0c72eafd75a2b114484ab5cb6bd1_2.jpg,train,FAKE_13,terlalu_kecil,2167.9824540432815,113,19
FAKE_MERAH2_mp4-0111_jpg.rf.fa6c75a07ae0297f71212068f9295513_1.jpg,train,FAKE_7,terlalu_kecil,4598.943426097711,110,21
FAKE_MERAH2_mp4-0116_jpg.rf.a269aed4b03204dc449a661cc7a6feb8_2.jpg,train,FAKE_7,terlalu_kecil,3921.853387131099,113,19
FAKE_MERAH2_mp4-0116_jpg.rf.a269aed4b03204dc449a661cc7a6feb8_3.jpg,train,FAKE_15,terlalu_kecil,6731.289802100274,47,18
FAKE_MERAH2_mp4-0122_jpg.rf.9ccc6924fd7708234dfa43a1bfaf4c64_2.jpg,train,FAKE_7,terlalu_kecil,4369.887353497164,115,16
FAKE_MERAH2_mp4-0122_jpg.rf.9ccc6924fd7708234dfa43a1bfaf4c64_3.jpg,train,FAKE_15,terlalu_kecil,3453.8218359375,50,16
FAKE_MERAH2_mp4-0126_jpg.rf.09d3c96210858de6c3ea29055d1ce962_2.jpg,train,FAKE_7,terlalu_kecil,1218.0056640094995,114,13
FAKE_MERAH2_mp4-0126_jpg.rf.09d3c96210858de6c3ea29055d1ce962_4.jpg,train,FAKE_15,terlalu_kecil,469.64503891481576,64,23
FAKE_MERAH2_mp4-0132_jpg.rf.c55be8e791946908140f41701912239a_2.jpg,train,REAL_3,terlalu_kecil,1247.5925057922534,43,18
FAKE_MERAH2_mp4-0132_jpg.rf.c55be8e791946908140f41701912239a_3.jpg,train,FAKE_7,terlalu_kecil,1319.5920773319617,120,9
FAKE_MERAH2_mp4-0132_jpg.rf.c55be8e791946908140f41701912239a_4.jpg,train,FAKE_10,terlalu_kecil,1070.564728027682,50,17
FAKE_MERAH2_mp4-0132_jpg.rf.c55be8e791946908140f41701912239a_5.jpg,train,FAKE_15,terlalu_kecil,10985.669026692709,48,16
FAKE_MERAH2_mp4-0142_jpg.rf.77984789c9a90e0e3c0dfa49c3da6136_3.jpg,train,R1,terlalu_kecil,1342.8214522712924,48,22
FAKE_MERAH2_mp4-0142_jpg.rf.77984789c9a90e0e3c0dfa49c3da6136_4.jpg,train,FAKE_15,terlalu_kecil,2155.7140370244565,46,16
FAKE_MERAH2_mp4-0142_jpg.rf.77984789c9a90e0e3c0dfa49c3da6136_5.jpg,train,REAL_3,terlalu_kecil,1550.7435035479843,52,16
FAKE_MERAH2_mp4-0142_jpg.rf.77984789c9a90e0e3c0dfa49c3da6136_6.jpg,train,R1,terlalu_kecil,361.51058805875294,56,17
FAKE_MERAH2_mp4-0142_jpg.rf.77984789c9a90e0e3c0dfa49c3da6136_7.jpg,train,REAL_4,terlalu_kecil,1810.9480604865219,52,18
FAKE_MERAH2_mp4-0142_jpg.rf.77984789c9a90e0e3c0dfa49c3da6136_13.jpg,train,REAL_13,terlalu_kecil,3132.630325413223,22,20
FAKE_MERAH2_mp4-0145_jpg.rf.bd9be3ce32c510869c17c39204b0fe0f_2.jpg,train,FAKE_15,terlalu_kecil,603.4995061518435,46,17
FAKE_MERAH2_mp4-0145_jpg.rf.bd9be3ce32c510869c17c39204b0fe0f_3.jpg,train,R1,terlalu_kecil,343.90221972531924,56,23
FAKE_MERAH2_mp4-0145_jpg.rf.bd9be3ce32c510869c17c39204b0fe0f_4.jpg,train,R1,terlalu_kecil,1240.8449149338373,46,20
FAKE_MERAH2_mp4-0145_jpg.rf.bd9be3ce32c510869c17c39204b0fe0f_5.jpg,train,REAL_3,terlalu_kecil,985.7360609375,50,16
FAKE_MERAH2_mp4-0145_jpg.rf.bd9be3ce32c510869c17c39204b0fe0f_6.jpg,train,R1,terlalu_kecil,444.9158846853064,57,17
FAKE_MERAH2_mp4-0145_jpg.rf.bd9be3ce32c510869c17c39204b0fe0f_7.jpg,train,REAL_4,terlalu_kecil,415.4887321799308,50,17
FAKE_MERAH2_mp4-0153_jpg.rf.7ddf9fcd0880dd4bfbe9ee30622ceec2_3.jpg,train,FAKE_12,terlalu_kecil,1909.7498797706987,48,19
FAKE_MERAH2_mp4-0153_jpg.rf.7ddf9fcd0880dd4bfbe9ee30622ceec2_4.jpg,train,R1,terlalu_kecil,4012.0777283653847,52,20
FAKE_MERAH2_mp4-0153_jpg.rf.7ddf9fcd0880dd4bfbe9ee30622ceec2_5.jpg,train,FAKE_15,terlalu_kecil,7619.198229740697,45,17
FAKE_MERAH2_mp4-0153_jpg.rf.7ddf9fcd0880dd4bfbe9ee30622ceec2_6.jpg,train,R1,terlalu_kecil,1042.0428920780662,42,23
FAKE_MERAH2_mp4-0153_jpg.rf.7ddf9fcd0880dd4bfbe9ee30622ceec2_7.jpg,train,R1,terlalu_kecil,877.610747863248,52,15
FAKE_MERAH2_mp4-0153_jpg.rf.7ddf9fcd0880dd4bfbe9ee30622ceec2_8.jpg,train,REAL_3,terlalu_kecil,2042.4387003501076,46,13
FAKE_MERAH2_mp4-0153_jpg.rf.7ddf9fcd0880dd4bfbe9ee30622ceec2_9.jpg,train,REAL_4,terlalu_kecil,1765.4319827976462,47,14
FAKE_MERAH2_mp4-0153_jpg.rf.7ddf9fcd0880dd4bfbe9ee30622ceec2_11.jpg,train,FAKE_2,terlalu_kecil,1693.5162337062602,31,13
FAKE_MERAH2_mp4-0153_jpg.rf.7ddf9fcd0880dd4bfbe9ee30622ceec2_12.jpg,train,REAL_13,terlalu_kecil,5319.401662049861,19,15
FAKE_MERAH2_mp4-0158_jpg.rf.c45b34350f9a4b93380edb92df43f3d2_0.jpg,train,FAKE_10,terlalu_kecil,974.8174150596877,132,20
FAKE_MERAH2_mp4-0158_jpg.rf.c45b34350f9a4b93380edb92df43f3d2_3.jpg,train,FAKE_15,terlalu_kecil,1019.3770839271444,47,18
FAKE_MERAH2_mp4-0158_jpg.rf.c45b34350f9a4b93380edb92df43f3d2_5.jpg,train,FAKE_12,terlalu_kecil,731.310359272971,46,19
FAKE_MERAH2_mp4-0158_jpg.rf.c45b34350f9a4b93380edb92df43f3d2_6.jpg,train,R1,terlalu_kecil,529.2781925617531,52,19
FAKE_MERAH2_mp4-0158_jpg.rf.c45b34350f9a4b93380edb92df43f3d2_7.jpg,train,R1,terlalu_kecil,690.8116895781628,42,23
FAKE_MERAH2_mp4-0158_jpg.rf.c45b34350f9a4b93380edb92df43f3d2_8.jpg,train,R1,terlalu_kecil,668.9223303950955,54,18
FAKE_MERAH2_mp4-0158_jpg.rf.c45b34350f9a4b93380edb92df43f3d2_9.jpg,train,REAL_3,terlalu_kecil,732.7479897831686,49,14
FAKE_MERAH2_mp4-0158_jpg.rf.c45b34350f9a4b93380edb92df43f3d2_11.jpg,train,REAL_4,terlalu_kecil,1497.6974507193543,47,13
FAKE_MERAH2_mp4-0158_jpg.rf.c45b34350f9a4b93380edb92df43f3d2_12.jpg,train,FAKE_2,terlalu_kecil,757.2652278932998,46,12
FAKE_MERAH2_mp4-0163_jpg.rf.c12601b12ebc28bd30a10fd18bed9d57_3.jpg,train,REAL_10,terlalu_kecil,435.71497046313806,40,23
FAKE_MERAH2_mp4-0163_jpg.rf.c12601b12ebc28bd30a10fd18bed9d57_4.jpg,train,FAKE_12,terlalu_kecil,1655.585300092336,45,19
FAKE_MERAH2_mp4-0163_jpg.rf.c12601b12ebc28bd30a10fd18bed9d57_5.jpg,train,FAKE_15,terlalu_kecil,912.0506770833332,48,20
FAKE_MERAH2_mp4-0163_jpg.rf.c12601b12ebc28bd30a10fd18bed9d57_6.jpg,train,R1,terlalu_kecil,224.69083501443768,53,18
FAKE_MERAH2_mp4-0163_jpg.rf.c12601b12ebc28bd30a10fd18bed9d57_7.jpg,train,R1,terlalu_kecil,1203.0276586907912,42,24
FAKE_MERAH2_mp4-0163_jpg.rf.c12601b12ebc28bd30a10fd18bed9d57_8.jpg,train,REAL_3,terlalu_kecil,1475.2941470675999,48,16
FAKE_MERAH2_mp4-0163_jpg.rf.c12601b12ebc28bd30a10fd18bed9d57_9.jpg,train,R1,terlalu_kecil,322.41599087839495,52,19
FAKE_MERAH2_mp4-0163_jpg.rf.c12601b12ebc28bd30a10fd18bed9d57_10.jpg,train,REAL_4,terlalu_kecil,468.75663369082844,48,13
FAKE_MERAH2_mp4-0163_jpg.rf.c12601b12ebc28bd30a10fd18bed9d57_11.jpg,train,R1,terlalu_kecil,4630.03507317437,32,24
FAKE_MERAH2_mp4-0172_jpg.rf.e6a236b3bb0a43d2c716d9224e684c52_1.jpg,train,REAL_10,terlalu_kecil,4579.059856326266,37,21
FAKE_MERAH2_mp4-0172_jpg.rf.e6a236b3bb0a43d2c716d9224e684c52_3.jpg,train,FAKE_15,terlalu_kecil,2145.0735308204917,49,20
FAKE_MERAH2_mp4-0172_jpg.rf.e6a236b3bb0a43d2c716d9224e684c52_6.jpg,train,R1,terlalu_kecil,3542.389226356002,47,14
FAKE_MERAH2_mp4-0172_jpg.rf.e6a236b3bb0a43d2c716d9224e684c52_7.jpg,train,REAL_3,terlalu_kecil,2016.9493036265433,48,15
FAKE_MERAH2_mp4-0172_jpg.rf.e6a236b3bb0a43d2c716d9224e684c52_8.jpg,train,FAKE_12,terlalu_kecil,1535.9129597079502,43,16
FAKE_MERAH2_mp4-0172_jpg.rf.e6a236b3bb0a43d2c716d9224e684c52_9.jpg,train,R1,terlalu_kecil,8702.878004300896,28,22
FAKE_MERAH2_mp4-0172_jpg.rf.e6a236b3bb0a43d2c716d9224e684c52_10.jpg,train,REAL_4,terlalu_kecil,1576.893810261708,48,11
FAKE_MERAH2_mp4-0172_jpg.rf.e6a236b3bb0a43d2c716d9224e684c52_11.jpg,train,R1,terlalu_kecil,737.358974700454,52,19
FAKE_MERAH2_mp4-0175_jpg.rf.05a3f0550ac9a0b03408efb59e99fa11_3.jpg,train,R1,terlalu_kecil,1327.3059467913356,53,23
FAKE_MERAH2_mp4-0175_jpg.rf.05a3f0550ac9a0b03408efb59e99fa11_5.jpg,train,R1,terlalu_kecil,949.5776652892562,55,16
FAKE_MERAH2_mp4-0175_jpg.rf.05a3f0550ac9a0b03408efb59e99fa11_7.jpg,train,FAKE_12,terlalu_kecil,3971.974664375554,42,17
FAKE_MERAH2_mp4-0175_jpg.rf.05a3f0550ac9a0b03408efb59e99fa11_8.jpg,train,REAL_10,terlalu_kecil,2623.94798328389,37,21
FAKE_MERAH2_mp4-0175_jpg.rf.05a3f0550ac9a0b03408efb59e99fa11_9.jpg,train,REAL_13,terlalu_kecil,4083.3125,20,16
FAKE_MERAH2_mp4-0175_jpg.rf.05a3f0550ac9a0b03408efb59e99fa11_10.jpg,train,REAL_3,terlalu_kecil,2544.8230555555556,50,18
FAKE_MERAH2_mp4-0175_jpg.rf.05a3f0550ac9a0b03408efb59e99fa11_11.jpg,train,REAL_4,terlalu_kecil,2296.6035849488812,48,12
FAKE_MERAH2_mp4-0177_jpg.rf.157d6406d0ff363c4c105d3e16c623c5_0.jpg,train,REAL_10,terlalu_kecil,387.97535331801066,39,22
FAKE_MERAH2_mp4-0177_jpg.rf.157d6406d0ff363c4c105d3e16c623c5_4.jpg,train,FAKE_12,terlalu_kecil,542.0696688495525,44,17
FAKE_MERAH2_mp4-0177_jpg.rf.157d6406d0ff363c4c105d3e16c623c5_5.jpg,train,R1,terlalu_kecil,222.3231685577877,56,24
FAKE_MERAH2_mp4-0177_jpg.rf.157d6406d0ff363c4c105d3e16c623c5_7.jpg,train,REAL_4,terlalu_kecil,316.90872623559227,51,14
FAKE_MERAH2_mp4-0177_jpg.rf.157d6406d0ff363c4c105d3e16c623c5_8.jpg,train,REAL_3,terlalu_kecil,473.7596414840446,51,20
FAKE_MERAH2_mp4-0177_jpg.rf.157d6406d0ff363c4c105d3e16c623c5_9.jpg,train,R1,terlalu_kecil,4170.24957973849,34,23
FAKE_MERAH2_mp4-0177_jpg.rf.157d6406d0ff363c4c105d3e16c623c5_10.jpg,train,R1,terlalu_kecil,307.820041322314,55,16
FAKE_MERAH2_mp4-0177_jpg.rf.157d6406d0ff363c4c105d3e16c623c5_11.jpg,train,REAL_13,terlalu_kecil,2217.3811626666666,25,15
FAKE_MERAH2_mp4-0179_jpg.rf.09eeeb56c2b89931d0bcf8bdf601d1f3_3.jpg,train,REAL_10,terlalu_kecil,2137.446331353306,40,22
FAKE_MERAH2_mp4-0179_jpg.rf.09eeeb56c2b89931d0bcf8bdf601d1f3_4.jpg,train,FAKE_12,terlalu_kecil,3264.2648538906165,43,16
FAKE_MERAH2_mp4-0179_jpg.rf.09eeeb56c2b89931d0bcf8bdf601d1f3_6.jpg,train,REAL_3,terlalu_kecil,1069.1972454883708,52,19
FAKE_MERAH2_mp4-0179_jpg.rf.09eeeb56c2b89931d0bcf8bdf601d1f3_7.jpg,train,R1,terlalu_kecil,1228.8326040119366,57,23
FAKE_MERAH2_mp4-0179_jpg.rf.09eeeb56c2b89931d0bcf8bdf601d1f3_8.jpg,train,R1,terlalu_kecil,554.9032652276597,51,14
FAKE_MERAH2_mp4-0179_jpg.rf.09eeeb56c2b89931d0bcf8bdf601d1f3_9.jpg,train,REAL_4,terlalu_kecil,989.2003671965267,52,13
FAKE_MERAH2_mp4-0179_jpg.rf.09eeeb56c2b89931d0bcf8bdf601d1f3_10.jpg,train,R1,terlalu_kecil,4463.629704297556,38,23
FAKE_MERAH2_mp4-0187_jpg.rf.4655959c089aa96414546bfb39761e3a_1.jpg,train,FAKE_12,terlalu_kecil,628.1795698709345,43,18
FAKE_MERAH2_mp4-0187_jpg.rf.4655959c089aa96414546bfb39761e3a_2.jpg,train,REAL_10,terlalu_kecil,1029.6492134689022,39,23
FAKE_MERAH2_mp4-0187_jpg.rf.4655959c089aa96414546bfb39761e3a_3.jpg,train,REAL_3,terlalu_kecil,386.7137517980415,38,21
FAKE_MERAH2_mp4-0187_jpg.rf.4655959c089aa96414546bfb39761e3a_5.jpg,train,FAKE_13,terlalu_kecil,718.426366668551,133,21
FAKE_MERAH2_mp4-0187_jpg.rf.4655959c089aa96414546bfb39761e3a_8.jpg,train,REAL_4,terlalu_kecil,139.22217893967374,57,16
FAKE_MERAH2_mp4-0187_jpg.rf.4655959c089aa96414546bfb39761e3a_9.jpg,train,R1,terlalu_kecil,437.9377869460541,54,14
FAKE_MERAH2_mp4-0187_jpg.rf.4655959c089aa96414546bfb39761e3a_10.jpg,train,R1,terlalu_kecil,3455.7103390831758,40,23
FAKE_MERAH2_mp4-0195_jpg.rf.8f130aa7ae5f81120db628744309524c_2.jpg,train,FAKE_12,terlalu_kecil,1221.3387039224954,46,20
FAKE_MERAH2_mp4-0195_jpg.rf.8f130aa7ae5f81120db628744309524c_5.jpg,train,R1,terlalu_kecil,1564.4533057851238,45,22
FAKE_MERAH2_mp4-0195_jpg.rf.8f130aa7ae5f81120db628744309524c_6.jpg,train,R1,terlalu_kecil,802.1605442176871,56,15
FAKE_MERAH2_mp4-0200_jpg.rf.53f42796dea6cd37386034d47262b676_2.jpg,train,R1,terlalu_kecil,979.2295788226525,33,21
FAKE_MERAH2_mp4-0200_jpg.rf.53f42796dea6cd37386034d47262b676_3.jpg,train,FAKE_12,terlalu_kecil,684.2696255484135,45,22
FAKE_MERAH2_mp4-0200_jpg.rf.53f42796dea6cd37386034d47262b676_5.jpg,train,R1,terlalu_kecil,619.131690952701,57,13
FAKE_MERAH2_mp4-0200_jpg.rf.53f42796dea6cd37386034d47262b676_6.jpg,train,R1,terlalu_kecil,4750.655716531358,34,19
FAKE_MERAH2_mp4-0225_jpg.rf.9d1ce21fa6d226268d3f6a020f67fc2c_0.jpg,train,FAKE_14,terlalu_kecil,3046.5257944131813,101,19
FAKE_MERAH2_mp4-0247_jpg.rf.a5c8d9e417243f1f9b90f1340c573b94_2.jpg,train,FAKE_12,terlalu_kecil,3964.041400689844,121,20
FAKE_MERAH3_mp4-0002_jpg.rf.ff0d44dcdf9b15ecf556701698018185_1.jpg,train,FAKE_6,terlalu_kecil,4611.592860002597,32,19
FAKE_MERAH3_mp4-0008_jpg.rf.2335d4df8c9ec50152dc79c203453616_1.jpg,train,FAKE_6,terlalu_kecil,7732.965126254683,34,22
FAKE_MERAH3_mp4-0028_jpg.rf.45222f6dd30980c5430b57f47cda7305_2.jpg,train,FAKE_11,terlalu_kecil,372.08028184772763,137,10
FAKE_MERAH3_mp4-0033_jpg.rf.0a0dfb7ff9eb78000b268a2d99ff7ff2_2.jpg,train,FAKE_11,terlalu_kecil,672.1836984216342,146,15
FAKE_MERAH3_mp4-0037_jpg.rf.355f702faea62811eba52dea1e39a2b4_1.jpg,train,FAKE_11,terlalu_kecil,1217.194061702806,160,21
FAKE_MERAH3_mp4-0056_jpg.rf.cdf8eee2544af075845de8eac19b7d93_0.jpg,train,FAKE_12,terlalu_kecil,2087.571899998425,126,24
FAKE_MERAH3_mp4-0067_jpg.rf.400032681817806162540e65524c4f5c_2.jpg,train,FAKE_12,terlalu_kecil,324.0113473865877,120,13
FAKE_MERAH3_mp4-0076_jpg.rf.c7a9a915db8cf0f7e7a35516fbddc55d_1.jpg,train,FAKE_6,terlalu_kecil,4514.738527034497,62,23
FAKE_MERAH3_mp4-0096_jpg.rf.ebc52b6f47d84f1e4355c718ef1ed63e_2.jpg,train,FAKE_8,terlalu_kecil,439.9523333556136,116,13
FAKE_MERAH3_mp4-0106_jpg.rf.e9f94290521667d125421ab356cd8b6f_2.jpg,train,FAKE_8,terlalu_kecil,4818.980516889812,114,20
FAKE_MERAH3_mp4-0121_jpg.rf.b2770fe2deaa8d020ae100db50f7dccb_0.jpg,train,REAL_10,terlalu_kecil,897.5354954111822,52,14
FAKE_MERAH3_mp4-0131_jpg.rf.a737a00a9e6785ccce3dae52d9057db3_0.jpg,train,REAL_6,terlalu_kecil,6668.934498966943,60,22
FAKE_MERAH3_mp4-0131_jpg.rf.a737a00a9e6785ccce3dae52d9057db3_1.jpg,train,FAKE_11,terlalu_kecil,1634.709462107585,114,17
FAKE_MERAH3_mp4-0131_jpg.rf.a737a00a9e6785ccce3dae52d9057db3_4.jpg,train,REAL_10,terlalu_kecil,1564.3012345041323,55,16
FAKE_MERAH3_mp4-0139_jpg.rf.f29d2e2541184abb9a1ede367514bc4f_0.jpg,train,REAL_10,terlalu_kecil,566.0608543965825,53,20
FAKE_MERAH3_mp4-0139_jpg.rf.f29d2e2541184abb9a1ede367514bc4f_3.jpg,train,REAL_6,terlalu_kecil,485.7681365451452,58,21
FAKE_MERAH3_mp4-0139_jpg.rf.f29d2e2541184abb9a1ede367514bc4f_4.jpg,train,R1,terlalu_kecil,86.89158816658093,48,18
FAKE_MERAH3_mp4-0139_jpg.rf.f29d2e2541184abb9a1ede367514bc4f_5.jpg,train,REAL_3,terlalu_kecil,1675.8926275951555,40,17
FAKE_MERAH3_mp4-0139_jpg.rf.f29d2e2541184abb9a1ede367514bc4f_6.jpg,train,FAKE_11,terlalu_kecil,1386.63379384292,113,9
FAKE_MERAH3_mp4-0145_jpg.rf.ea146514e0cf9b13057f509cf1284520_0.jpg,train,REAL_10,terlalu_kecil,982.4649439302242,53,20
FAKE_MERAH3_mp4-0145_jpg.rf.ea146514e0cf9b13057f509cf1284520_3.jpg,train,REAL_3,terlalu_kecil,1068.6817033759828,59,23
FAKE_MERAH3_mp4-0145_jpg.rf.ea146514e0cf9b13057f509cf1284520_4.jpg,train,REAL_6,terlalu_kecil,659.4033035805888,57,18
FAKE_MERAH3_mp4-0145_jpg.rf.ea146514e0cf9b13057f509cf1284520_5.jpg,train,R1,terlalu_kecil,203.70055791797037,62,17
FAKE_MERAH3_mp4-0150_jpg.rf.ecb288ed9d724c49996b15960f5297db_3.jpg,train,REAL_10,terlalu_kecil,397.7287140193541,52,24
FAKE_MERAH3_mp4-0150_jpg.rf.ecb288ed9d724c49996b15960f5297db_4.jpg,train,REAL_6,terlalu_kecil,265.82978540453814,59,21
FAKE_MERAH3_mp4-0150_jpg.rf.ecb288ed9d724c49996b15960f5297db_6.jpg,train,R1,terlalu_kecil,116.95541022592153,58,18
FAKE_MERAH3_mp4-0150_jpg.rf.ecb288ed9d724c49996b15960f5297db_12.jpg,train,R1,terlalu_kecil,3104.912093874008,28,24
FAKE_MERAH3_mp4-0153_jpg.rf.149d5f8c55f82adae9b14294e8c3c37c_2.jpg,train,REAL_10,terlalu_kecil,7615.482482638889,48,20
FAKE_MERAH3_mp4-0153_jpg.rf.149d5f8c55f82adae9b14294e8c3c37c_3.jpg,train,R1,terlalu_kecil,1171.2639782276428,67,24
FAKE_MERAH3_mp4-0153_jpg.rf.149d5f8c55f82adae9b14294e8c3c37c_4.jpg,train,REAL_3,terlalu_kecil,2563.4695500459143,33,20
FAKE_MERAH3_mp4-0153_jpg.rf.149d5f8c55f82adae9b14294e8c3c37c_5.jpg,train,R1,terlalu_kecil,2816.0374305555556,60,16
FAKE_MERAH3_mp4-0153_jpg.rf.149d5f8c55f82adae9b14294e8c3c37c_6.jpg,train,R1,terlalu_kecil,7401.678627210688,24,17
FAKE_MERAH3_mp4-0153_jpg.rf.149d5f8c55f82adae9b14294e8c3c37c_7.jpg,train,REAL_6,terlalu_kecil,2269.4171667599044,53,14
FAKE_MERAH3_mp4-0161_jpg.rf.8b7e0342410820dbf5882e396152592f_2.jpg,train,R1,terlalu_kecil,4886.338635789716,60,22
FAKE_MERAH3_mp4-0161_jpg.rf.8b7e0342410820dbf5882e396152592f_3.jpg,train,R1,terlalu_kecil,2611.3501661650985,56,16
FAKE_MERAH3_mp4-0161_jpg.rf.8b7e0342410820dbf5882e396152592f_4.jpg,train,R1,terlalu_kecil,6265.454752604167,24,16
FAKE_MERAH3_mp4-0161_jpg.rf.8b7e0342410820dbf5882e396152592f_5.jpg,train,REAL_3,terlalu_kecil,4748.5732371346785,31,19
FAKE_MERAH3_mp4-0169_jpg.rf.23ff451a9bb4b56d91109d32048fbcec_1.jpg,train,FAKE_2,terlalu_kecil,5577.8650692708325,120,20
FAKE_MERAH3_mp4-0169_jpg.rf.23ff451a9bb4b56d91109d32048fbcec_3.jpg,train,R1,terlalu_kecil,585.7590876980242,53,16
FAKE_MERAH3_mp4-0169_jpg.rf.23ff451a9bb4b56d91109d32048fbcec_4.jpg,train,REAL_3,terlalu_kecil,1366.46174817898,31,20
FAKE_MERAH3_mp4-0169_jpg.rf.23ff451a9bb4b56d91109d32048fbcec_5.jpg,train,R1,terlalu_kecil,704.5807613229789,59,22
FAKE_MERAH3_mp4-0169_jpg.rf.23ff451a9bb4b56d91109d32048fbcec_6.jpg,train,R1,terlalu_kecil,3484.2576946159124,27,16
FAKE_MERAH3_mp4-0169_jpg.rf.23ff451a9bb4b56d91109d32048fbcec_7.jpg,train,R1,terlalu_kecil,718.588775,40,10
FAKE_MERAH3_mp4-0175_jpg.rf.a62b342585e94d186d05e9c54ce7d755_4.jpg,train,R1,terlalu_kecil,81.93986609610778,52,17
FAKE_MERAH3_mp4-0175_jpg.rf.a62b342585e94d186d05e9c54ce7d755_5.jpg,train,R1,terlalu_kecil,859.4046638888888,60,20
FAKE_MERAH3_mp4-0175_jpg.rf.a62b342585e94d186d05e9c54ce7d755_6.jpg,train,REAL_3,terlalu_kecil,760.152580348944,33,20
FAKE_MERAH3_mp4-0178_jpg.rf.31650c8249afc4e54d0beb6eecdf68d2_4.jpg,train,R1,terlalu_kecil,579.4249578623834,41,12
FAKE_MERAH3_mp4-0178_jpg.rf.31650c8249afc4e54d0beb6eecdf68d2_5.jpg,train,R1,terlalu_kecil,3798.18909274055,55,19
FAKE_MERAH3_mp4-0178_jpg.rf.31650c8249afc4e54d0beb6eecdf68d2_6.jpg,train,R1,terlalu_kecil,1828.788313137755,56,20
FAKE_MERAH3_mp4-0178_jpg.rf.31650c8249afc4e54d0beb6eecdf68d2_7.jpg,train,REAL_3,terlalu_kecil,1548.6336340679525,33,20
FAKE_MERAH3_mp4-0178_jpg.rf.31650c8249afc4e54d0beb6eecdf68d2_8.jpg,train,R1,terlalu_kecil,4413.5234693877555,25,14
FAKE_MERAH3_mp4-0178_jpg.rf.31650c8249afc4e54d0beb6eecdf68d2_9.jpg,train,REAL_6,terlalu_kecil,1012.3491197291476,57,10
FAKE_MERAH3_mp4-0182_jpg.rf.1c3a84bf8237e4be25b0e7819bb56ee2_4.jpg,train,R1,terlalu_kecil,6155.767441218324,53,19
FAKE_MERAH3_mp4-0182_jpg.rf.1c3a84bf8237e4be25b0e7819bb56ee2_5.jpg,train,R1,terlalu_kecil,3371.659094312281,35,13
FAKE_MERAH3_mp4-0182_jpg.rf.1c3a84bf8237e4be25b0e7819bb56ee2_6.jpg,train,R1,terlalu_kecil,814.084495998769,57,20
FAKE_MERAH3_mp4-0182_jpg.rf.1c3a84bf8237e4be25b0e7819bb56ee2_7.jpg,train,REAL_3,terlalu_kecil,1743.5916289262238,37,20
FAKE_MERAH3_mp4-0182_jpg.rf.1c3a84bf8237e4be25b0e7819bb56ee2_8.jpg,train,R1,terlalu_kecil,7242.682854623331,27,14
FAKE_MERAH3_mp4-0182_jpg.rf.1c3a84bf8237e4be25b0e7819bb56ee2_9.jpg,train,REAL_6,terlalu_kecil,4610.790839489074,57,8
FAKE_MERAH3_mp4-0185_jpg.rf.b8770c219adea3477d78b9ee114ebe87_4.jpg,train,REAL_3,terlalu_kecil,776.9155952380952,35,24
FAKE_MERAH3_mp4-0196_jpg.rf.4e8ab76db5e8df6e0a16fe365f508c62_2.jpg,train,FAKE_8,terlalu_kecil,301.6766049861496,125,19
FAKE_MERAH3_mp4-0196_jpg.rf.4e8ab76db5e8df6e0a16fe365f508c62_3.jpg,train,R1,terlalu_kecil,165.18849283568497,57,22
FAKE_MERAH3_mp4-0196_jpg.rf.4e8ab76db5e8df6e0a16fe365f508c62_4.jpg,train,REAL_3,terlalu_kecil,868.2930015285812,37,23
FAKE_MERAH3_mp4-0196_jpg.rf.4e8ab76db5e8df6e0a16fe365f508c62_5.jpg,train,R1,blur,41.029773156899815,46,28
FAKE_MERAH3_mp4-0196_jpg.rf.4e8ab76db5e8df6e0a16fe365f508c62_6.jpg,train,R1,terlalu_kecil,1986.356505102041,32,14
FAKE_MERAH3_mp4-0196_jpg.rf.4e8ab76db5e8df6e0a16fe365f508c62_7.jpg,train,R1,terlalu_kecil,87.27339162049863,40,19
FAKE_MERAH3_mp4-0196_jpg.rf.4e8ab76db5e8df6e0a16fe365f508c62_8.jpg,train,R1,terlalu_kecil,217.71835777513542,29,6
FAKE_MERAH3_mp4-0197_jpg.rf.bf2785d40771acf60a4979f872a23a69_2.jpg,train,FAKE_8,terlalu_kecil,1062.1653077280369,124,17
FAKE_MERAH3_mp4-0197_jpg.rf.bf2785d40771acf60a4979f872a23a69_3.jpg,train,R1,terlalu_kecil,803.3420951431768,57,21
FAKE_MERAH3_mp4-0197_jpg.rf.bf2785d40771acf60a4979f872a23a69_4.jpg,train,R1,terlalu_kecil,394.7461905739271,43,19
FAKE_MERAH3_mp4-0197_jpg.rf.bf2785d40771acf60a4979f872a23a69_5.jpg,train,R1,terlalu_kecil,1123.879618742028,32,14
FAKE_MERAH3_mp4-0206_jpg.rf.d49c85c296f50e4552f3fd914edd4954_3.jpg,train,R1,terlalu_kecil,855.6807011379366,59,22
FAKE_MERAH3_mp4-0206_jpg.rf.d49c85c296f50e4552f3fd914edd4954_4.jpg,train,R1,terlalu_kecil,4581.230709876542,36,15
FAKE_MERAH3_mp4-0210_jpg.rf.45658a05a4692b2410065250210cad6f_4.jpg,train,R1,terlalu_kecil,4752.975069252077,38,12
FAKE_MERAH3_mp4-0229_jpg.rf.aaa8b33253b3bb791f988bb3557054df_2.jpg,train,FAKE_12,terlalu_kecil,3238.647557964014,130,14
FAKE_MERAH3_mp4-0235_jpg.rf.f80ab9ced9416f994c652c9342345086_1.jpg,train,FAKE_12,terlalu_kecil,895.8204604145582,136,21
FAKE_MERAH3_mp4-0263_jpg.rf.954451996cc82b62befb2becfa241649_1.jpg,train,FAKE_2,terlalu_kecil,604.9029559999999,125,20
FAKE_MERAH3_mp4-0265_jpg.rf.afa6320a8fbb7da538873d0ae41b8184_0.jpg,train,FAKE_2,terlalu_kecil,3685.209465874566,128,18
FAKE_MERAH3_mp4-0269_jpg.rf.ca0571e6001e5030f1f99e99b8401070_2.jpg,train,FAKE_2,terlalu_kecil,1476.116545677185,128,16
FAKE_MERAH3_mp4-0293_jpg.rf.8134ba1176eaceead0b953bd7a9cc5e1_2.jpg,train,FAKE_11,terlalu_kecil,89.3957973943638,151,12
FAKE_MERAH3_mp4-0296_jpg.rf.ae337c69936501a29aa0e677109062f4_2.jpg,train,FAKE_11,terlalu_kecil,3543.6659737854243,148,14
FAKE_MERAH_mp4-0000_jpg.rf.31f34b4d90741f16b79f473f93c00ada_0.jpg,train,FAKE_3,terlalu_kecil,844.2695332774384,66,23
FAKE_MERAH_mp4-0000_jpg.rf.31f34b4d90741f16b79f473f93c00ada_1.jpg,train,FAKE_4,terlalu_kecil,566.1573902010965,66,13
FAKE_MERAH_mp4-0000_jpg.rf.31f34b4d90741f16b79f473f93c00ada_2.jpg,train,FAKE_9,terlalu_kecil,6209.1370078164955,36,13
FAKE_MERAH_mp4-0003_jpg.rf.76016c8106ae94d1d5c89ade273da7b4_0.jpg,train,FAKE_4,terlalu_kecil,1475.584643423924,71,12
FAKE_MERAH_mp4-0003_jpg.rf.76016c8106ae94d1d5c89ade273da7b4_1.jpg,train,FAKE_9,terlalu_kecil,6249.052882071261,37,15
FAKE_MERAH_mp4-0003_jpg.rf.76016c8106ae94d1d5c89ade273da7b4_2.jpg,train,FAKE_3,terlalu_kecil,6104.429882899731,71,23
FAKE_MERAH_mp4-0014_jpg.rf.1edd9dfab404f5c5dd2d1e342c3db461_1.jpg,train,FAKE_4,terlalu_kecil,4740.8724250434425,86,13
FAKE_MERAH_mp4-0014_jpg.rf.1edd9dfab404f5c5dd2d1e342c3db461_2.jpg,train,FAKE_9,terlalu_kecil,5113.949809709309,48,22
FAKE_MERAH_mp4-0030_jpg.rf.813fe7c184be67ede5ed30a3928d110e_1.jpg,train,FAKE_9,terlalu_kecil,3164.898115116246,68,22
FAKE_MERAH_mp4-0035_jpg.rf.61a4097df128c74f388672a8273af938_1.jpg,train,FAKE_9,terlalu_kecil,3736.415991411981,62,18
FAKE_MERAH_mp4-0039_jpg.rf.69fdc7614626e62bb430aa597ed079f5_1.jpg,train,FAKE_9,terlalu_kecil,3828.368886576483,62,18
FAKE_MERAH_mp4-0045_jpg.rf.c8305561047a77b7588bbc85858d0d59_1.jpg,train,FAKE_9,terlalu_kecil,153.93621444958666,53,24
FAKE_MERAH_mp4-0048_jpg.rf.bd120ee86cd401ad04505439ed3ffc41_1.jpg,train,FAKE_9,terlalu_kecil,5596.362770511296,58,20
FAKE_MERAH_mp4-0054_jpg.rf.50fb5536500623c90c2bc14ff00e6f09_2.jpg,train,FAKE_1,terlalu_kecil,711.4808539886544,119,15
FAKE_MERAH_mp4-0062_jpg.rf.06227d9942bb450a0bbdf5a08b84c8fc_0.jpg,train,FAKE_1,terlalu_kecil,2593.679620793791,126,24
FAKE_MERAH_mp4-0076_jpg.rf.0748883e1e9dcd53f58dcee7facf6ed2_1.jpg,train,FAKE_3,terlalu_kecil,4409.387678827923,118,20
FAKE_MERAH_mp4-0111_jpg.rf.087d85e84ca771c527c458768921c159_2.jpg,train,FAKE_15,terlalu_kecil,266.5367700132036,110,13
FAKE_MERAH_mp4-0125_jpg.rf.69c89fb33c22aaf96e344236a68d4ad9_1.jpg,train,FAKE_15,terlalu_kecil,3311.2734765474816,102,24
FAKE_MERAH_mp4-0131_jpg.rf.0249aca33130bcef3acec77b2dde24db_0.jpg,train,FAKE_1,terlalu_kecil,4825.79395701688,106,24
FAKE_MERAH_mp4-0131_jpg.rf.0249aca33130bcef3acec77b2dde24db_3.jpg,train,R1,terlalu_kecil,1381.6656956961644,31,17
FAKE_MERAH_mp4-0136_jpg.rf.fb7a0243d2596cebef700b5da6dbfb4f_1.jpg,train,FAKE_1,terlalu_kecil,1452.917908374996,101,18
FAKE_MERAH_mp4-0136_jpg.rf.fb7a0243d2596cebef700b5da6dbfb4f_3.jpg,train,R1,terlalu_kecil,825.0302190373176,43,16
FAKE_MERAH_mp4-0145_jpg.rf.afcc6c58135ed2785c16e5354fc3b452_2.jpg,train,FAKE_1,terlalu_kecil,1504.8226104166665,100,12
FAKE_MERAH_mp4-0145_jpg.rf.afcc6c58135ed2785c16e5354fc3b452_3.jpg,train,R1,terlalu_kecil,3852.357273415159,58,22
FAKE_MERAH_mp4-0145_jpg.rf.afcc6c58135ed2785c16e5354fc3b452_5.jpg,train,R1,terlalu_kecil,1781.001549586777,44,11
FAKE_MERAH_mp4-0145_jpg.rf.afcc6c58135ed2785c16e5354fc3b452_6.jpg,train,R1,terlalu_kecil,949.5303636262317,46,21
FAKE_MERAH_mp4-0149_jpg.rf.8db2d4968c9d254064374dccdf94fabf_1.jpg,train,R1,terlalu_kecil,2047.1632219692283,42,22
FAKE_MERAH_mp4-0149_jpg.rf.8db2d4968c9d254064374dccdf94fabf_4.jpg,train,R1,terlalu_kecil,962.9397803366919,58,19
FAKE_MERAH_mp4-0149_jpg.rf.8db2d4968c9d254064374dccdf94fabf_5.jpg,train,R1,terlalu_kecil,1711.8636311983473,44,10
FAKE_MERAH_mp4-0149_jpg.rf.8db2d4968c9d254064374dccdf94fabf_6.jpg,train,FAKE_1,terlalu_kecil,2215.4151833392666,106,7
FAKE_MERAH_mp4-0151_jpg.rf.48075246ada44910ff495d27ad78bc08_1.jpg,train,FAKE_9,terlalu_kecil,3099.801765927978,57,24
FAKE_MERAH_mp4-0151_jpg.rf.48075246ada44910ff495d27ad78bc08_2.jpg,train,FAKE_12,terlalu_kecil,7936.132520333837,31,14
FAKE_MERAH_mp4-0151_jpg.rf.48075246ada44910ff495d27ad78bc08_4.jpg,train,R1,terlalu_kecil,469.82251593504435,56,19
FAKE_MERAH_mp4-0151_jpg.rf.48075246ada44910ff495d27ad78bc08_5.jpg,train,R1,terlalu_kecil,593.8239857633442,46,23
FAKE_MERAH_mp4-0160_jpg.rf.5a5d15a7de4a25e770af19c72f5c8ed1_1.jpg,train,FAKE_9,terlalu_kecil,4512.219679952383,55,19
FAKE_MERAH_mp4-0160_jpg.rf.5a5d15a7de4a25e770af19c72f5c8ed1_2.jpg,train,FAKE_12,terlalu_kecil,1665.2698734958087,43,16
FAKE_MERAH_mp4-0160_jpg.rf.5a5d15a7de4a25e770af19c72f5c8ed1_3.jpg,train,R1,terlalu_kecil,6335.672610204081,50,14
FAKE_MERAH_mp4-0160_jpg.rf.5a5d15a7de4a25e770af19c72f5c8ed1_4.jpg,train,REAL_10,terlalu_kecil,1620.1811539430587,36,21
FAKE_MERAH_mp4-0160_jpg.rf.5a5d15a7de4a25e770af19c72f5c8ed1_5.jpg,train,FAKE_2,terlalu_kecil,3506.274671589289,43,11
FAKE_MERAH_mp4-0160_jpg.rf.5a5d15a7de4a25e770af19c72f5c8ed1_6.jpg,train,R1,terlalu_kecil,5498.002657548476,38,20
FAKE_MERAH_mp4-0160_jpg.rf.5a5d15a7de4a25e770af19c72f5c8ed1_7.jpg,train,FAKE_7,terlalu_kecil,1427.083710444697,43,14
FAKE_MERAH_mp4-0160_jpg.rf.5a5d15a7de4a25e770af19c72f5c8ed1_9.jpg,train,FAKE_14,terlalu_kecil,1167.4663752553363,42,11
FAKE_MERAH_mp4-0160_jpg.rf.5a5d15a7de4a25e770af19c72f5c8ed1_10.jpg,train,FAKE_9,terlalu_kecil,2702.689829545455,40,11
FAKE_MERAH_mp4-0164_jpg.rf.dd47bc3c4b5c45536ff5b21f05547199_0.jpg,train,FAKE_9,terlalu_kecil,8220.920556752504,57,18
FAKE_MERAH_mp4-0164_jpg.rf.dd47bc3c4b5c45536ff5b21f05547199_2.jpg,train,FAKE_7,terlalu_kecil,1860.0891960353638,43,14
FAKE_MERAH_mp4-0164_jpg.rf.dd47bc3c4b5c45536ff5b21f05547199_3.jpg,train,REAL_10,terlalu_kecil,5273.141020408163,35,20
FAKE_MERAH_mp4-0164_jpg.rf.dd47bc3c4b5c45536ff5b21f05547199_4.jpg,train,R1,terlalu_kecil,1535.8612930769013,36,21
FAKE_MERAH_mp4-0164_jpg.rf.dd47bc3c4b5c45536ff5b21f05547199_5.jpg,train,R1,terlalu_kecil,1415.8721926072378,47,14
FAKE_MERAH_mp4-0164_jpg.rf.dd47bc3c4b5c45536ff5b21f05547199_6.jpg,train,FAKE_12,terlalu_kecil,1636.9633761652808,42,15
FAKE_MERAH_mp4-0164_jpg.rf.dd47bc3c4b5c45536ff5b21f05547199_7.jpg,train,FAKE_2,terlalu_kecil,1025.4066265624708,42,11
FAKE_MERAH_mp4-0164_jpg.rf.dd47bc3c4b5c45536ff5b21f05547199_8.jpg,train,R1,terlalu_kecil,5839.156893269928,34,23
FAKE_MERAH_mp4-0164_jpg.rf.dd47bc3c4b5c45536ff5b21f05547199_9.jpg,train,FAKE_14,terlalu_kecil,1344.3804674942717,38,9
FAKE_MERAH_mp4-0164_jpg.rf.dd47bc3c4b5c45536ff5b21f05547199_10.jpg,train,REAL_9,terlalu_kecil,3215.2072839506177,40,9
FAKE_MERAH_mp4-0171_jpg.rf.ef79e6d7b771e1a997799132cd960b68_0.jpg,train,FAKE_9,terlalu_kecil,6217.022533414958,55,18
FAKE_MERAH_mp4-0171_jpg.rf.ef79e6d7b771e1a997799132cd960b68_2.jpg,train,REAL_10,terlalu_kecil,1069.3843489795916,35,20
FAKE_MERAH_mp4-0171_jpg.rf.ef79e6d7b771e1a997799132cd960b68_3.jpg,train,FAKE_7,terlalu_kecil,3397.647669952334,42,14
FAKE_MERAH_mp4-0171_jpg.rf.ef79e6d7b771e1a997799132cd960b68_4.jpg,train,R1,terlalu_kecil,3422.28905679919,34,21
FAKE_MERAH_mp4-0171_jpg.rf.ef79e6d7b771e1a997799132cd960b68_5.jpg,train,R1,terlalu_kecil,5290.577763127998,43,13
FAKE_MERAH_mp4-0171_jpg.rf.ef79e6d7b771e1a997799132cd960b68_6.jpg,train,FAKE_12,terlalu_kecil,5382.750169596925,38,14
FAKE_MERAH_mp4-0171_jpg.rf.ef79e6d7b771e1a997799132cd960b68_7.jpg,train,FAKE_2,terlalu_kecil,1991.27399375,40,10
FAKE_MERAH_mp4-0181_jpg.rf.b506e4f428c75350a130f453479ce138_1.jpg,train,REAL_10,terlalu_kecil,7372.468737985391,34,18
FAKE_MERAH_mp4-0181_jpg.rf.b506e4f428c75350a130f453479ce138_2.jpg,train,FAKE_9,terlalu_kecil,7040.2807017543855,57,20
FAKE_MERAH_mp4-0181_jpg.rf.b506e4f428c75350a130f453479ce138_3.jpg,train,FAKE_7,terlalu_kecil,6787.543086849543,41,13
FAKE_MERAH_mp4-0181_jpg.rf.b506e4f428c75350a130f453479ce138_4.jpg,train,FAKE_4,terlalu_kecil,1992.755078428666,106,14
FAKE_MERAH_mp4-0181_jpg.rf.b506e4f428c75350a130f453479ce138_5.jpg,train,FAKE_12,terlalu_kecil,10827.780920849602,39,14
FAKE_MERAH_mp4-0181_jpg.rf.b506e4f428c75350a130f453479ce138_6.jpg,train,FAKE_2,terlalu_kecil,4499.648380999342,39,8
FAKE_MERAH_mp4-0181_jpg.rf.b506e4f428c75350a130f453479ce138_7.jpg,train,R1,terlalu_kecil,5769.145077854671,20,17
FAKE_MERAH_mp4-0188_jpg.rf.73b7d6f00d66f00d61cbdf4a77ebf866_0.jpg,train,FAKE_7,terlalu_kecil,2815.8372633136096,40,13
FAKE_MERAH_mp4-0188_jpg.rf.73b7d6f00d66f00d61cbdf4a77ebf866_1.jpg,train,FAKE_9,terlalu_kecil,8222.135125673878,54,23
FAKE_MERAH_mp4-0188_jpg.rf.73b7d6f00d66f00d61cbdf4a77ebf866_3.jpg,train,REAL_10,terlalu_kecil,2998.395363321799,34,20
FAKE_MERAH_mp4-0188_jpg.rf.73b7d6f00d66f00d61cbdf4a77ebf866_5.jpg,train,FAKE_4,terlalu_kecil,4506.732623541465,108,18
FAKE_MERAH_mp4-0188_jpg.rf.73b7d6f00d66f00d61cbdf4a77ebf866_6.jpg,train,FAKE_12,terlalu_kecil,4644.0703367912265,38,14
FAKE_MERAH_mp4-0188_jpg.rf.73b7d6f00d66f00d61cbdf4a77ebf866_7.jpg,train,R1,terlalu_kecil,4718.572743000943,22,17
FAKE_MERAH_mp4-0193_jpg.rf.1726ad030fea0a17869e8cff3856520a_0.jpg,train,FAKE_7,terlalu_kecil,777.3847078391142,41,14
FAKE_MERAH_mp4-0193_jpg.rf.1726ad030fea0a17869e8cff3856520a_2.jpg,train,REAL_10,terlalu_kecil,576.655076845553,36,21
FAKE_MERAH_mp4-0193_jpg.rf.1726ad030fea0a17869e8cff3856520a_5.jpg,train,FAKE_4,terlalu_kecil,1341.3095245919685,114,24
FAKE_MERAH_mp4-0193_jpg.rf.1726ad030fea0a17869e8cff3856520a_6.jpg,train,FAKE_12,terlalu_kecil,2575.4376331360945,39,15
FAKE_MERAH_mp4-0193_jpg.rf.1726ad030fea0a17869e8cff3856520a_7.jpg,train,R1,terlalu_kecil,3353.935634566327,40,14
FAKE_MERAH_mp4-0198_jpg.rf.02026d4d20871d6e02efd17c99e63c59_0.jpg,train,FAKE_15,terlalu_kecil,4302.891966042616,105,22
FAKE_MERAH_mp4-0198_jpg.rf.02026d4d20871d6e02efd17c99e63c59_3.jpg,train,FAKE_12,terlalu_kecil,1349.6031000000003,40,15
FAKE_MERAH_mp4-0198_jpg.rf.02026d4d20871d6e02efd17c99e63c59_4.jpg,train,R1,terlalu_kecil,4760.065325443787,40,13
FAKE_MERAH_mp4-0198_jpg.rf.02026d4d20871d6e02efd17c99e63c59_5.jpg,train,FAKE_7,terlalu_kecil,3377.8489700173773,43,13
FAKE_MERAH_mp4-0198_jpg.rf.02026d4d20871d6e02efd17c99e63c59_7.jpg,train,REAL_10,terlalu_kecil,2616.7069757971212,35,21
FAKE_MERAH_mp4-0198_jpg.rf.02026d4d20871d6e02efd17c99e63c59_9.jpg,train,R1,terlalu_kecil,2257.5975000000003,28,10
FAKE_MERAH_mp4-0204_jpg.rf.88fe0d83df0c574cac2469591e56e2e1_0.jpg,train,FAKE_7,terlalu_kecil,1165.701440933323,43,14
FAKE_MERAH_mp4-0204_jpg.rf.88fe0d83df0c574cac2469591e56e2e1_1.jpg,train,REAL_10,terlalu_kecil,2343.854754296807,39,23
FAKE_MERAH_mp4-0204_jpg.rf.88fe0d83df0c574cac2469591e56e2e1_6.jpg,train,FAKE_15,terlalu_kecil,1773.7049077573417,105,18
FAKE_MERAH_mp4-0204_jpg.rf.88fe0d83df0c574cac2469591e56e2e1_7.jpg,train,FAKE_12,terlalu_kecil,4046.266865079365,42,16
FAKE_MERAH_mp4-0204_jpg.rf.88fe0d83df0c574cac2469591e56e2e1_8.jpg,train,R1,terlalu_kecil,2238.4820086358545,37,13
FAKE_MERAH_mp4-0204_jpg.rf.88fe0d83df0c574cac2469591e56e2e1_9.jpg,train,R1,terlalu_kecil,2342.79217681338,49,11
FAKE_MERAH_mp4-0212_jpg.rf.ee4bb98b716be584f70b49e513f12a23_3.jpg,train,FAKE_12,terlalu_kecil,1088.6656335034013,42,20
FAKE_MERAH_mp4-0212_jpg.rf.ee4bb98b716be584f70b49e513f12a23_4.jpg,train,FAKE_7,terlalu_kecil,446.7297657171281,47,18
FAKE_MERAH_mp4-0216_jpg.rf.1b7d283ac57faca99cbd452a876a53f3_0.jpg,train,REAL_10,terlalu_kecil,1826.6155790441176,34,24
FAKE_MERAH_mp4-0216_jpg.rf.1b7d283ac57faca99cbd452a876a53f3_3.jpg,train,FAKE_12,terlalu_kecil,2258.8780062340925,34,22
FAKE_MERAH_mp4-0216_jpg.rf.1b7d283ac57faca99cbd452a876a53f3_4.jpg,train,FAKE_7,terlalu_kecil,1048.175790725327,29,15
FAKE_MERAH_mp4-0216_jpg.rf.1b7d283ac57faca99cbd452a876a53f3_5.jpg,train,R1,terlalu_kecil,1168.7520415224913,34,20
FAKE_MERAH_mp4-0216_jpg.rf.1b7d283ac57faca99cbd452a876a53f3_6.jpg,train,R1,terlalu_kecil,679.4356989768206,58,9
FAKE_MERAH_mp4-0241_jpg.rf.ab74c255abf530eee3531b2c33a35dd6_2.jpg,train,FAKE_3,terlalu_kecil,284.99465355394847,117,16
FAKE_MERAH_mp4-0246_jpg.rf.4350b4584047ccbb80f5ea3762725c53_1.jpg,train,FAKE_3,terlalu_kecil,3028.656394528162,113,17
FAKE_MERAH_mp4-0250_jpg.rf.4b66d2a20b2a677ccf3e3c41d99d0af8_2.jpg,train,FAKE_3,terlalu_kecil,2693.344360196137,109,19
FAKE_MERAH_mp4-0260_jpg.rf.3e9c371bd017521ad9ad68593765634b_1.jpg,train,FAKE_4,terlalu_kecil,1497.6516681671585,113,22
FAKE_MERAH_mp4-0266_jpg.rf.a1e5a62d23ec4e9853bee13b48f5b170_2.jpg,train,FAKE_4,terlalu_kecil,1256.5000586171757,111,18
FAKE_MERAH_mp4-0271_jpg.rf.87be8e3d0e983bf88b01de9c7405771a_0.jpg,train,FAKE_4,terlalu_kecil,481.43714250283455,112,15
FAKE_MERAH_mp4-0275_jpg.rf.b9734b2e2a75c1e8b7da105a973acb00_1.jpg,train,FAKE_4,terlalu_kecil,409.56996169761635,114,9
FAKE_MERAH_mp4-0283_jpg.rf.e965940803aba6f7d07f358b24c06ed2_0.jpg,train,FAKE_9,terlalu_kecil,2631.8978167936684,67,22
FAKE_MERAH_mp4-0287_jpg.rf.a50bb070e4e50d9a55d9e9a4c32aaba4_1.jpg,train,FAKE_9,terlalu_kecil,2398.046619609561,71,23
FAKE_MERAH_mp4-0300_jpg.rf.65738135b0772aedbed7ed388d09a102_1.jpg,train,FAKE_1,terlalu_kecil,534.070446612873,146,20
IMG_9371_MOV-0212_jpg.rf.347258da1ad9856b3925063428d37f58_2.jpg,train,REAL_14,terlalu_kecil,916.6647910192884,63,24
IMG_9371_MOV-0214_jpg.rf.0288fcfaf570e54e5b37a3896e931763_2.jpg,train,REAL_14,terlalu_kecil,1168.295802451639,63,24
IMG_9371_MOV-0215_jpg.rf.ff8ad67af5eb55465a376f6eba590040_1.jpg,train,REAL_14,terlalu_kecil,1410.3479566466506,63,24
IMG_9371_MOV-0219_jpg.rf.eb5a07d03cf2b225e0715bd59cad0d64_1.jpg,train,REAL_14,terlalu_kecil,800.3674258677196,65,23
IMG_9372_MOV-0241_jpg.rf.e654317703f59afdace0b09ab0c365e4_3.jpg,train,REAL_1,terlalu_kecil,1712.182635358631,77,22
IMG_9372_MOV-0241_jpg.rf.e654317703f59afdace0b09ab0c365e4_4.jpg,train,REAL_3,terlalu_kecil,1627.017617138614,59,17
IMG_9374_MOV-0265_jpg.rf.e2eace98182fb4347926568831f46974_7.jpg,train,REAL_15,terlalu_kecil,428.95213510574297,56,21
IMG_9374_MOV-0274_jpg.rf.fdeaa9836d3a4e3b70e74d2b094419f0_4.jpg,train,REAL_15,terlalu_kecil,1250.0846226047938,55,19
IMG_9376_MOV-0234_jpg.rf.4400fa4a8218f478da98f1d9955fab18_4.jpg,train,REAL_8,terlalu_kecil,1160.2470122402704,49,24
IMG_9377_MOV-0228_jpg.rf.f3853efb17e6e5e2faceb59a7e21064b_1.jpg,train,REAL_8,terlalu_kecil,709.3781659722223,50,24
IMG_9377_MOV-0233_jpg.rf.94b1bc3bf6572ae3c6e4c3db4e2bf97b_2.jpg,train,REAL_8,terlalu_kecil,1214.5960688090738,50,23
IMG_9377_MOV-0237_jpg.rf.d3a133afe826ffbdf8d502aa979144a3_2.jpg,train,REAL_8,terlalu_kecil,1443.3202620601212,58,22
IMG_9377_MOV-0253_jpg.rf.2ca37de7be0b83ef92e2d7db02b465f9_0.jpg,train,REAL_7,terlalu_kecil,120.21325442247658,31,16
IMG_9380_MOV-0045_jpg.rf.a6c6a271c62f64d404e220402c2e2ea4_2.jpg,train,REAL_9,terlalu_kecil,1492.206249517747,120,24
IMG_9380_MOV-0309_jpg.rf.1a6119113c35b60fa3ae5b4c98253d9b_2.jpg,train,REAL_4,terlalu_kecil,904.855524691358,60,18
IMG_9380_MOV-0316_jpg.rf.4f1e9b5acfd761eae2bb14409ddef991_2.jpg,train,REAL_4,terlalu_kecil,1490.1447121021479,68,22
IMG_9384_MOV-0234_jpg.rf.91b920c861b8cc8ca60d70bde2ab0713_2.jpg,train,REAL_9,terlalu_kecil,939.1281743089394,68,21
WhatsApp-Video-2025-09-30-at-23_43_16_ace80a6e_mp4-0006_jpg.rf.15aed0cfef27f5282050a5a1b58b6eea_0.jpg,train,REAL_7,terlalu_kecil,10826.782798445583,67,15
WhatsApp-Video-2025-09-30-at-23_43_16_ace80a6e_mp4-0022_jpg.rf.ac6a172fec482c99d27a5fb6c0fc1fcf_0.jpg,train,REAL_1,terlalu_kecil,5409.9158734375005,80,10
WhatsApp-Video-2025-09-30-at-23_43_16_ace80a6e_mp4-0022_jpg.rf.ac6a172fec482c99d27a5fb6c0fc1fcf_1.jpg,train,REAL_7,terlalu_kecil,7600.984175442087,92,19
WhatsApp-Video-2025-09-30-at-23_43_16_ace80a6e_mp4-0044_jpg.rf.478311922b0045bcc849ac1144618685_0.jpg,train,REAL_1,terlalu_kecil,1712.2609189786929,114,19
WhatsApp-Video-2025-09-30-at-23_43_16_ace80a6e_mp4-0044_jpg.rf.478311922b0045bcc849ac1144618685_1.jpg,train,REAL_7,terlalu_kecil,2569.724958630215,114,21
WhatsApp-Video-2025-09-30-at-23_43_16_ace80a6e_mp4-0052_jpg.rf.632dd1ac338b80b7747337f17aa5d308_0.jpg,train,REAL_7,terlalu_kecil,4013.035652858163,124,22
WhatsApp-Video-2025-09-30-at-23_43_16_ace80a6e_mp4-0056_jpg.rf.fdf4eea74f140ad61f762f7cdcd967b9_0.jpg,train,REAL_7,terlalu_kecil,1899.7290366830596,119,23
WhatsApp-Video-2025-09-30-at-23_43_16_ace80a6e_mp4-0065_jpg.rf.a225f1e6ba0ac6c68e9f10035f94af4c_1.jpg,train,REAL_7,terlalu_kecil,2875.0715422844805,128,17
WhatsApp-Video-2025-09-30-at-23_43_16_ace80a6e_mp4-0069_jpg.rf.ae50f721ea413864a7fa3f8b5891805c_1.jpg,train,REAL_7,terlalu_kecil,9287.286790281723,131,18
WhatsApp-Video-2025-09-30-at-23_43_16_ace80a6e_mp4-0072_jpg.rf.e9d993258c8fc4bed553b29f1193a1e8_1.jpg,train,REAL_7,terlalu_kecil,6310.258695925809,136,16
WhatsApp-Video-2025-09-30-at-23_43_16_ace80a6e_mp4-0083_jpg.rf.12e34d30ff067b22e99bfbc192fd23ac_1.jpg,train,REAL_7,terlalu_kecil,1066.5411721718249,138,13
WhatsApp-Video-2025-09-30-at-23_43_16_ace80a6e_mp4-0121_jpg.rf.90cdce2b9d5e014feddf1443fea936af_2.jpg,train,REAL_3,terlalu_kecil,692.2247888509618,127,17
WhatsApp-Video-2025-09-30-at-23_43_16_ace80a6e_mp4-0129_jpg.rf.51189d3a716deea149840bdf25d77943_1.jpg,train,REAL_3,terlalu_kecil,1822.724077344736,129,16
WhatsApp-Video-2025-09-30-at-23_43_16_ace80a6e_mp4-0159_jpg.rf.665c1cd6568b22e1881c2ab9b3752dc9_1.jpg,train,REAL_11,terlalu_kecil,7595.5099337777,76,20
WhatsApp-Video-2025-09-30-at-23_43_16_ace80a6e_mp4-0163_jpg.rf.19d1da3c672ecb9f2dc589a933266875_1.jpg,train,REAL_1,terlalu_kecil,298.43184614201687,148,19
WhatsApp-Video-2025-09-30-at-23_43_16_ace80a6e_mp4-0163_jpg.rf.19d1da3c672ecb9f2dc589a933266875_2.jpg,train,REAL_11,terlalu_kecil,5847.138930026626,76,19
WhatsApp-Video-2025-09-30-at-23_43_16_ace80a6e_mp4-0183_jpg.rf.30fe63d218d9bcab5215e4c5d27389b4_1.jpg,train,REAL_11,terlalu_kecil,5764.530762656148,78,20
WhatsApp-Video-2025-09-30-at-23_43_16_ace80a6e_mp4-0189_jpg.rf.dcace4e2a9dfb6028d57d0ced78365d5_1.jpg,train,REAL_11,terlalu_kecil,4135.274520705647,23,17
WhatsApp-Video-2025-09-30-at-23_43_16_ace80a6e_mp4-0189_jpg.rf.dcace4e2a9dfb6028d57d0ced78365d5_2.jpg,train,REAL_11,terlalu_kecil,5924.025975703825,81,19
WhatsApp-Video-2025-09-30-at-23_43_16_ace80a6e_mp4-0189_jpg.rf.dcace4e2a9dfb6028d57d0ced78365d5_3.jpg,train,FAKE_1,terlalu_kecil,5424.413124073158,34,14
WhatsApp-Video-2025-09-30-at-23_43_16_ace80a6e_mp4-0194_jpg.rf.f84f4d82106ed2dea2772accec71e9c3_1.jpg,train,REAL_11,terlalu_kecil,6056.447016104917,85,18
WhatsApp-Video-2025-09-30-at-23_43_16_ace80a6e_mp4-0203_jpg.rf.d22110f9356212bdd04c7de9c4c0062d_1.jpg,train,REAL_10,terlalu_kecil,1545.8886578449903,40,23
WhatsApp-Video-2025-09-30-at-23_43_16_ace80a6e_mp4-0203_jpg.rf.d22110f9356212bdd04c7de9c4c0062d_2.jpg,train,FAKE_14,terlalu_kecil,1833.3277229080932,36,15
WhatsApp-Video-2025-09-30-at-23_43_16_ace80a6e_mp4-0203_jpg.rf.d22110f9356212bdd04c7de9c4c0062d_3.jpg,train,REAL_13,terlalu_kecil,2411.270075635152,175,14
WhatsApp-Video-2025-09-30-at-23_43_16_ace80a6e_mp4-0203_jpg.rf.d22110f9356212bdd04c7de9c4c0062d_4.jpg,train,FAKE_1,terlalu_kecil,1789.394516313751,31,13
WhatsApp-Video-2025-09-30-at-23_43_16_ace80a6e_mp4-0203_jpg.rf.d22110f9356212bdd04c7de9c4c0062d_5.jpg,train,REAL_1,terlalu_kecil,3093.6337868480728,21,12
WhatsApp-Video-2025-09-30-at-23_43_16_ace80a6e_mp4-0206_jpg.rf.dc2330fab9b24fa1e499be7d41e0d1c3_1.jpg,train,REAL_10,terlalu_kecil,2239.494085557023,39,22
WhatsApp-Video-2025-09-30-at-23_43_16_ace80a6e_mp4-0206_jpg.rf.dc2330fab9b24fa1e499be7d41e0d1c3_2.jpg,train,FAKE_14,terlalu_kecil,1969.8135802469135,36,15
WhatsApp-Video-2025-09-30-at-23_43_16_ace80a6e_mp4-0206_jpg.rf.dc2330fab9b24fa1e499be7d41e0d1c3_3.jpg,train,REAL_13,terlalu_kecil,945.7431679794639,166,19
WhatsApp-Video-2025-09-30-at-23_43_16_ace80a6e_mp4-0206_jpg.rf.dc2330fab9b24fa1e499be7d41e0d1c3_4.jpg,train,FAKE_1,terlalu_kecil,1251.1621577995866,32,11
WhatsApp-Video-2025-09-30-at-23_43_16_ace80a6e_mp4-0206_jpg.rf.dc2330fab9b24fa1e499be7d41e0d1c3_5.jpg,train,REAL_11,terlalu_kecil,9393.064739006028,86,17
WhatsApp-Video-2025-09-30-at-23_43_16_ace80a6e_mp4-0214_jpg.rf.b63f8b25691f0cece2cd04fc49a1f3db_2.jpg,train,REAL_10,terlalu_kecil,5547.745990444214,40,22
WhatsApp-Video-2025-09-30-at-23_43_16_ace80a6e_mp4-0214_jpg.rf.b63f8b25691f0cece2cd04fc49a1f3db_3.jpg,train,FAKE_14,terlalu_kecil,2824.812302055809,33,14
WhatsApp-Video-2025-09-30-at-23_43_16_ace80a6e_mp4-0214_jpg.rf.b63f8b25691f0cece2cd04fc49a1f3db_4.jpg,train,REAL_11,terlalu_kecil,5251.367743290059,82,17
WhatsApp-Video-2025-09-30-at-23_43_16_ace80a6e_mp4-0224_jpg.rf.4a6bfaaa0847f1aec1aeeb500153849d_2.jpg,train,REAL_10,terlalu_kecil,2086.9987665406425,40,23
WhatsApp-Video-2025-09-30-at-23_43_16_ace80a6e_mp4-0224_jpg.rf.4a6bfaaa0847f1aec1aeeb500153849d_3.jpg,train,FAKE_14,terlalu_kecil,2071.0696754315322,26,13
WhatsApp-Video-2025-09-30-at-23_43_16_ace80a6e_mp4-0224_jpg.rf.4a6bfaaa0847f1aec1aeeb500153849d_4.jpg,train,REAL_11,terlalu_kecil,4727.571965131672,87,21
WhatsApp-Video-2025-09-30-at-23_43_16_ace80a6e_mp4-0224_jpg.rf.4a6bfaaa0847f1aec1aeeb500153849d_9.jpg,train,FAKE_1,terlalu_kecil,678.148893584489,31,14
WhatsApp-Video-2025-09-30-at-23_43_16_ace80a6e_mp4-0228_jpg.rf.64351f5221579cce18ee93874d86f1f8_2.jpg,train,REAL_10,terlalu_kecil,8110.985605901356,39,21
WhatsApp-Video-2025-09-30-at-23_43_16_ace80a6e_mp4-0228_jpg.rf.64351f5221579cce18ee93874d86f1f8_3.jpg,train,FAKE_14,terlalu_kecil,3023.2838891877354,22,13
WhatsApp-Video-2025-09-30-at-23_43_16_ace80a6e_mp4-0228_jpg.rf.64351f5221579cce18ee93874d86f1f8_4.jpg,train,FAKE_1,terlalu_kecil,5539.5823499891485,32,12
WhatsApp-Video-2025-09-30-at-23_43_16_ace80a6e_mp4-0228_jpg.rf.64351f5221579cce18ee93874d86f1f8_5.jpg,train,REAL_11,terlalu_kecil,8361.572515791391,76,17
WhatsApp-Video-2025-09-30-at-23_43_16_ace80a6e_mp4-0228_jpg.rf.64351f5221579cce18ee93874d86f1f8_11.jpg,train,FAKE_12,terlalu_kecil,898.3318091754305,27,12
WhatsApp-Video-2025-09-30-at-23_43_16_ace80a6e_mp4-0228_jpg.rf.64351f5221579cce18ee93874d86f1f8_12.jpg,train,FAKE_7,terlalu_kecil,4246.44921875,32,8
WhatsApp-Video-2025-09-30-at-23_43_16_ace80a6e_mp4-0238_jpg.rf.cdd5e42d1e76fd918f220f9d88b07b27_2.jpg,train,REAL_10,terlalu_kecil,2208.5378672244524,38,21
WhatsApp-Video-2025-09-30-at-23_43_16_ace80a6e_mp4-0238_jpg.rf.cdd5e42d1e76fd918f220f9d88b07b27_3.jpg,train,FAKE_14,terlalu_kecil,10288.513931611504,23,13
WhatsApp-Video-2025-09-30-at-23_43_16_ace80a6e_mp4-0238_jpg.rf.cdd5e42d1e76fd918f220f9d88b07b27_4.jpg,train,FAKE_1,terlalu_kecil,1022.5658284023668,32,13
WhatsApp-Video-2025-09-30-at-23_43_16_ace80a6e_mp4-0238_jpg.rf.cdd5e42d1e76fd918f220f9d88b07b27_5.jpg,train,REAL_11,terlalu_kecil,2729.1952734375,20,16
WhatsApp-Video-2025-09-30-at-23_43_16_ace80a6e_mp4-0238_jpg.rf.cdd5e42d1e76fd918f220f9d88b07b27_6.jpg,train,FAKE_12,terlalu_kecil,1762.2573142538265,32,14
WhatsApp-Video-2025-09-30-at-23_43_16_ace80a6e_mp4-0238_jpg.rf.cdd5e42d1e76fd918f220f9d88b07b27_7.jpg,train,FAKE_7,terlalu_kecil,2900.5068120912274,33,7
WhatsApp-Video-2025-09-30-at-23_43_16_ace80a6e_mp4-0243_jpg.rf.129cc4e045ed75cb64b54cf3da934a90_0.jpg,train,REAL_10,terlalu_kecil,3053.3291863167055,38,22
WhatsApp-Video-2025-09-30-at-23_43_16_ace80a6e_mp4-0243_jpg.rf.129cc4e045ed75cb64b54cf3da934a90_3.jpg,train,FAKE_14,terlalu_kecil,1438.3313445557212,38,13
WhatsApp-Video-2025-09-30-at-23_43_16_ace80a6e_mp4-0243_jpg.rf.129cc4e045ed75cb64b54cf3da934a90_4.jpg,train,FAKE_12,terlalu_kecil,367.07360946745564,20,13
WhatsApp-Video-2025-09-30-at-23_43_16_ace80a6e_mp4-0243_jpg.rf.129cc4e045ed75cb64b54cf3da934a90_6.jpg,train,FAKE_1,terlalu_kecil,2214.2336414930555,30,16
WhatsApp-Video-2025-09-30-at-23_43_16_ace80a6e_mp4-0243_jpg.rf.129cc4e045ed75cb64b54cf3da934a90_10.jpg,train,REAL_11,terlalu_kecil,1610.0579374081078,23,15
WhatsApp-Video-2025-09-30-at-23_43_16_ace80a6e_mp4-0254_jpg.rf.126d78c2cbfd65c02c08a608d9d61cd2_0.jpg,train,REAL_10,terlalu_kecil,3340.0422114682247,37,20
WhatsApp-Video-2025-09-30-at-23_43_16_ace80a6e_mp4-0254_jpg.rf.126d78c2cbfd65c02c08a608d9d61cd2_1.jpg,train,FAKE_14,terlalu_kecil,4894.712454699945,34,13
WhatsApp-Video-2025-09-30-at-23_43_16_ace80a6e_mp4-0254_jpg.rf.126d78c2cbfd65c02c08a608d9d61cd2_3.jpg,train,REAL_14,terlalu_kecil,4121.478480725624,28,15
WhatsApp-Video-2025-09-30-at-23_43_16_ace80a6e_mp4-0254_jpg.rf.126d78c2cbfd65c02c08a608d9d61cd2_4.jpg,train,FAKE_1,terlalu_kecil,2192.989540289256,22,12
WhatsApp-Video-2025-09-30-at-23_43_16_ace80a6e_mp4-0254_jpg.rf.126d78c2cbfd65c02c08a608d9d61cd2_5.jpg,train,REAL_3,terlalu_kecil,6713.495298355002,97,15
WhatsApp-Video-2025-09-30-at-23_43_16_ace80a6e_mp4-0254_jpg.rf.126d78c2cbfd65c02c08a608d9d61cd2_6.jpg,train,REAL_11,terlalu_kecil,9328.023844401041,16,12
WhatsApp-Video-2025-09-30-at-23_43_16_ace80a6e_mp4-0254_jpg.rf.126d78c2cbfd65c02c08a608d9d61cd2_7.jpg,train,REAL_2,terlalu_kecil,3772.135239414325,38,7
WhatsApp-Video-2025-09-30-at-23_43_16_ace80a6e_mp4-0254_jpg.rf.126d78c2cbfd65c02c08a608d9d61cd2_8.jpg,train,FAKE_8,terlalu_kecil,3312.4679365079364,42,5
WhatsApp-Video-2025-09-30-at-23_43_16_ace80a6e_mp4-0254_jpg.rf.126d78c2cbfd65c02c08a608d9d61cd2_9.jpg,train,REAL_9,terlalu_kecil,5827.129540816327,35,4
WhatsApp-Video-2025-09-30-at-23_43_16_ace80a6e_mp4-0261_jpg.rf.d3fe1778c6bd8a2ea0addab61ccfc5e1_0.jpg,train,REAL_10,terlalu_kecil,8772.42125802719,39,23
WhatsApp-Video-2025-09-30-at-23_43_16_ace80a6e_mp4-0261_jpg.rf.d3fe1778c6bd8a2ea0addab61ccfc5e1_1.jpg,train,FAKE_14,terlalu_kecil,11787.754862585032,35,15
WhatsApp-Video-2025-09-30-at-23_43_16_ace80a6e_mp4-0261_jpg.rf.d3fe1778c6bd8a2ea0addab61ccfc5e1_3.jpg,train,REAL_14,terlalu_kecil,2855.8224908962543,29,16
WhatsApp-Video-2025-09-30-at-23_43_16_ace80a6e_mp4-0261_jpg.rf.d3fe1778c6bd8a2ea0addab61ccfc5e1_4.jpg,train,REAL_2,terlalu_kecil,2793.819375,40,9
WhatsApp-Video-2025-09-30-at-23_43_16_ace80a6e_mp4-0261_jpg.rf.d3fe1778c6bd8a2ea0addab61ccfc5e1_5.jpg,train,REAL_3,terlalu_kecil,1541.0865903351698,96,11
WhatsApp-Video-2025-09-30-at-23_43_16_ace80a6e_mp4-0261_jpg.rf.d3fe1778c6bd8a2ea0addab61ccfc5e1_6.jpg,train,FAKE_8,terlalu_kecil,5575.833855151229,46,8
WhatsApp-Video-2025-09-30-at-23_43_16_ace80a6e_mp4-0261_jpg.rf.d3fe1778c6bd8a2ea0addab61ccfc5e1_7.jpg,train,FAKE_9,terlalu_kecil,1720.9194265941667,34,7
WhatsApp-Video-2025-09-30-at-23_43_16_ace80a6e_mp4-0265_jpg.rf.997c9708c84caee26405685f3c8978e9_0.jpg,train,REAL_10,terlalu_kecil,1154.0346396502837,40,23
WhatsApp-Video-2025-09-30-at-23_43_16_ace80a6e_mp4-0265_jpg.rf.997c9708c84caee26405685f3c8978e9_2.jpg,train,REAL_14,terlalu_kecil,2221.313529370621,29,17
WhatsApp-Video-2025-09-30-at-23_43_16_ace80a6e_mp4-0265_jpg.rf.997c9708c84caee26405685f3c8978e9_3.jpg,train,FAKE_14,terlalu_kecil,3157.883156055229,38,16
WhatsApp-Video-2025-09-30-at-23_43_16_ace80a6e_mp4-0269_jpg.rf.6bd13625c59bcda8a4613562778e7f9b_1.jpg,train,FAKE_14,terlalu_kecil,4522.570725094307,27,16
WhatsApp-Video-2025-09-30-at-23_43_16_ace80a6e_mp4-0269_jpg.rf.6bd13625c59bcda8a4613562778e7f9b_2.jpg,train,REAL_14,terlalu_kecil,3852.7188751714684,30,18
WIN_20260625_21_07_12_Pro_mp4-0070_jpg.rf.c1f4b8619a3c18f33f5a5e6a828be9d5_8.jpg,train,REAL_13,terlalu_kecil,1038.6231552216116,107,22
2026-01-19-21-44-13_mp4-0021_jpg.rf.eae87d90689247e6d767c99f03dc6cd0_1.jpg,valid,FAKE_14,terlalu_kecil,4416.431360946746,52,20
2026-01-19-21-44-13_mp4-0021_jpg.rf.eae87d90689247e6d767c99f03dc6cd0_3.jpg,valid,FAKE_5,terlalu_kecil,1320.6045712149667,89,16
2026-01-19-21-44-13_mp4-0021_jpg.rf.eae87d90689247e6d767c99f03dc6cd0_4.jpg,valid,FAKE_14,terlalu_kecil,2270.2523377848956,17,11
2026-01-19-21-44-13_mp4-0021_jpg.rf.eae87d90689247e6d767c99f03dc6cd0_5.jpg,valid,FAKE_1,terlalu_kecil,973.6382266435986,20,17
2026-01-19-21-44-13_mp4-0021_jpg.rf.eae87d90689247e6d767c99f03dc6cd0_6.jpg,valid,FAKE_2,terlalu_kecil,1378.4711100591715,65,10
2026-01-19-21-44-13_mp4-0036_jpg.rf.9e10c0d19fb46290685782ca291f0e92_0.jpg,valid,REAL_15,terlalu_kecil,1056.8923128858025,54,24
2026-01-19-21-44-13_mp4-0036_jpg.rf.9e10c0d19fb46290685782ca291f0e92_3.jpg,valid,R1,terlalu_kecil,371.11411622472116,56,21
2026-01-19-21-44-13_mp4-0036_jpg.rf.9e10c0d19fb46290685782ca291f0e92_4.jpg,valid,FAKE_14,terlalu_kecil,1216.8635210369512,36,24
2026-01-19-21-44-13_mp4-0050_jpg.rf.7c1499146e0c9692723ab695fd6b9e83_1.jpg,valid,FAKE_14,terlalu_kecil,1468.4604189533832,32,22
2026-01-19-21-44-13_mp4-0050_jpg.rf.7c1499146e0c9692723ab695fd6b9e83_4.jpg,valid,R1,terlalu_kecil,621.141301850305,53,19
2026-01-19-21-44-13_mp4-0083_jpg.rf.1999599406133e1a9fcbeb407d8e5945_0.jpg,valid,FAKE_14,terlalu_kecil,1342.052387795215,31,21
2026-01-19-21-44-13_mp4-0099_jpg.rf.39b4a3fa09c83ad029e3b36932dd4de7_2.jpg,valid,FAKE_14,terlalu_kecil,1729.3791323731139,54,20
2026-01-19-21-44-13_mp4-0105_jpg.rf.c103e7c0abcfbbceb66e132041afa598_1.jpg,valid,FAKE_14,terlalu_kecil,629.4229313986325,46,18
2026-01-19-21-44-13_mp4-0105_jpg.rf.c103e7c0abcfbbceb66e132041afa598_2.jpg,valid,FAKE_12,terlalu_kecil,992.6432020399307,48,16
2026-01-19-21-44-13_mp4-0121_jpg.rf.51eb3bbd5918b6e3340d8c81de8df718_1.jpg,valid,FAKE_14,terlalu_kecil,1028.014934485761,31,14
2026-01-19-21-44-13_mp4-0175_jpg.rf.8591906e83734b2af99ee04066b106d7_0.jpg,valid,R1,blur,22.249469096698647,162,139
2026-01-19-21-44-13_mp4-0178_jpg.rf.135305ddb4928b2ff1bf376ae15d04d8_0.jpg,valid,R1,blur,28.392213487149228,172,138
2026-01-19-21-44-13_mp4-0191_jpg.rf.d6992974abf457306ec8670401179b3d_0.jpg,valid,REAL_13,terlalu_kecil,960.1232712176036,71,23
2026-01-19-21-44-13_mp4-0196_jpg.rf.7be661cd20835dde2949c044475536ff_0.jpg,valid,REAL_13,terlalu_kecil,963.0069634458434,62,23
2026-01-19-21-44-13_mp4-0204_jpg.rf.87be2b115c6f6a01e4e2f54b76be902e_0.jpg,valid,R1,blur,41.72253202954211,162,139
2026-01-19-21-44-13_mp4-0206_jpg.rf.677705251310552cf62952ee0a55de52_0.jpg,valid,REAL_13,terlalu_kecil,2885.738649117437,54,22
2026-01-19-21-44-13_mp4-0210_jpg.rf.f361eeae42b07353ca5ef3de4a3bca8b_0.jpg,valid,REAL_13,terlalu_kecil,3925.372736200388,54,22
2026-01-19-21-44-13_mp4-0222_jpg.rf.23919dab9cff92baaf4160186e7ba1ba_0.jpg,valid,FAKE_8,terlalu_kecil,1014.2879983152333,66,22
2026-01-19-21-44-13_mp4-0222_jpg.rf.23919dab9cff92baaf4160186e7ba1ba_2.jpg,valid,FAKE_14,terlalu_kecil,869.6784765089163,81,16
2026-01-19-21-44-13_mp4-0233_jpg.rf.08fdd8d4164cbd103a1d166d9cd4064f_0.jpg,valid,R1,blur,45.31817251580185,168,121
2026-01-19-21-44-13_mp4-0233_jpg.rf.08fdd8d4164cbd103a1d166d9cd4064f_1.jpg,valid,R1,blur,43.23020134341424,139,66
2026-01-19-21-44-13_mp4-0280_jpg.rf.b6cabbf22195e28475fffd93af05b305_1.jpg,valid,R1,blur,26.54917403206768,147,72
2026-01-19-21-44-13_mp4-0280_jpg.rf.b6cabbf22195e28475fffd93af05b305_2.jpg,valid,R1,blur,49.04881380141478,153,99
2026-01-19-21-44-13_mp4-0282_jpg.rf.6b7360de80f5f09d0fec2988daa4bead_2.jpg,valid,FAKE_3,terlalu_kecil,482.0122246537396,95,20
2026-01-19-21-44-13_mp4-0289_jpg.rf.67c3cade8854dc5e600d6c3476544da6_2.jpg,valid,FAKE_3,terlalu_kecil,1886.9116999496339,85,23
2026-01-19-21-44-13_mp4-0325_jpg.rf.0c23c7b3dcd7219ab7ac7b7cafea29ad_1.jpg,valid,R1,terlalu_kecil,1280.5014092506858,54,24
2026-01-19-21-44-13_mp4-0325_jpg.rf.0c23c7b3dcd7219ab7ac7b7cafea29ad_4.jpg,valid,REAL_7,terlalu_kecil,3125.070266439909,35,12
2026-01-19-21-44-13_mp4-0325_jpg.rf.0c23c7b3dcd7219ab7ac7b7cafea29ad_5.jpg,valid,R1,terlalu_kecil,641.8307954564082,38,13
2026-01-19-21-44-13_mp4-0331_jpg.rf.1537fa67f48b6a580e06c646285da398_1.jpg,valid,REAL_14,terlalu_kecil,490.5083671786948,62,19
2026-01-19-21-44-13_mp4-0384_jpg.rf.c7e5cdf7b3e8be97631662ee20d90a84_1.jpg,valid,REAL_7,terlalu_kecil,2629.049981685401,38,11
2026-01-19-21-44-13_mp4-0439_jpg.rf.ed62ef23e97d0488fd4ac56e43fcab0c_0.jpg,valid,FAKE_3,terlalu_kecil,1987.62898986312,80,22
2026-01-19-21-44-13_mp4-0541_jpg.rf.0471fcc7fb31aff9cf464145fad0a3d6_2.jpg,valid,R1,terlalu_kecil,1357.2761123080606,45,19
2026-01-19-21-44-13_mp4-0541_jpg.rf.0471fcc7fb31aff9cf464145fad0a3d6_3.jpg,valid,REAL_2,terlalu_kecil,707.5291561436674,50,23
2026-01-19-21-44-13_mp4-0541_jpg.rf.0471fcc7fb31aff9cf464145fad0a3d6_6.jpg,valid,REAL_5,terlalu_kecil,470.9156908578977,53,22
2026-01-19-21-44-13_mp4-0541_jpg.rf.0471fcc7fb31aff9cf464145fad0a3d6_8.jpg,valid,FAKE_4,terlalu_kecil,831.0511696786497,112,14
2026-01-19-21-44-13_mp4-0567_jpg.rf.043497b963b942f55679a906c06e0865_3.jpg,valid,FAKE_4,terlalu_kecil,735.9029537714644,86,16
2026-01-19-21-44-13_mp4-0643_jpg.rf.bc07278dc88b53eca202df2c9997a710_6.jpg,valid,R1,terlalu_kecil,1574.8967784352399,39,12
2026-01-19-21-44-13_mp4-0643_jpg.rf.bc07278dc88b53eca202df2c9997a710_7.jpg,valid,REAL_2,terlalu_kecil,3471.2682582582584,74,15
2026-01-19-21-44-13_mp4-0654_jpg.rf.da2823ea48c1e63aafd7f4335ee7342d_2.jpg,valid,FAKE_10,terlalu_kecil,2082.4245157568125,29,13
2026-01-19-21-44-13_mp4-0654_jpg.rf.da2823ea48c1e63aafd7f4335ee7342d_6.jpg,valid,FAKE_14,terlalu_kecil,4705.066377716398,74,16
2026-01-19-21-44-13_mp4-0680_jpg.rf.c3da008bf48a5af663f2df7c8e75a439_5.jpg,valid,FAKE_14,terlalu_kecil,1535.821775,75,16
2026-01-19-21-44-13_mp4-0680_jpg.rf.c3da008bf48a5af663f2df7c8e75a439_6.jpg,valid,REAL_2,terlalu_kecil,1318.4414890116218,61,14
2026-01-19-21-44-13_mp4-0680_jpg.rf.c3da008bf48a5af663f2df7c8e75a439_8.jpg,valid,R1,terlalu_kecil,3460.074257314845,43,13
2026-01-19-21-44-13_mp4-0704_jpg.rf.3ec96aa7fa1f917927191b554f8c6b98_3.jpg,valid,REAL_2,terlalu_kecil,1178.3681113345465,59,15
2026-01-19-21-44-13_mp4-0704_jpg.rf.3ec96aa7fa1f917927191b554f8c6b98_7.jpg,valid,FAKE_14,terlalu_kecil,1475.1467418639052,65,16
2026-01-19-21-44-13_mp4-0726_jpg.rf.08e26335934e968e414a7ab3ef1f492a_4.jpg,valid,REAL_2,terlalu_kecil,3846.899115646258,60,14
2026-01-19-21-44-13_mp4-0726_jpg.rf.08e26335934e968e414a7ab3ef1f492a_7.jpg,valid,FAKE_14,terlalu_kecil,3538.616381584287,74,12
2026-01-19-21-44-13_mp4-0730_jpg.rf.db7d26747d0e99ced4ba1960e5dba4cf_2.jpg,valid,FAKE_14,terlalu_kecil,497.58420787119917,83,18
2026-01-19-21-44-13_mp4-0731_jpg.rf.dfd542dcfbb416d2205fc331917521a6_3.jpg,valid,FAKE_2,terlalu_kecil,913.026472107438,64,22
2026-01-19-21-44-13_mp4-0731_jpg.rf.dfd542dcfbb416d2205fc331917521a6_4.jpg,valid,FAKE_14,terlalu_kecil,603.4284225002218,78,17
2026-01-19-21-44-13_mp4-0756_jpg.rf.f5085524fe339083e335ba2e2ca773ce_0.jpg,valid,REAL_1,blur,43.696063116184156,240,113
2026-01-19-21-44-13_mp4-0779_jpg.rf.6144f0f28a291c7bf12eedd4da46ea6b_2.jpg,valid,FAKE_7,blur,45.857879587695805,111,25
2026-01-19-21-44-13_mp4-0808_jpg.rf.7fb608654aeed12e5db2f0531fb61ab2_0.jpg,valid,REAL_3,blur,42.58139408482584,117,66
2026-01-19-21-44-13_mp4-0815_jpg.rf.684429e99de8f53d91241de3083f6135_1.jpg,valid,FAKE_14,terlalu_kecil,1463.5782942708333,48,20
2026-01-19-21-44-13_mp4-0815_jpg.rf.684429e99de8f53d91241de3083f6135_2.jpg,valid,FAKE_12,terlalu_kecil,1231.2011082832098,51,22
2026-01-19-21-44-13_mp4-0815_jpg.rf.684429e99de8f53d91241de3083f6135_3.jpg,valid,FAKE_5,terlalu_kecil,331.1794461575689,79,14
2026-01-19-21-44-13_mp4-0820_jpg.rf.e7ec0079ca8ef3773192c84533d5cd79_2.jpg,valid,FAKE_14,terlalu_kecil,2079.6158878219785,45,18
2026-01-19-21-44-13_mp4-0820_jpg.rf.e7ec0079ca8ef3773192c84533d5cd79_3.jpg,valid,FAKE_14,terlalu_kecil,1362.9560937500003,16,10
2026-01-19-21-44-13_mp4-0820_jpg.rf.e7ec0079ca8ef3773192c84533d5cd79_4.jpg,valid,R1,terlalu_kecil,1147.729446366782,17,10
2026-01-19-21-44-13_mp4-0820_jpg.rf.e7ec0079ca8ef3773192c84533d5cd79_5.jpg,valid,FAKE_1,terlalu_kecil,803.4007681755829,18,15
2026-01-19-21-44-13_mp4-0820_jpg.rf.e7ec0079ca8ef3773192c84533d5cd79_6.jpg,valid,FAKE_5,terlalu_kecil,3552.7264312454354,74,12
2026-01-19-21-44-13_mp4-0820_jpg.rf.e7ec0079ca8ef3773192c84533d5cd79_7.jpg,valid,R1,terlalu_kecil,2242.161988811729,18,8
2026-01-19-21-46-37_mp4-0002_jpg.rf.f81dac4d9f0caff3a5b4ead7b1596bbe_3.jpg,valid,FAKE_10,terlalu_kecil,1300.5956559917356,55,16
2026-01-19-21-46-37_mp4-0002_jpg.rf.f81dac4d9f0caff3a5b4ead7b1596bbe_4.jpg,valid,R1,terlalu_kecil,2250.980833333333,18,10
2026-01-19-21-46-37_mp4-0002_jpg.rf.f81dac4d9f0caff3a5b4ead7b1596bbe_5.jpg,valid,R1,terlalu_kecil,2483.74821583045,17,8
2026-01-19-21-46-37_mp4-0002_jpg.rf.f81dac4d9f0caff3a5b4ead7b1596bbe_6.jpg,valid,FAKE_14,terlalu_kecil,985.8377700617283,16,9
2026-01-19-21-46-37_mp4-0002_jpg.rf.f81dac4d9f0caff3a5b4ead7b1596bbe_7.jpg,valid,R1,terlalu_kecil,982.7344290657439,17,8
2026-01-19-21-46-37_mp4-0008_jpg.rf.d65629dcdeb3d61c0fbb377228169259_3.jpg,valid,FAKE_10,terlalu_kecil,2490.569219930919,57,15
2026-01-19-21-46-37_mp4-0008_jpg.rf.d65629dcdeb3d61c0fbb377228169259_4.jpg,valid,FAKE_10,terlalu_kecil,2263.717349928253,56,16
2026-01-19-21-46-37_mp4-0015_jpg.rf.8681887ec277716dc19183f44023c075_2.jpg,valid,FAKE_1,terlalu_kecil,1922.3882964950685,21,17
2026-01-19-21-46-37_mp4-0015_jpg.rf.8681887ec277716dc19183f44023c075_3.jpg,valid,R1,terlalu_kecil,1084.3363157894737,19,10
2026-01-19-21-46-37_mp4-0015_jpg.rf.8681887ec277716dc19183f44023c075_4.jpg,valid,R1,terlalu_kecil,758.6135509869545,22,11
2026-01-19-21-46-37_mp4-0015_jpg.rf.8681887ec277716dc19183f44023c075_7.jpg,valid,R1,terlalu_kecil,666.6820892394452,27,12
2026-01-19-21-46-37_mp4-0015_jpg.rf.8681887ec277716dc19183f44023c075_9.jpg,valid,R1,terlalu_kecil,1221.4128531855954,19,10
2026-01-19-21-46-37_mp4-0015_jpg.rf.8681887ec277716dc19183f44023c075_10.jpg,valid,R1,terlalu_kecil,1354.857204861111,16,9
2026-01-19-21-46-37_mp4-0030_jpg.rf.f98afb17ba67211c23ac8fac9870c47c_2.jpg,valid,REAL_14,terlalu_kecil,2077.2897959183674,40,21
2026-01-19-21-46-37_mp4-0030_jpg.rf.f98afb17ba67211c23ac8fac9870c47c_4.jpg,valid,FAKE_14,terlalu_kecil,1252.8717283950616,18,10
2026-01-19-21-46-37_mp4-0030_jpg.rf.f98afb17ba67211c23ac8fac9870c47c_5.jpg,valid,R1,terlalu_kecil,2930.769703960015,17,9
2026-01-19-21-46-37_mp4-0030_jpg.rf.f98afb17ba67211c23ac8fac9870c47c_6.jpg,valid,R1,terlalu_kecil,1405.300339506173,18,10
2026-01-19-21-46-37_mp4-0030_jpg.rf.f98afb17ba67211c23ac8fac9870c47c_7.jpg,valid,R1,terlalu_kecil,3052.109375,24,10
2026-01-19-21-46-37_mp4-0030_jpg.rf.f98afb17ba67211c23ac8fac9870c47c_8.jpg,valid,R1,terlalu_kecil,3874.3346913580244,18,10
2026-01-19-21-46-37_mp4-0030_jpg.rf.f98afb17ba67211c23ac8fac9870c47c_9.jpg,valid,REAL_11,terlalu_kecil,2671.436634948097,17,8
2026-01-19-21-46-37_mp4-0030_jpg.rf.f98afb17ba67211c23ac8fac9870c47c_10.jpg,valid,REAL_6,terlalu_kecil,376.0761949472587,163,22
2026-01-19-21-46-37_mp4-0030_jpg.rf.f98afb17ba67211c23ac8fac9870c47c_11.jpg,valid,R1,terlalu_kecil,778.4894472877601,62,21
2026-01-19-21-46-37_mp4-0046_jpg.rf.fb2cbc12c6a228380ee50666b7439bd8_0.jpg,valid,FAKE_1,terlalu_kecil,1743.007660476728,19,18
2026-01-19-21-46-37_mp4-0046_jpg.rf.fb2cbc12c6a228380ee50666b7439bd8_1.jpg,valid,R1,terlalu_kecil,1269.450984801634,21,11
2026-01-19-21-46-37_mp4-0067_jpg.rf.c5db8fccc877dfaf31d605eee35da9b0_3.jpg,valid,REAL_14,terlalu_kecil,467.55112323391245,43,22
2026-01-19-21-46-37_mp4-0102_jpg.rf.a5b40e59ca84b36ef487a7332f382b7f_1.jpg,valid,FAKE_12,terlalu_kecil,2205.5278987078113,43,22
2026-01-19-21-46-37_mp4-0150_jpg.rf.c8e9627138c0ef18b2803da9788d76a6_2.jpg,valid,REAL_7,terlalu_kecil,1672.4268550012598,21,12
2026-01-19-21-46-37_mp4-0264_jpg.rf.b4325d791ee49131a695dd8236013628_1.jpg,valid,FAKE_2,terlalu_kecil,847.1416708460323,42,23
2026-01-19-21-46-37_mp4-0264_jpg.rf.b4325d791ee49131a695dd8236013628_2.jpg,valid,FAKE_13,terlalu_kecil,1179.3258521636747,83,15
2026-01-19-21-46-37_mp4-0318_jpg.rf.606bccdc95c013976b2297631bd1c842_1.jpg,valid,FAKE_2,terlalu_kecil,3026.1420110332692,67,21
2026-01-19-21-46-37_mp4-0333_jpg.rf.b3da6f4b537dfc8be0859a01e9f63311_1.jpg,valid,FAKE_2,terlalu_kecil,2075.553928853109,76,12
2026-01-19-21-46-37_mp4-0360_jpg.rf.edfc2d795b3f736b5137461cce13e0d4_0.jpg,valid,REAL_8,blur,22.447930008850204,305,134
2026-01-19-21-46-37_mp4-0385_jpg.rf.5aa9458c91e6c7b818cf972cc80029e3_3.jpg,valid,FAKE_4,terlalu_kecil,1095.3225166042748,65,21
2026-01-19-21-46-37_mp4-0389_jpg.rf.2e35d096f7c280f1e8b0664c9e8ec7fb_2.jpg,valid,R1,terlalu_kecil,301.1963244481466,49,16
2026-01-19-21-46-37_mp4-0391_jpg.rf.336e548c83ec5f5b86c0c64d7cb910e5_3.jpg,valid,R1,terlalu_kecil,459.0640830449827,50,17
2026-01-19-21-46-37_mp4-0412_jpg.rf.c822a80b6f5e4c7e7e78431b171e0904_5.jpg,valid,R1,terlalu_kecil,3796.494311639925,43,15
2026-01-19-21-50-16_mp4-0061_jpg.rf.d2d0ebdb09113db01ab2a117e2777f5c_2.jpg,valid,R1,terlalu_kecil,709.2846347813005,34,23
2026-01-19-21-50-16_mp4-0073_jpg.rf.d87ffb989494e99fa410b9e1ff95128d_1.jpg,valid,REAL_5,terlalu_kecil,588.1132627865961,70,18
2026-01-19-21-50-16_mp4-0079_jpg.rf.7297dde04e24e3625eb162d2aa053ba7_5.jpg,valid,REAL_5,terlalu_kecil,2018.0593295509839,68,16
2026-01-19-21-50-16_mp4-0112_jpg.rf.a8f9ab8600cf99bbfee1ed33c6df20ae_0.jpg,valid,FAKE_12,terlalu_kecil,344.97574389014864,60,21
2026-01-19-21-50-16_mp4-0112_jpg.rf.a8f9ab8600cf99bbfee1ed33c6df20ae_2.jpg,valid,FAKE_5,terlalu_kecil,153.5660716771229,107,23
2026-01-19-21-50-16_mp4-0129_jpg.rf.34ea3ab9ac28595f12c885a9ab6cf0fb_0.jpg,valid,FAKE_12,terlalu_kecil,2186.448802772527,60,23
2026-01-19-21-50-16_mp4-0129_jpg.rf.34ea3ab9ac28595f12c885a9ab6cf0fb_2.jpg,valid,FAKE_5,terlalu_kecil,4439.283121677605,91,14
2026-01-19-21-50-16_mp4-0152_jpg.rf.e73bd17eb4e76a49e90a9d1482944f3f_5.jpg,valid,REAL_5,terlalu_kecil,222.30466501220602,71,14
2026-01-19-21-50-16_mp4-0158_jpg.rf.6766c3f9e87b36182349add21c742c87_4.jpg,valid,REAL_5,terlalu_kecil,917.4823088842974,72,11
2026-01-19-21-50-16_mp4-0201_jpg.rf.bf5dad44d8ece1523efe3f00875d9f7a_0.jpg,valid,FAKE_15,terlalu_kecil,247.82618091064035,111,16
2026-01-19-21-50-16_mp4-0201_jpg.rf.bf5dad44d8ece1523efe3f00875d9f7a_2.jpg,valid,FAKE_12,terlalu_kecil,310.7115866215765,78,23
2026-01-19-21-50-16_mp4-0202_jpg.rf.4522da600cb27d6ef9f17e2e6b1bb4ad_0.jpg,valid,FAKE_15,terlalu_kecil,2521.943260503395,99,17
2026-01-19-21-50-16_mp4-0224_jpg.rf.3eeca5ad734e568b02d3cb42a8ccd6b9_2.jpg,valid,REAL_3,blur,28.664598068965514,125,87
2026-01-19-21-50-16_mp4-0228_jpg.rf.ba5fe7c201fab65e51f0c29b3eda4152_2.jpg,valid,R1,terlalu_kecil,1005.8132626998391,31,22
2026-01-19-21-50-16_mp4-0245_jpg.rf.c8648f8428085c21fe393bcf1df89a65_2.jpg,valid,FAKE_12,terlalu_kecil,1521.7351142722882,85,18
2026-01-19-21-50-16_mp4-0245_jpg.rf.c8648f8428085c21fe393bcf1df89a65_3.jpg,valid,R1,terlalu_kecil,2796.027066666666,15,10
2026-01-19-21-50-16_mp4-0247_jpg.rf.43aa02b4039cb4b71e36bc2a3ffaa244_0.jpg,valid,REAL_3,blur,37.28488096010345,135,102
2026-01-19-21-50-16_mp4-0261_jpg.rf.6247a3d50a0f51675adaf2a2baeb1eee_1.jpg,valid,REAL_6,terlalu_kecil,1331.71198072787,54,18
2026-01-19-21-50-16_mp4-0261_jpg.rf.6247a3d50a0f51675adaf2a2baeb1eee_2.jpg,valid,R1,terlalu_kecil,1173.5153719008265,25,22
2026-01-19-21-50-16_mp4-0261_jpg.rf.6247a3d50a0f51675adaf2a2baeb1eee_4.jpg,valid,REAL_9,terlalu_kecil,1800.771282998796,42,18
2026-01-19-21-50-16_mp4-0261_jpg.rf.6247a3d50a0f51675adaf2a2baeb1eee_5.jpg,valid,REAL_4,terlalu_kecil,1358.0637647438577,145,19
2026-01-19-21-50-16_mp4-0271_jpg.rf.f52c3629bf2176ae9aa5704906c13632_2.jpg,valid,R1,terlalu_kecil,1119.5012947003272,29,22
2026-01-19-21-50-16_mp4-0271_jpg.rf.f52c3629bf2176ae9aa5704906c13632_4.jpg,valid,REAL_4,terlalu_kecil,1547.1218766008162,164,12
2026-01-19-21-50-16_mp4-0271_jpg.rf.f52c3629bf2176ae9aa5704906c13632_5.jpg,valid,REAL_9,terlalu_kecil,1856.394516755566,56,22
2026-01-19-21-50-16_mp4-0271_jpg.rf.f52c3629bf2176ae9aa5704906c13632_7.jpg,valid,FAKE_7,terlalu_kecil,3810.841041666667,60,8
2026-01-19-21-50-16_mp4-0276_jpg.rf.fcbad249093cd6be15a701b8bed89c45_4.jpg,valid,R1,terlalu_kecil,1027.1968345048083,42,19
2026-01-19-21-50-16_mp4-0276_jpg.rf.fcbad249093cd6be15a701b8bed89c45_6.jpg,valid,REAL_6,terlalu_kecil,1354.1139416414715,63,24
2026-01-19-21-50-16_mp4-0276_jpg.rf.fcbad249093cd6be15a701b8bed89c45_7.jpg,valid,FAKE_7,terlalu_kecil,912.2342236691637,69,12
2026-01-19-21-50-16_mp4-0287_jpg.rf.d90550a281730bb190db50323fbed1e5_3.jpg,valid,REAL_9,terlalu_kecil,324.85046775885525,52,19
2026-01-19-21-50-16_mp4-0291_jpg.rf.7ed1a6c11e2d2f9ffd266144fc91581a_4.jpg,valid,FAKE_7,terlalu_kecil,1384.3620299884662,51,10
2026-01-19-21-50-16_mp4-0291_jpg.rf.7ed1a6c11e2d2f9ffd266144fc91581a_5.jpg,valid,REAL_9,terlalu_kecil,1227.1264959255543,52,17
2026-01-19-21-50-16_mp4-0291_jpg.rf.7ed1a6c11e2d2f9ffd266144fc91581a_6.jpg,valid,REAL_6,terlalu_kecil,1537.7150473126146,48,22
2026-01-19-21-50-16_mp4-0303_jpg.rf.5077f146162dcc46fe5d282b0eedd2b8_4.jpg,valid,REAL_9,terlalu_kecil,1557.4249993496358,62,20
2026-01-19-21-54-10_mp4-0000_jpg.rf.dbc4766e95c44fa406dbe9df5d5f6d39_0.jpg,valid,FAKE_8,blur,39.873242412006206,190,101
2026-01-19-21-54-10_mp4-0008_jpg.rf.e2925f31c624ca69eb18e1f4f48a3ab2_0.jpg,valid,FAKE_8,blur,26.50062461692354,187,91
2026-01-19-21-54-10_mp4-0010_jpg.rf.d1b804bbecdd6190dabe46b8e6da46bb_0.jpg,valid,R1,terlalu_kecil,1922.7844695179583,23,16
2026-01-19-21-54-10_mp4-0010_jpg.rf.d1b804bbecdd6190dabe46b8e6da46bb_2.jpg,valid,FAKE_15,terlalu_kecil,1520.6200877045032,28,11
2026-01-19-21-54-10_mp4-0010_jpg.rf.d1b804bbecdd6190dabe46b8e6da46bb_3.jpg,valid,REAL_9,terlalu_kecil,473.0862358024691,75,12
2026-01-19-21-54-10_mp4-0010_jpg.rf.d1b804bbecdd6190dabe46b8e6da46bb_4.jpg,valid,FAKE_10,terlalu_kecil,1551.1978575929425,48,23
2026-01-19-21-54-10_mp4-0016_jpg.rf.5ade4170e73ad7a6fa462fc9b9684606_0.jpg,valid,REAL_9,terlalu_kecil,347.67727402159636,63,13
2026-01-19-21-54-10_mp4-0016_jpg.rf.5ade4170e73ad7a6fa462fc9b9684606_2.jpg,valid,FAKE_10,terlalu_kecil,513.8172567564112,62,23
2026-01-19-21-54-10_mp4-0037_jpg.rf.a3844ceed39db36ac40a1c3743263f7e_1.jpg,valid,FAKE_15,terlalu_kecil,693.922996432818,58,20
2026-01-19-21-54-10_mp4-0059_jpg.rf.8ce2f2d2af3b6a75af9f58a0f3902c8c_1.jpg,valid,FAKE_15,terlalu_kecil,958.7064039195284,62,18
2026-01-19-21-54-10_mp4-0059_jpg.rf.8ce2f2d2af3b6a75af9f58a0f3902c8c_3.jpg,valid,FAKE_4,terlalu_kecil,631.3980150275958,68,11
2026-01-19-21-54-10_mp4-0077_jpg.rf.e2e6846468c47ba9c958f558033c40b0_3.jpg,valid,REAL_6,terlalu_kecil,418.0766555555556,75,16
2026-01-19-21-54-10_mp4-0077_jpg.rf.e2e6846468c47ba9c958f558033c40b0_4.jpg,valid,FAKE_15,terlalu_kecil,848.4484146789595,61,14
2026-01-19-21-54-10_mp4-0152_jpg.rf.abef72eb47eabe5ad63abd68b405d809_0.jpg,valid,FAKE_10,terlalu_kecil,5349.587412497046,46,16
2026-01-19-21-54-10_mp4-0152_jpg.rf.abef72eb47eabe5ad63abd68b405d809_4.jpg,valid,FAKE_4,terlalu_kecil,5133.857001133788,28,18
2026-01-19-21-54-10_mp4-0169_jpg.rf.ccb5013bced32775fd1fcb9c3c0e381f_1.jpg,valid,FAKE_10,terlalu_kecil,1216.6404067460317,56,15
2026-01-19-21-54-10_mp4-0178_jpg.rf.cc4cebfeead0a6eebfe5946b51340369_0.jpg,valid,FAKE_2,terlalu_kecil,3068.765890565383,62,18
2026-01-19-21-54-10_mp4-0178_jpg.rf.cc4cebfeead0a6eebfe5946b51340369_1.jpg,valid,R1,blur,14.308745891306055,253,211
2026-01-19-21-54-10_mp4-0180_jpg.rf.99a144ecd2db9a607624eb00b861451b_0.jpg,valid,R1,blur,41.78360613240245,221,182
2026-01-19-21-54-10_mp4-0191_jpg.rf.c7c897a49aa37be5b8c296d65157969d_1.jpg,valid,R1,terlalu_kecil,211.76432716587627,172,21
2026-01-19-21-54-10_mp4-0214_jpg.rf.e3d3de98ff367c4cd3a9a5245d69af75_2.jpg,valid,FAKE_7,terlalu_kecil,2118.7662002743486,54,20
2026-01-19-21-54-10_mp4-0214_jpg.rf.e3d3de98ff367c4cd3a9a5245d69af75_3.jpg,valid,FAKE_4,terlalu_kecil,1250.690039242844,38,24
2026-01-19-21-54-10_mp4-0220_jpg.rf.981599600d4c32a4d592a5ec3addf415_1.jpg,valid,R1,terlalu_kecil,764.1199993848519,75,17
2026-01-19-21-54-10_mp4-0220_jpg.rf.981599600d4c32a4d592a5ec3addf415_2.jpg,valid,FAKE_14,terlalu_kecil,1784.1066082644627,55,20
2026-01-19-21-54-10_mp4-0220_jpg.rf.981599600d4c32a4d592a5ec3addf415_3.jpg,valid,FAKE_12,terlalu_kecil,3351.0749947037634,34,14
2026-01-19-21-54-10_mp4-0220_jpg.rf.981599600d4c32a4d592a5ec3addf415_4.jpg,valid,REAL_6,terlalu_kecil,867.0859244017681,27,12
2026-01-19-21-54-10_mp4-0228_jpg.rf.d7f5d8e5e7f1674972c2785bddafa238_2.jpg,valid,FAKE_7,terlalu_kecil,1330.3358351253871,49,21
2026-01-19-21-54-10_mp4-0228_jpg.rf.d7f5d8e5e7f1674972c2785bddafa238_3.jpg,valid,FAKE_14,terlalu_kecil,960.7497093886032,56,19
2026-01-19-21-54-10_mp4-0228_jpg.rf.d7f5d8e5e7f1674972c2785bddafa238_4.jpg,valid,FAKE_12,terlalu_kecil,1463.140462307372,28,14
2026-01-19-21-54-10_mp4-0228_jpg.rf.d7f5d8e5e7f1674972c2785bddafa238_5.jpg,valid,R1,terlalu_kecil,194.05914230249908,67,14
2026-01-19-21-54-10_mp4-0241_jpg.rf.a756dc18e5125b3a398d4f773b2b4ec8_1.jpg,valid,FAKE_3,terlalu_kecil,485.75571099999996,50,20
2026-01-19-21-54-10_mp4-0241_jpg.rf.a756dc18e5125b3a398d4f773b2b4ec8_3.jpg,valid,FAKE_12,terlalu_kecil,657.3909459498317,34,19
2026-01-19-21-54-10_mp4-0245_jpg.rf.622bc0d049e441df0f5df54651ec1eb2_2.jpg,valid,FAKE_12,terlalu_kecil,983.5851205518749,44,22
2026-01-19-21-54-10_mp4-0245_jpg.rf.622bc0d049e441df0f5df54651ec1eb2_3.jpg,valid,R1,terlalu_kecil,270.546488340192,54,20
2026-01-19-21-54-10_mp4-0245_jpg.rf.622bc0d049e441df0f5df54651ec1eb2_4.jpg,valid,R1,terlalu_kecil,363.097494580012,33,13
2026-01-19-21-54-10_mp4-0245_jpg.rf.622bc0d049e441df0f5df54651ec1eb2_5.jpg,valid,FAKE_4,terlalu_kecil,330.1515433622038,83,15
2026-01-19-21-54-10_mp4-0251_jpg.rf.ec5801152b117b6dd8c3f2ecfff14f69_1.jpg,valid,R1,terlalu_kecil,102.30694128413138,56,19
2026-01-19-21-54-10_mp4-0272_jpg.rf.278d62df52dc48659b1533391bae6611_1.jpg,valid,FAKE_4,terlalu_kecil,1022.0318357805538,90,13
2026-01-19-21-54-10_mp4-0272_jpg.rf.278d62df52dc48659b1533391bae6611_2.jpg,valid,REAL_1,terlalu_kecil,864.8888440467492,37,20
2026-01-19-21-54-10_mp4-0272_jpg.rf.278d62df52dc48659b1533391bae6611_3.jpg,valid,FAKE_12,terlalu_kecil,1616.0418790849671,51,20
2026-01-19-21-54-10_mp4-0272_jpg.rf.278d62df52dc48659b1533391bae6611_5.jpg,valid,R1,terlalu_kecil,674.634072973865,42,23
2026-01-19-21-54-10_mp4-0272_jpg.rf.278d62df52dc48659b1533391bae6611_6.jpg,valid,R1,terlalu_kecil,919.9204758917925,53,21
2026-01-19-21-54-10_mp4-0280_jpg.rf.d8730f0e0cf7b5f30be2bbf31d29d754_2.jpg,valid,R1,terlalu_kecil,481.787899846213,51,20
2026-01-19-21-54-10_mp4-0280_jpg.rf.d8730f0e0cf7b5f30be2bbf31d29d754_3.jpg,valid,FAKE_12,terlalu_kecil,4042.9189364918375,43,19
2026-01-19-21-54-10_mp4-0280_jpg.rf.d8730f0e0cf7b5f30be2bbf31d29d754_5.jpg,valid,R1,terlalu_kecil,2038.7204740547838,18,16
2026-01-19-21-54-10_mp4-0280_jpg.rf.d8730f0e0cf7b5f30be2bbf31d29d754_6.jpg,valid,R1,terlalu_kecil,812.9378905654626,27,12
2026-01-19-21-54-10_mp4-0306_jpg.rf.04d37d876eadc99bbe89428e4cda06b9_3.jpg,valid,R1,terlalu_kecil,440.1100452392271,52,19
2026-01-19-21-54-10_mp4-0306_jpg.rf.04d37d876eadc99bbe89428e4cda06b9_4.jpg,valid,FAKE_12,terlalu_kecil,4800.969849184366,45,19
2026-01-19-21-54-10_mp4-0306_jpg.rf.04d37d876eadc99bbe89428e4cda06b9_5.jpg,valid,R1,terlalu_kecil,1407.0918877354864,34,12
2026-01-19-21-54-10_mp4-0306_jpg.rf.04d37d876eadc99bbe89428e4cda06b9_6.jpg,valid,FAKE_10,terlalu_kecil,1247.7871168582376,87,12
2026-01-19-21-54-10_mp4-0326_jpg.rf.1f7080b76029daa7046d2f994f774c15_1.jpg,valid,FAKE_4,terlalu_kecil,941.8580526859505,88,15
2026-01-19-21-54-10_mp4-0326_jpg.rf.1f7080b76029daa7046d2f994f774c15_3.jpg,valid,FAKE_12,terlalu_kecil,4547.4810037484385,49,20
2026-01-19-21-54-10_mp4-0326_jpg.rf.1f7080b76029daa7046d2f994f774c15_6.jpg,valid,R1,terlalu_kecil,460.7040764542936,50,19
2026-01-19-21-54-10_mp4-0326_jpg.rf.1f7080b76029daa7046d2f994f774c15_8.jpg,valid,R1,terlalu_kecil,1352.9702530612246,35,10
2026-01-19-21-54-10_mp4-0340_jpg.rf.dfaf44391b1c811f4f6bb16f382edd9a_2.jpg,valid,FAKE_13,terlalu_kecil,1144.6827591117537,86,13
2026-01-19-21-54-10_mp4-0340_jpg.rf.dfaf44391b1c811f4f6bb16f382edd9a_3.jpg,valid,R1,terlalu_kecil,1947.6964736987406,31,14
2026-01-19-21-54-10_mp4-0340_jpg.rf.dfaf44391b1c811f4f6bb16f382edd9a_4.jpg,valid,R1,terlalu_kecil,2347.3384647976836,34,14
2026-01-19-21-54-10_mp4-0343_jpg.rf.3b33c425ef76ddefe8c22c09b0bf017e_1.jpg,valid,FAKE_7,terlalu_kecil,702.684444090136,56,18
2026-01-19-21-54-10_mp4-0343_jpg.rf.3b33c425ef76ddefe8c22c09b0bf017e_2.jpg,valid,FAKE_3,terlalu_kecil,261.46668904958676,88,15
2026-01-19-21-54-10_mp4-0381_jpg.rf.ded47018ec900359c48ac7a629b92b9a_1.jpg,valid,R1,terlalu_kecil,1469.8945814043213,36,20
2026-01-19-21-54-10_mp4-0381_jpg.rf.ded47018ec900359c48ac7a629b92b9a_2.jpg,valid,REAL_9,terlalu_kecil,1952.1806518795663,85,23
2026-01-19-21-54-10_mp4-0381_jpg.rf.ded47018ec900359c48ac7a629b92b9a_3.jpg,valid,REAL_11,terlalu_kecil,985.8917005029772,78,23
2026-01-19-21-54-10_mp4-0385_jpg.rf.90d7bab0bff5d87aa7ccc754983b1754_0.jpg,valid,FAKE_1,blur,17.18677784185071,250,131
2026-01-19-21-54-10_mp4-0394_jpg.rf.28c19a856acae016d096f22fb28b854a_2.jpg,valid,FAKE_15,blur,28.390548384670343,202,38
2026-01-19-21-54-10_mp4-0410_jpg.rf.871853981c588dd69a5eba1c72db7aa9_1.jpg,valid,FAKE_10,terlalu_kecil,3909.841496822044,97,17
2026-01-19-21-54-10_mp4-0410_jpg.rf.871853981c588dd69a5eba1c72db7aa9_4.jpg,valid,R1,terlalu_kecil,1215.05018772464,38,11
2026-01-19-21-54-10_mp4-0444_jpg.rf.72c5ca396d7996d63fc4c5e48477053f_1.jpg,valid,FAKE_10,terlalu_kecil,1174.7681027111314,94,15
2026-01-19-21-54-10_mp4-0444_jpg.rf.72c5ca396d7996d63fc4c5e48477053f_5.jpg,valid,R1,terlalu_kecil,3043.8935345928353,39,11
2026-01-19-21-54-10_mp4-0455_jpg.rf.c9be09280249590e9ec36e17f820bf55_3.jpg,valid,R1,terlalu_kecil,1293.1566651794567,41,12
2026-01-19-21-54-10_mp4-0473_jpg.rf.74613681a7fd9d25ce1a133f65ad76a2_2.jpg,valid,REAL_10,terlalu_kecil,584.1624474981119,66,13
2026-01-19-21-54-10_mp4-0473_jpg.rf.74613681a7fd9d25ce1a133f65ad76a2_4.jpg,valid,FAKE_12,terlalu_kecil,1578.414046201814,210,16
2026-01-19-21-54-10_mp4-0489_jpg.rf.174e561977380ee0385abeef0c7e02c3_0.jpg,valid,FAKE_11,blur,34.18863231118249,221,116
2026-01-19-21-54-10_mp4-0495_jpg.rf.f8c911ebbac01c7a863817d6c2a90674_3.jpg,valid,FAKE_8,blur,25.414028221973936,243,44
2026-01-19-21-54-10_mp4-0507_jpg.rf.c4993c4fc5f097d32332c742e7be81c5_3.jpg,valid,REAL_15,terlalu_kecil,158.21709559786882,107,20
2026-01-19-21-54-10_mp4-0525_jpg.rf.57cdc12f0acc76236b64ba017caa4b1c_3.jpg,valid,R1,terlalu_kecil,1182.0083769044809,22,21
2026-01-19-21-54-10_mp4-0525_jpg.rf.57cdc12f0acc76236b64ba017caa4b1c_5.jpg,valid,REAL_15,terlalu_kecil,929.5165646956734,94,19
2026-01-19-21-54-10_mp4-0525_jpg.rf.57cdc12f0acc76236b64ba017caa4b1c_6.jpg,valid,REAL_9,terlalu_kecil,541.6826652650925,67,16
2026-01-19-21-58-25_mp4-0001_jpg.rf.dceb0c7028f735e2058b1f52e302ca77_0.jpg,valid,FAKE_3,terlalu_kecil,1721.134001384083,50,17
2026-01-19-21-58-25_mp4-0001_jpg.rf.dceb0c7028f735e2058b1f52e302ca77_5.jpg,valid,FAKE_14,terlalu_kecil,4488.144535328925,26,17
2026-01-19-21-58-25_mp4-0015_jpg.rf.8f89c9732a1938d76bdec4e5432d2cfa_1.jpg,valid,FAKE_3,terlalu_kecil,1232.755935507122,53,18
2026-01-19-21-58-25_mp4-0015_jpg.rf.8f89c9732a1938d76bdec4e5432d2cfa_4.jpg,valid,FAKE_1,terlalu_kecil,793.4471227425772,54,11
2026-01-19-21-58-25_mp4-0015_jpg.rf.8f89c9732a1938d76bdec4e5432d2cfa_5.jpg,valid,FAKE_14,terlalu_kecil,1796.2382377466222,28,19
2026-01-19-21-58-25_mp4-0015_jpg.rf.8f89c9732a1938d76bdec4e5432d2cfa_7.jpg,valid,R1,terlalu_kecil,153.38254703230916,113,24
2026-01-19-21-58-25_mp4-0022_jpg.rf.1532c0bdb36baff0d2d3959d77aec801_1.jpg,valid,FAKE_14,terlalu_kecil,2116.770854289941,26,20
2026-01-19-21-58-25_mp4-0024_jpg.rf.990cdfde41564ea0ef2cf75e30ce0189_4.jpg,valid,REAL_8,blur,46.08258688636378,147,54
2026-01-19-21-58-25_mp4-0033_jpg.rf.34700b9b0bd5613f355de43e6710d38c_6.jpg,valid,REAL_7,terlalu_kecil,334.8461614847313,134,22
2026-01-19-21-58-25_mp4-0033_jpg.rf.34700b9b0bd5613f355de43e6710d38c_8.jpg,valid,REAL_6,terlalu_kecil,698.1213006337206,78,12
2026-01-19-21-58-25_mp4-0052_jpg.rf.5fcb6636e54bb4bafe68baad8c65b5e4_1.jpg,valid,R1,terlalu_kecil,912.462796959994,35,23
2026-01-19-21-58-25_mp4-0052_jpg.rf.5fcb6636e54bb4bafe68baad8c65b5e4_2.jpg,valid,REAL_7,terlalu_kecil,785.1083668225735,124,24
2026-01-19-21-58-25_mp4-0052_jpg.rf.5fcb6636e54bb4bafe68baad8c65b5e4_3.jpg,valid,REAL_6,terlalu_kecil,273.1500579992496,77,14
2026-01-19-21-58-25_mp4-0070_jpg.rf.2b7e6025b92801d5e2404ba374c8c6ff_2.jpg,valid,REAL_7,terlalu_kecil,1531.5338384720396,78,24
2026-01-19-21-58-25_mp4-0074_jpg.rf.d490b921c6a98e5c9e3289551e08826d_2.jpg,valid,REAL_7,terlalu_kecil,3790.4579867674856,80,23
2026-01-19-21-58-25_mp4-0096_jpg.rf.6dc451ac0c519b310fc73988c3a6e7a7_2.jpg,valid,REAL_11,terlalu_kecil,2433.6812034181294,79,13
2026-01-19-21-58-25_mp4-0121_jpg.rf.e82027e9093924aecb7ee25487c4c353_2.jpg,valid,FAKE_14,terlalu_kecil,3374.2232324968186,33,23
2026-01-19-21-58-25_mp4-0125_jpg.rf.3f5f4017f619c607a9a2c26a7d160ac9_1.jpg,valid,REAL_6,blur,18.38051297240411,113,44
2026-01-19-21-58-25_mp4-0151_jpg.rf.8d7a290f5c743a41708e7cd599617339_2.jpg,valid,R1,terlalu_kecil,699.9193401572144,32,18
2026-01-19-21-58-25_mp4-0151_jpg.rf.8d7a290f5c743a41708e7cd599617339_4.jpg,valid,R1,terlalu_kecil,1158.513135001488,38,11
2026-01-19-21-58-25_mp4-0162_jpg.rf.1339b22e8a287ca0638561139145a6b6_3.jpg,valid,R1,terlalu_kecil,1304.1588676376323,37,14
2026-01-19-21-58-25_mp4-0162_jpg.rf.1339b22e8a287ca0638561139145a6b6_4.jpg,valid,REAL_10,terlalu_kecil,650.0795235601532,88,17
2026-01-19-21-58-25_mp4-0191_jpg.rf.8d5e3f6e19d41809973027d1be6f6f93_0.jpg,valid,FAKE_15,blur,9.35137524929907,238,67
2026-01-19-21-58-25_mp4-0191_jpg.rf.8d5e3f6e19d41809973027d1be6f6f93_1.jpg,valid,FAKE_4,blur,28.813769445828843,227,67
2026-01-19-21-58-25_mp4-0203_jpg.rf.234cb87aae977e40bcc8abfca1650647_1.jpg,valid,R1,terlalu_kecil,714.0866439909297,35,18
2026-01-19-21-58-25_mp4-0203_jpg.rf.234cb87aae977e40bcc8abfca1650647_2.jpg,valid,FAKE_13,terlalu_kecil,1615.7407407407406,45,18
2026-01-19-21-58-25_mp4-0224_jpg.rf.b3166cb2eb7bd4a7acb9c85894784539_0.jpg,valid,REAL_13,terlalu_kecil,1756.947653808594,40,16
2026-01-19-21-58-25_mp4-0224_jpg.rf.b3166cb2eb7bd4a7acb9c85894784539_2.jpg,valid,REAL_3,terlalu_kecil,470.2361651560685,68,17
2026-01-19-21-58-25_mp4-0239_jpg.rf.816d1779636e6c4c4c266ed79a4c501e_2.jpg,valid,FAKE_13,terlalu_kecil,1837.331520557656,40,23
2026-01-19-21-58-25_mp4-0262_jpg.rf.c349854ef6384a54d8a4c73258e3e325_1.jpg,valid,FAKE_8,terlalu_kecil,2856.1642934271026,43,17
2026-01-19-21-58-25_mp4-0283_jpg.rf.cd056b5ce382db269022ab8fb2d10eab_1.jpg,valid,FAKE_13,terlalu_kecil,752.4258572201189,43,20
2026-01-19-21-58-25_mp4-0287_jpg.rf.d4430c6f6f07aae671b9eaec2b566ece_1.jpg,valid,FAKE_5,terlalu_kecil,1108.1227837818747,39,22
2026-01-19-21-58-25_mp4-0299_jpg.rf.a0b03719fc8d523f98d71858e8158cbb_3.jpg,valid,R1,terlalu_kecil,1064.158558246828,34,15
2026-01-19-21-58-25_mp4-0299_jpg.rf.a0b03719fc8d523f98d71858e8158cbb_4.jpg,valid,FAKE_5,terlalu_kecil,3970.828758478128,36,18
2026-01-24-21-01-13_mp4-0016_jpg.rf.68e72aeb13a6907c132a80a84f96eba8_0.jpg,valid,REAL_8,blur,14.199101044825474,435,130
202601242110_mp4-0011_jpg.rf.0bf0e9254d6c75babd1302f18be4c50d_0.jpg,valid,FAKE_11,terlalu_kecil,2733.9152446854705,47,21
202601242110_mp4-0011_jpg.rf.0bf0e9254d6c75babd1302f18be4c50d_1.jpg,valid,REAL_8,terlalu_kecil,891.3993419332913,79,23
202601242110_mp4-0011_jpg.rf.0bf0e9254d6c75babd1302f18be4c50d_2.jpg,valid,REAL_9,terlalu_kecil,949.2771780066096,73,24
202601242110_mp4-0011_jpg.rf.0bf0e9254d6c75babd1302f18be4c50d_5.jpg,valid,REAL_6,terlalu_kecil,828.7027250000001,80,20
202601242110_mp4-0011_jpg.rf.0bf0e9254d6c75babd1302f18be4c50d_6.jpg,valid,REAL_12,terlalu_kecil,427.7535456974779,82,21
202601242110_mp4-0013_jpg.rf.35b2e320a2ab55a056c79d58d29f3c3f_1.jpg,valid,FAKE_5,blur,37.35642139736948,362,68
202601242110_mp4-0063_jpg.rf.d6bc360127a199d4cce4fc0c02493b8c_0.jpg,valid,FAKE_13,terlalu_kecil,3764.695446806173,51,14
202601242110_mp4-0076_jpg.rf.40403efaed3652a37c511d68bdc40510_0.jpg,valid,REAL_3,blur,25.134745780351714,244,117
202601242110_mp4-0123_jpg.rf.a69fb6eed092ceef092a610b61a63e8b_0.jpg,valid,FAKE_7,blur,32.6854522408141,310,93
202601242110_mp4-0123_jpg.rf.a69fb6eed092ceef092a610b61a63e8b_1.jpg,valid,FAKE_14,blur,36.77201454511937,334,54
202601242110_mp4-0136_jpg.rf.f8444e5854c718454d14efbcc1625a8b_0.jpg,valid,REAL_13,terlalu_kecil,595.5898972499518,48,24
202601242110_mp4-0178_jpg.rf.2b9d77ae5ec82b018ae2529596aa2655_0.jpg,valid,FAKE_9,blur,36.891871460318974,352,137
202601242110_mp4-0179_jpg.rf.eddbb26023895c9fa0b856ba87c40c10_0.jpg,valid,FAKE_6,blur,17.28969246082095,352,159
202601242110_mp4-0199_jpg.rf.5bafbf889d5ef34fbb8517b2fc8ef7e0_0.jpg,valid,R1,blur,35.91791531727334,359,329
202601242110_mp4-0214_jpg.rf.09fe50829c088175b64180ecf514fffd_0.jpg,valid,REAL_12,blur,32.513485836300674,336,200
202601242110_mp4-0239_jpg.rf.131fbaafe931be186fa13e36c178e234_0.jpg,valid,REAL_10,blur,46.228678876420595,313,193
202601242110_mp4-0240_jpg.rf.4f1082a655c96ec9a4d1727c64f1a484_0.jpg,valid,REAL_10,blur,33.995632174170716,329,248
202601242110_mp4-0240_jpg.rf.4f1082a655c96ec9a4d1727c64f1a484_1.jpg,valid,REAL_8,terlalu_kecil,140.09235020914832,81,24
202601242110_mp4-0241_jpg.rf.bd748638fffc469923486c662639b307_0.jpg,valid,REAL_10,blur,22.91483596338052,379,242
202601242110_mp4-0248_jpg.rf.80c7703aec22e7ab2e25e43cf074eea6_0.jpg,valid,REAL_11,blur,41.51637817782611,266,79
202601242110_mp4-0262_jpg.rf.cf9f4301f34ca2bb6ccd2b5a5ce6a077_0.jpg,valid,REAL_5,blur,35.9111904547623,297,266
202601242110_mp4-0276_jpg.rf.4e4ecc0dece48ac3843e5f52bb7d3299_0.jpg,valid,FAKE_8,blur,28.32871435006884,397,120
202601242110_mp4-0296_jpg.rf.04dc45446aa1fa4dbfd878ccec067b49_0.jpg,valid,REAL_12,blur,27.17816385228306,392,185
202601242110_mp4-0299_jpg.rf.a8670bea0ba96dd276ee0b891a8da6f3_0.jpg,valid,REAL_12,blur,49.515452705403945,451,163
202601242110_mp4-0316_jpg.rf.7f55db75f903ac09f0cd4675fa61859f_0.jpg,valid,REAL_8,blur,44.6059525097947,307,182
202601242110_mp4-0334_jpg.rf.32c8c10400cbc66ddfdc87992efdb5b9_0.jpg,valid,FAKE_15,blur,38.02946762721123,400,155
202601242110_mp4-0362_jpg.rf.632986f6233d906c903d066d5cf9dd51_0.jpg,valid,REAL_5,blur,45.71460001007468,299,135
202601242110_mp4-0380_jpg.rf.b5eb1676b6a3baea2ebd1650ba7ed629_0.jpg,valid,REAL_10,blur,34.393858161713155,360,225
202602052213_mp4-0003_jpg.rf.7e8199ba5825c934b012f9fe6cfde627_2.jpg,valid,REAL_11,terlalu_kecil,265.540074858223,50,23
202602052213_mp4-0003_jpg.rf.7e8199ba5825c934b012f9fe6cfde627_3.jpg,valid,REAL_11,terlalu_kecil,362.5802282021219,51,22
202602052213_mp4-0003_jpg.rf.7e8199ba5825c934b012f9fe6cfde627_4.jpg,valid,REAL_12,terlalu_kecil,261.65626186996303,58,24
202602052213_mp4-0003_jpg.rf.7e8199ba5825c934b012f9fe6cfde627_6.jpg,valid,REAL_7,terlalu_kecil,158.18564269526635,59,18
202602052213_mp4-0003_jpg.rf.7e8199ba5825c934b012f9fe6cfde627_7.jpg,valid,REAL_13,terlalu_kecil,237.7098432305988,59,14
202602052213_mp4-0003_jpg.rf.7e8199ba5825c934b012f9fe6cfde627_8.jpg,valid,REAL_9,terlalu_kecil,295.77544933717235,58,22
202602052213_mp4-0003_jpg.rf.7e8199ba5825c934b012f9fe6cfde627_9.jpg,valid,R1,terlalu_kecil,0.0,133,1
202602052213_mp4-0003_jpg.rf.7e8199ba5825c934b012f9fe6cfde627_10.jpg,valid,REAL_1,terlalu_kecil,131.8292882971729,60,13
202602052213_mp4-0006_jpg.rf.43de5986fe565edeeda08254d3c5563a_3.jpg,valid,REAL_11,terlalu_kecil,429.14283080107754,53,23
202602052213_mp4-0006_jpg.rf.43de5986fe565edeeda08254d3c5563a_4.jpg,valid,FAKE_3,terlalu_kecil,230.47333326107065,62,24
202602052213_mp4-0006_jpg.rf.43de5986fe565edeeda08254d3c5563a_6.jpg,valid,REAL_7,terlalu_kecil,145.6776593230159,62,19
202602052213_mp4-0006_jpg.rf.43de5986fe565edeeda08254d3c5563a_8.jpg,valid,FAKE_13,terlalu_kecil,230.47333326107065,62,24
202602052213_mp4-0006_jpg.rf.43de5986fe565edeeda08254d3c5563a_9.jpg,valid,REAL_9,terlalu_kecil,176.82906802809572,62,24
202602052213_mp4-0006_jpg.rf.43de5986fe565edeeda08254d3c5563a_10.jpg,valid,REAL_13,terlalu_kecil,189.35473987915069,66,18
202602052213_mp4-0006_jpg.rf.43de5986fe565edeeda08254d3c5563a_11.jpg,valid,REAL_1,terlalu_kecil,163.00801975201847,68,18
202602052213_mp4-0013_jpg.rf.de2f27fc2459d1f7f4aad03abe6e5fc5_6.jpg,valid,REAL_13,terlalu_kecil,235.62198342517834,85,18
202602052213_mp4-0013_jpg.rf.de2f27fc2459d1f7f4aad03abe6e5fc5_7.jpg,valid,REAL_1,terlalu_kecil,64.89368275010837,84,19
202602052213_mp4-0037_jpg.rf.dd8389f102caae0a65f916feb4424240_3.jpg,valid,FAKE_6,blur,41.94044054205767,187,67
202602052213_mp4-0037_jpg.rf.dd8389f102caae0a65f916feb4424240_4.jpg,valid,FAKE_6,blur,26.079738038936906,223,67
202602052213_mp4-0037_jpg.rf.dd8389f102caae0a65f916feb4424240_5.jpg,valid,FAKE_2,blur,31.067960878969227,131,42
202602052213_mp4-0040_jpg.rf.d6323c8f6cc1bdbbaed2085e17beda3e_0.jpg,valid,FAKE_6,blur,18.67384242798725,172,54
202602052213_mp4-0040_jpg.rf.d6323c8f6cc1bdbbaed2085e17beda3e_1.jpg,valid,FAKE_2,blur,31.9033411573996,132,63
202602052213_mp4-0040_jpg.rf.d6323c8f6cc1bdbbaed2085e17beda3e_2.jpg,valid,FAKE_6,blur,42.143440296204304,172,54
202602052213_mp4-0040_jpg.rf.d6323c8f6cc1bdbbaed2085e17beda3e_3.jpg,valid,FAKE_11,blur,30.307774233319964,132,53
202602052213_mp4-0050_jpg.rf.4bf6bf6113fb3fb6636c9c3da8f75ee6_0.jpg,valid,FAKE_6,blur,21.20264307777495,163,62
202602052213_mp4-0050_jpg.rf.4bf6bf6113fb3fb6636c9c3da8f75ee6_1.jpg,valid,FAKE_6,blur,19.840848737071454,152,57
202602052213_mp4-0050_jpg.rf.4bf6bf6113fb3fb6636c9c3da8f75ee6_2.jpg,valid,REAL_13,blur,18.60992257853139,118,44
202602052213_mp4-0050_jpg.rf.4bf6bf6113fb3fb6636c9c3da8f75ee6_3.jpg,valid,REAL_11,blur,25.65535341852902,112,47
202602052213_mp4-0050_jpg.rf.4bf6bf6113fb3fb6636c9c3da8f75ee6_4.jpg,valid,REAL_11,blur,21.31049425434662,90,51
202602052213_mp4-0050_jpg.rf.4bf6bf6113fb3fb6636c9c3da8f75ee6_5.jpg,valid,REAL_1,blur,27.879707477600785,106,41
202602052213_mp4-0056_jpg.rf.777e7512a00c609c679800f4dee498bd_0.jpg,valid,FAKE_6,blur,32.41261237303786,114,50
202602052213_mp4-0056_jpg.rf.777e7512a00c609c679800f4dee498bd_1.jpg,valid,FAKE_6,blur,33.65924616683478,106,48
202602052213_mp4-0056_jpg.rf.777e7512a00c609c679800f4dee498bd_2.jpg,valid,REAL_11,blur,34.58761523029073,79,43
202602052213_mp4-0056_jpg.rf.777e7512a00c609c679800f4dee498bd_3.jpg,valid,REAL_11,blur,18.094920687147003,73,43
202602052213_mp4-0063_jpg.rf.fe8be6ca447e4100da8af8869359bcdc_7.jpg,valid,REAL_7,terlalu_kecil,58.543331037649224,66,22
202602052213_mp4-0063_jpg.rf.fe8be6ca447e4100da8af8869359bcdc_8.jpg,valid,REAL_13,terlalu_kecil,126.38076700958449,66,16
202602052213_mp4-0063_jpg.rf.fe8be6ca447e4100da8af8869359bcdc_9.jpg,valid,REAL_12,blur,26.161234047337945,70,33
202602052213_mp4-0063_jpg.rf.fe8be6ca447e4100da8af8869359bcdc_10.jpg,valid,REAL_1,terlalu_kecil,53.23294458154781,66,24
202602052213_mp4-0067_jpg.rf.929180345205eedb5caa204901e9ae90_3.jpg,valid,REAL_12,terlalu_kecil,89.83961432506887,60,22
202602052213_mp4-0067_jpg.rf.929180345205eedb5caa204901e9ae90_4.jpg,valid,REAL_7,terlalu_kecil,166.89522548010973,60,18
202602052213_mp4-0067_jpg.rf.929180345205eedb5caa204901e9ae90_5.jpg,valid,REAL_13,terlalu_kecil,245.070362654321,60,12
202602052213_mp4-0067_jpg.rf.929180345205eedb5caa204901e9ae90_6.jpg,valid,REAL_1,terlalu_kecil,159.51522955246915,60,12
202602052213_mp4-0076_jpg.rf.4f1d0923f2b13ae4c9ad8745ca4f49d4_2.jpg,valid,REAL_13,terlalu_kecil,134.406684015366,66,17
202602052213_mp4-0076_jpg.rf.4f1d0923f2b13ae4c9ad8745ca4f49d4_4.jpg,valid,REAL_7,terlalu_kecil,68.14317599148502,70,21
202602052213_mp4-0076_jpg.rf.4f1d0923f2b13ae4c9ad8745ca4f49d4_8.jpg,valid,REAL_1,terlalu_kecil,77.21379571112192,66,17
202602052213_mp4-0076_jpg.rf.4f1d0923f2b13ae4c9ad8745ca4f49d4_10.jpg,valid,FAKE_7,terlalu_kecil,247.53088529610338,72,24
202602052213_mp4-0084_jpg.rf.c7d20292b0938f4b0a9c031a35012b0e_0.jpg,valid,FAKE_4,blur,29.510950666666663,125,48
202602052213_mp4-0084_jpg.rf.c7d20292b0938f4b0a9c031a35012b0e_1.jpg,valid,FAKE_4,blur,41.903048009624804,129,46
202602052213_mp4-0084_jpg.rf.c7d20292b0938f4b0a9c031a35012b0e_2.jpg,valid,REAL_7,blur,22.77413914575613,101,37
202602052213_mp4-0084_jpg.rf.c7d20292b0938f4b0a9c031a35012b0e_6.jpg,valid,REAL_12,blur,34.74245234430059,106,51
202602052213_mp4-0087_jpg.rf.7940d88450e84be34ed328dcca32984e_0.jpg,valid,FAKE_4,blur,36.25806531891821,145,57
202602052213_mp4-0087_jpg.rf.7940d88450e84be34ed328dcca32984e_2.jpg,valid,FAKE_4,blur,20.118930783097554,153,56
202602052213_mp4-0087_jpg.rf.7940d88450e84be34ed328dcca32984e_3.jpg,valid,REAL_11,blur,34.50709794266603,86,39
202602052213_mp4-0087_jpg.rf.7940d88450e84be34ed328dcca32984e_4.jpg,valid,REAL_11,blur,26.277006086414495,86,39
202602052213_mp4-0102_jpg.rf.a6370851a92d2838d5e9144768460130_1.jpg,valid,FAKE_4,blur,47.533808275833835,170,65
202602052213_mp4-0102_jpg.rf.a6370851a92d2838d5e9144768460130_3.jpg,valid,REAL_11,blur,40.176318441696125,110,49
202602052213_mp4-0102_jpg.rf.a6370851a92d2838d5e9144768460130_4.jpg,valid,REAL_13,blur,34.99555888531884,119,40
202602052213_mp4-0102_jpg.rf.a6370851a92d2838d5e9144768460130_5.jpg,valid,REAL_7,blur,12.309415348288075,110,35
202602052213_mp4-0102_jpg.rf.a6370851a92d2838d5e9144768460130_6.jpg,valid,REAL_12,blur,40.03345163737282,119,31
202602052213_mp4-0105_jpg.rf.c88f0ecba3ddce55874851203439be2f_0.jpg,valid,FAKE_4,blur,27.01784850358327,171,54
202602052213_mp4-0105_jpg.rf.c88f0ecba3ddce55874851203439be2f_1.jpg,valid,FAKE_4,blur,31.11534820256146,168,62
202602052213_mp4-0105_jpg.rf.c88f0ecba3ddce55874851203439be2f_2.jpg,valid,FAKE_15,blur,44.059754270149014,158,25
202602052213_mp4-0109_jpg.rf.e8d4c55628dcd62ca6abed14de62df72_0.jpg,valid,FAKE_4,blur,29.523499023650775,162,62
202602052213_mp4-0109_jpg.rf.e8d4c55628dcd62ca6abed14de62df72_1.jpg,valid,FAKE_4,blur,31.624943414350163,163,57
202602052213_mp4-0109_jpg.rf.e8d4c55628dcd62ca6abed14de62df72_2.jpg,valid,FAKE_15,blur,11.970807372263602,132,45
202602052213_mp4-0109_jpg.rf.e8d4c55628dcd62ca6abed14de62df72_3.jpg,valid,FAKE_15,blur,8.525793714221441,137,45
202602052213_mp4-0113_jpg.rf.37e557e123ff0938869710b97083f6f4_6.jpg,valid,FAKE_15,terlalu_kecil,333.08502402448613,114,18
202602052213_mp4-0113_jpg.rf.37e557e123ff0938869710b97083f6f4_7.jpg,valid,REAL_7,terlalu_kecil,156.47894716204294,101,20
202602052213_mp4-0113_jpg.rf.37e557e123ff0938869710b97083f6f4_9.jpg,valid,FAKE_15,terlalu_kecil,101.36993750507263,111,18
202602052213_mp4-0117_jpg.rf.cb4f6dbb8bba8a0127d4d237b8eb6168_0.jpg,valid,FAKE_4,blur,27.24108301255845,118,52
202602052213_mp4-0117_jpg.rf.cb4f6dbb8bba8a0127d4d237b8eb6168_2.jpg,valid,FAKE_4,blur,23.669456931007698,119,50
202602052213_mp4-0117_jpg.rf.cb4f6dbb8bba8a0127d4d237b8eb6168_4.jpg,valid,REAL_11,blur,48.21293998813002,74,40
202602052213_mp4-0123_jpg.rf.19bb2d51b5ebd97faabf6cd1c42bf5df_3.jpg,valid,REAL_7,terlalu_kecil,153.23956311699223,69,20
202602052213_mp4-0123_jpg.rf.19bb2d51b5ebd97faabf6cd1c42bf5df_6.jpg,valid,REAL_13,terlalu_kecil,181.72610342261328,69,18
202602052213_mp4-0123_jpg.rf.19bb2d51b5ebd97faabf6cd1c42bf5df_9.jpg,valid,REAL_1,terlalu_kecil,148.1106449442522,68,15
202602052213_mp4-0136_jpg.rf.4ec1b30e806c117129442cec42b70609_0.jpg,valid,FAKE_15,blur,41.30736966068435,81,32
202602052213_mp4-0136_jpg.rf.4ec1b30e806c117129442cec42b70609_1.jpg,valid,FAKE_12,terlalu_kecil,1161.9416494281584,49,19
202602052213_mp4-0136_jpg.rf.4ec1b30e806c117129442cec42b70609_2.jpg,valid,REAL_11,blur,26.00917112461357,86,43
202602052213_mp4-0136_jpg.rf.4ec1b30e806c117129442cec42b70609_3.jpg,valid,REAL_11,blur,17.805249559714063,86,43
202602052213_mp4-0136_jpg.rf.4ec1b30e806c117129442cec42b70609_4.jpg,valid,FAKE_10,blur,44.44610783156238,70,33
202602052213_mp4-0144_jpg.rf.4e6354a7a7e62e12aa859e20911487c0_0.jpg,valid,REAL_7,blur,40.07276736005267,108,36
202602052213_mp4-0144_jpg.rf.4e6354a7a7e62e12aa859e20911487c0_7.jpg,valid,REAL_9,blur,26.136231465081597,82,47
202602052213_mp4-0145_jpg.rf.e85fa016f3d7233d9712ab8703ebf8da_0.jpg,valid,REAL_11,blur,33.71847434466771,106,52
202602052213_mp4-0145_jpg.rf.e85fa016f3d7233d9712ab8703ebf8da_2.jpg,valid,FAKE_10,blur,37.622068802282044,86,42
202602052213_mp4-0151_jpg.rf.0834509eef79fb8afa4b32d219ac6398_0.jpg,valid,REAL_7,blur,40.74566893424037,54,35
202602052213_mp4-0151_jpg.rf.0834509eef79fb8afa4b32d219ac6398_1.jpg,valid,REAL_11,blur,27.303449392296336,143,58
202602052213_mp4-0151_jpg.rf.0834509eef79fb8afa4b32d219ac6398_2.jpg,valid,REAL_11,blur,16.608263546018314,142,59
202602052213_mp4-0153_jpg.rf.00533b91bbf5fefe74e64a4162f96203_3.jpg,valid,REAL_11,blur,31.598031846725622,153,60
202602052213_mp4-0153_jpg.rf.00533b91bbf5fefe74e64a4162f96203_5.jpg,valid,REAL_9,terlalu_kecil,38.700879126852435,147,21
202602052213_mp4-0153_jpg.rf.00533b91bbf5fefe74e64a4162f96203_6.jpg,valid,REAL_1,blur,47.59659558530406,138,28
202602052213_mp4-0177_jpg.rf.79c41083a18a64484df3e28b5d646c3f_0.jpg,valid,FAKE_15,terlalu_kecil,1868.2633388662546,47,15
202602052213_mp4-0177_jpg.rf.79c41083a18a64484df3e28b5d646c3f_2.jpg,valid,REAL_8,terlalu_kecil,259.9388533301306,71,21
202602052213_mp4-0177_jpg.rf.79c41083a18a64484df3e28b5d646c3f_4.jpg,valid,REAL_7,terlalu_kecil,232.16873220844806,66,20
202602052213_mp4-0177_jpg.rf.79c41083a18a64484df3e28b5d646c3f_6.jpg,valid,REAL_10,terlalu_kecil,140.35530612244898,70,21
202602052213_mp4-0177_jpg.rf.79c41083a18a64484df3e28b5d646c3f_7.jpg,valid,FAKE_4,terlalu_kecil,364.10323954224197,78,16
202602052213_mp4-0182_jpg.rf.50b6b582f1f80d66f6c5f9160ebf35f9_1.jpg,valid,REAL_9,blur,39.94239442818717,68,32
202602052213_mp4-0182_jpg.rf.50b6b582f1f80d66f6c5f9160ebf35f9_2.jpg,valid,REAL_12,blur,48.0658831649907,92,39
202602052213_mp4-0182_jpg.rf.50b6b582f1f80d66f6c5f9160ebf35f9_3.jpg,valid,REAL_7,terlalu_kecil,129.27229657195102,78,16
202602052213_mp4-0182_jpg.rf.50b6b582f1f80d66f6c5f9160ebf35f9_4.jpg,valid,REAL_8,terlalu_kecil,117.00503056548793,81,19
202602052213_mp4-0185_jpg.rf.bbde265ce1651eb16d25b45524379430_0.jpg,valid,REAL_12,blur,19.69559200797498,107,48
202602052213_mp4-0185_jpg.rf.bbde265ce1651eb16d25b45524379430_1.jpg,valid,REAL_12,blur,38.470533406147595,108,48
202602052213_mp4-0186_jpg.rf.0c75af24c66aed7dd60312a77875ffc2_2.jpg,valid,REAL_9,blur,39.25063740079365,96,35
202602052213_mp4-0187_jpg.rf.5363afe4b2fce26b016e77d4ea9cb0d6_3.jpg,valid,REAL_12,blur,32.3922571699905,117,50
202602052213_mp4-0187_jpg.rf.5363afe4b2fce26b016e77d4ea9cb0d6_4.jpg,valid,REAL_7,terlalu_kecil,59.873091427324795,98,21
202602052213_mp4-0196_jpg.rf.9c1be7c29977102dc0cbe96d7a916053_0.jpg,valid,REAL_12,blur,22.852428911956935,170,60
202602052213_mp4-0196_jpg.rf.9c1be7c29977102dc0cbe96d7a916053_2.jpg,valid,REAL_4,blur,18.783245006379044,173,42
202602052213_mp4-0200_jpg.rf.1dd138948b3d4d68a59dc3adcab6b98c_2.jpg,valid,REAL_12,blur,31.111939878546213,158,68
202602052213_mp4-0200_jpg.rf.1dd138948b3d4d68a59dc3adcab6b98c_3.jpg,valid,REAL_12,blur,11.816226830158087,178,71
202602052213_mp4-0206_jpg.rf.b2d84d1564f51fb317a70c9b5fdac663_0.jpg,valid,REAL_12,blur,28.044392888888886,125,60
202602052213_mp4-0206_jpg.rf.b2d84d1564f51fb317a70c9b5fdac663_2.jpg,valid,FAKE_15,blur,41.654014317019715,125,37
202602052213_mp4-0206_jpg.rf.b2d84d1564f51fb317a70c9b5fdac663_3.jpg,valid,FAKE_4,blur,48.44481497582426,127,37
202602052213_mp4-0209_jpg.rf.4287e4e6cef4d9afc00ea1a0e0a09c54_2.jpg,valid,REAL_12,blur,34.535862686880606,119,54
202602052213_mp4-0209_jpg.rf.4287e4e6cef4d9afc00ea1a0e0a09c54_3.jpg,valid,REAL_12,blur,35.91555555555556,126,80
202602052213_mp4-0215_jpg.rf.3aa282d03f051e7ec9a85cad727cb0d0_0.jpg,valid,REAL_12,blur,16.660038555831626,147,62
202602052213_mp4-0215_jpg.rf.3aa282d03f051e7ec9a85cad727cb0d0_1.jpg,valid,REAL_12,blur,37.70421650215094,137,59
202602052213_mp4-0215_jpg.rf.3aa282d03f051e7ec9a85cad727cb0d0_2.jpg,valid,REAL_1,blur,29.29444873732343,132,37
202602052213_mp4-0215_jpg.rf.3aa282d03f051e7ec9a85cad727cb0d0_3.jpg,valid,REAL_9,blur,39.26699796538512,145,30
202602052213_mp4-0221_jpg.rf.6e8510c2618c7e4aed63e6f9d53b6292_0.jpg,valid,REAL_7,blur,42.77064088095482,95,36
202602052213_mp4-0224_jpg.rf.fdbc96ad9962b997f32850e5b4472933_5.jpg,valid,REAL_14,terlalu_kecil,103.07504461350614,39,21
202602052213_mp4-0254_jpg.rf.20939cab88a4331aa5b725d064eb8aee_0.jpg,valid,REAL_8,blur,28.555501594905135,140,43
202602052213_mp4-0254_jpg.rf.20939cab88a4331aa5b725d064eb8aee_1.jpg,valid,REAL_8,blur,19.564948134313696,136,43
202602052213_mp4-0254_jpg.rf.20939cab88a4331aa5b725d064eb8aee_3.jpg,valid,REAL_7,blur,22.850119819519378,134,26
202602052213_mp4-0256_jpg.rf.cee6a3b86288d6fe16e84da9ce0710f9_0.jpg,valid,REAL_8,blur,33.72212821273405,146,48
202602052213_mp4-0256_jpg.rf.cee6a3b86288d6fe16e84da9ce0710f9_3.jpg,valid,REAL_7,terlalu_kecil,28.80925123791013,140,21
202602052213_mp4-0263_jpg.rf.21acb5af33e73bc45b87154a3cea0a39_0.jpg,valid,REAL_8,blur,45.14762403027079,174,62
202602052213_mp4-0263_jpg.rf.21acb5af33e73bc45b87154a3cea0a39_1.jpg,valid,REAL_8,blur,38.91505140305505,166,63
202602052213_mp4-0264_jpg.rf.60f24664966e10a7dedd19d59a6d83f2_0.jpg,valid,REAL_8,blur,49.39976385502438,177,63
202602052213_mp4-0264_jpg.rf.60f24664966e10a7dedd19d59a6d83f2_1.jpg,valid,REAL_8,blur,45.82918308975537,166,57
202602052213_mp4-0266_jpg.rf.ece266c5ac4b1c9324a8ff149795d992_0.jpg,valid,REAL_8,blur,24.14783211457299,151,52
202602052213_mp4-0271_jpg.rf.2efcacb05a31ca56d95cf67317edc5f0_2.jpg,valid,REAL_8,blur,48.658943551764416,142,45
202602052213_mp4-0271_jpg.rf.2efcacb05a31ca56d95cf67317edc5f0_5.jpg,valid,REAL_4,terlalu_kecil,173.8387172744706,111,23
202602052213_mp4-0273_jpg.rf.902efcad19a3b3b0ace546eddd1bf7b8_0.jpg,valid,REAL_8,blur,45.875786822702324,144,45
202602052213_mp4-0273_jpg.rf.902efcad19a3b3b0ace546eddd1bf7b8_2.jpg,valid,REAL_8,blur,40.320480933918006,133,46
202602052213_mp4-0273_jpg.rf.902efcad19a3b3b0ace546eddd1bf7b8_3.jpg,valid,REAL_15,blur,23.941627100073045,120,37
202602052213_mp4-0274_jpg.rf.cceace3d62d9fff02af0961f76edbc7b_0.jpg,valid,REAL_8,blur,11.78755796190562,161,48
202602052213_mp4-0276_jpg.rf.3c3a62e6e37799b874a94e1308640fce_0.jpg,valid,REAL_8,blur,14.281971206277763,181,62
202602052213_mp4-0281_jpg.rf.c10dccb30a61a19375789d4b613fc615_0.jpg,valid,REAL_8,blur,16.15849519130523,186,78
202602052213_mp4-0281_jpg.rf.c10dccb30a61a19375789d4b613fc615_1.jpg,valid,REAL_8,blur,10.835290563553409,204,71
202602052213_mp4-0291_jpg.rf.1ec296fdc99b655f7790a24f611730ed_1.jpg,valid,REAL_7,terlalu_kecil,271.1214268860311,63,21
202602052213_mp4-0291_jpg.rf.1ec296fdc99b655f7790a24f611730ed_2.jpg,valid,REAL_6,terlalu_kecil,296.32139232100144,61,22
202602052213_mp4-0291_jpg.rf.1ec296fdc99b655f7790a24f611730ed_4.jpg,valid,FAKE_9,terlalu_kecil,530.9880972622893,69,21
202602052213_mp4-0291_jpg.rf.1ec296fdc99b655f7790a24f611730ed_5.jpg,valid,REAL_5,terlalu_kecil,229.86043108521199,66,23
202602052213_mp4-0291_jpg.rf.1ec296fdc99b655f7790a24f611730ed_9.jpg,valid,FAKE_12,terlalu_kecil,4566.763258769167,48,23
202602052213_mp4-0311_jpg.rf.f73ea8beeabf091dbb1b6779ca141459_0.jpg,valid,REAL_7,terlalu_kecil,49.62172912557528,78,20
202602052213_mp4-0311_jpg.rf.f73ea8beeabf091dbb1b6779ca141459_2.jpg,valid,REAL_5,blur,45.404193594104306,105,48
202602052213_mp4-0311_jpg.rf.f73ea8beeabf091dbb1b6779ca141459_5.jpg,valid,REAL_3,terlalu_kecil,35.62366522645366,97,22
202602052213_mp4-0311_jpg.rf.f73ea8beeabf091dbb1b6779ca141459_6.jpg,valid,REAL_7,terlalu_kecil,95.89090859924283,86,15
202602052213_mp4-0322_jpg.rf.28d2865db31730267b5c345c83166c67_0.jpg,valid,REAL_1,blur,9.462595458394041,127,64
202602052213_mp4-0325_jpg.rf.92ef6795c64741d7fb84a3a589a8eedf_0.jpg,valid,REAL_1,blur,25.110294213201538,127,57
202602052213_mp4-0330_jpg.rf.1fdd50025bb837c9affee9a517fa49c3_0.jpg,valid,REAL_1,blur,14.312264330917664,121,58
202602052213_mp4-0330_jpg.rf.1fdd50025bb837c9affee9a517fa49c3_1.jpg,valid,REAL_1,blur,43.43580484562184,122,58
202602052213_mp4-0339_jpg.rf.113258a857d82c58a88af63b8278465e_1.jpg,valid,REAL_1,blur,42.27450870865119,118,54
202602052213_mp4-0339_jpg.rf.113258a857d82c58a88af63b8278465e_4.jpg,valid,REAL_5,terlalu_kecil,106.69592143790119,98,23
202602052213_mp4-0339_jpg.rf.113258a857d82c58a88af63b8278465e_6.jpg,valid,FAKE_15,terlalu_kecil,2699.2468986294903,46,8
202602052213_mp4-0345_jpg.rf.f71de2f00be8524b27d26cf1db757e19_1.jpg,valid,REAL_12,blur,49.17588696463954,120,27
202602052213_mp4-0345_jpg.rf.f71de2f00be8524b27d26cf1db757e19_2.jpg,valid,REAL_1,blur,48.54777914494457,126,57
202602052213_mp4-0345_jpg.rf.f71de2f00be8524b27d26cf1db757e19_4.jpg,valid,REAL_12,blur,49.17588696463954,120,27
202602052213_mp4-0345_jpg.rf.f71de2f00be8524b27d26cf1db757e19_5.jpg,valid,REAL_3,terlalu_kecil,85.32575607506595,102,19
202602052213_mp4-0347_jpg.rf.7ba2bd520b48625feb0810f940b5c50c_0.jpg,valid,REAL_1,blur,23.4685033446712,140,60
202602052213_mp4-0347_jpg.rf.7ba2bd520b48625feb0810f940b5c50c_1.jpg,valid,REAL_1,blur,40.93727992667482,141,60
202602052213_mp4-0347_jpg.rf.7ba2bd520b48625feb0810f940b5c50c_2.jpg,valid,REAL_12,blur,20.8704309738164,140,29
202602052213_mp4-0358_jpg.rf.84679fc5d6ba1a9f41a81081d1d0a090_0.jpg,valid,REAL_1,blur,31.967847243926403,207,94
202602052213_mp4-0358_jpg.rf.84679fc5d6ba1a9f41a81081d1d0a090_3.jpg,valid,REAL_7,blur,16.75587888261729,162,56
202602052213_mp4-0366_jpg.rf.a72d7d516229f1320be98d19f5060cc6_4.jpg,valid,REAL_7,terlalu_kecil,118.42691593180068,137,22
202602052213_mp4-0374_jpg.rf.c0eaf0523bf7d49d9ee3ebcedc8b9651_0.jpg,valid,REAL_1,blur,28.401944508050327,167,62
202602052213_mp4-0374_jpg.rf.c0eaf0523bf7d49d9ee3ebcedc8b9651_1.jpg,valid,REAL_3,blur,19.32807857764886,179,54
202602052213_mp4-0374_jpg.rf.c0eaf0523bf7d49d9ee3ebcedc8b9651_2.jpg,valid,REAL_1,blur,42.307576948981584,162,61
202602052213_mp4-0374_jpg.rf.c0eaf0523bf7d49d9ee3ebcedc8b9651_4.jpg,valid,REAL_7,terlalu_kecil,45.5566524982942,130,23
202602052213_mp4-0382_jpg.rf.04eb881542940dc2a34d3ff9047bd695_2.jpg,valid,FAKE_8,blur,46.57644197478126,74,31
202602052213_mp4-0382_jpg.rf.04eb881542940dc2a34d3ff9047bd695_3.jpg,valid,REAL_5,blur,46.57024769517387,74,31
202602052213_mp4-0382_jpg.rf.04eb881542940dc2a34d3ff9047bd695_5.jpg,valid,REAL_9,blur,27.92259846150113,70,29
202602052213_mp4-0384_jpg.rf.2f1e573c1a36dc944db594229d88caaf_2.jpg,valid,REAL_5,blur,23.356899941981528,78,33
202602052213_mp4-0384_jpg.rf.2f1e573c1a36dc944db594229d88caaf_4.jpg,valid,REAL_8,terlalu_kecil,61.021286848072556,70,18
202602052213_mp4-0384_jpg.rf.2f1e573c1a36dc944db594229d88caaf_5.jpg,valid,REAL_10,blur,32.72145123545286,77,32
202602052213_mp4-0391_jpg.rf.062f47829159ae73c8f5328297b6a22a_2.jpg,valid,REAL_14,terlalu_kecil,82.26819246050515,62,22
202602052213_mp4-0391_jpg.rf.062f47829159ae73c8f5328297b6a22a_4.jpg,valid,REAL_9,blur,30.929739803067925,94,33
202602052213_mp4-0395_jpg.rf.3a69d48537dbe8a6e8f1bc31133bf084_1.jpg,valid,FAKE_15,terlalu_kecil,1711.2546016058125,57,18
202602052213_mp4-0395_jpg.rf.3a69d48537dbe8a6e8f1bc31133bf084_3.jpg,valid,FAKE_1,blur,28.857520628621817,72,35
202602052213_mp4-0395_jpg.rf.3a69d48537dbe8a6e8f1bc31133bf084_5.jpg,valid,FAKE_4,terlalu_kecil,132.85652053811754,103,24
202602052213_mp4-0409_jpg.rf.9646c2209d6cf3182326c31a2a96789b_0.jpg,valid,REAL_14,blur,28.767119980394806,80,43
202602052213_mp4-0409_jpg.rf.9646c2209d6cf3182326c31a2a96789b_2.jpg,valid,REAL_5,blur,29.85508419260557,138,43
202602052213_mp4-0420_jpg.rf.c98243a931ca830200c716b3ade5ee8b_0.jpg,valid,REAL_14,blur,18.945517690229657,85,46
202602052213_mp4-0420_jpg.rf.c98243a931ca830200c716b3ade5ee8b_1.jpg,valid,FAKE_10,blur,21.920412249733502,110,59
202602052213_mp4-0420_jpg.rf.c98243a931ca830200c716b3ade5ee8b_2.jpg,valid,REAL_5,blur,11.78843377809989,131,48
202602052213_mp4-0420_jpg.rf.c98243a931ca830200c716b3ade5ee8b_3.jpg,valid,REAL_5,blur,5.593162471576243,156,57
202602052213_mp4-0420_jpg.rf.c98243a931ca830200c716b3ade5ee8b_4.jpg,valid,REAL_7,blur,28.756669439621913,96,30
202602052213_mp4-0440_jpg.rf.e8a18ea8b79fe1061b2783ef54850b5b_0.jpg,valid,REAL_10,blur,21.2776399498016,159,68
202602052213_mp4-0440_jpg.rf.e8a18ea8b79fe1061b2783ef54850b5b_1.jpg,valid,REAL_4,blur,24.681937453065526,151,56
202602052213_mp4-0440_jpg.rf.e8a18ea8b79fe1061b2783ef54850b5b_2.jpg,valid,FAKE_4,blur,35.677702882304,104,40
202602052213_mp4-0440_jpg.rf.e8a18ea8b79fe1061b2783ef54850b5b_3.jpg,valid,REAL_5,blur,28.003892413586204,158,47
202602052213_mp4-0440_jpg.rf.e8a18ea8b79fe1061b2783ef54850b5b_4.jpg,valid,REAL_5,blur,25.60779776014742,159,47
202602052213_mp4-0444_jpg.rf.05e47452174c5d9d1a12e6b786bc489f_0.jpg,valid,FAKE_4,blur,34.94520679267608,110,37
202602052213_mp4-0444_jpg.rf.05e47452174c5d9d1a12e6b786bc489f_1.jpg,valid,FAKE_15,terlalu_kecil,39.32507418624072,102,23
202602052213_mp4-0444_jpg.rf.05e47452174c5d9d1a12e6b786bc489f_2.jpg,valid,REAL_5,blur,8.571640729600453,209,62
202602052213_mp4-0453_jpg.rf.47316cbc672c74cac16fafc84ed7a6ae_0.jpg,valid,REAL_5,blur,21.345688705106312,201,80
202602052213_mp4-0458_jpg.rf.b17be892045bb95e5c844c55a184fa12_0.jpg,valid,REAL_5,blur,9.483528003707816,217,98
202602052213_mp4-0458_jpg.rf.b17be892045bb95e5c844c55a184fa12_1.jpg,valid,REAL_5,blur,32.46292584855178,174,97
202602052213_mp4-0471_jpg.rf.3471286f281f0704320dfa3628c376a3_1.jpg,valid,REAL_11,terlalu_kecil,164.3815098630598,56,24
202602052213_mp4-0471_jpg.rf.3471286f281f0704320dfa3628c376a3_2.jpg,valid,REAL_11,terlalu_kecil,75.05955197753154,57,24
202602052213_mp4-0471_jpg.rf.3471286f281f0704320dfa3628c376a3_7.jpg,valid,REAL_7,terlalu_kecil,94.25416666666666,60,20
202602052213_mp4-0481_jpg.rf.d509c7fb1e68353e788af98784dc2056_0.jpg,valid,FAKE_1,blur,34.769032381753,122,51
202602052213_mp4-0481_jpg.rf.d509c7fb1e68353e788af98784dc2056_1.jpg,valid,FAKE_1,blur,32.92812862461443,126,52
202602052213_mp4-0481_jpg.rf.d509c7fb1e68353e788af98784dc2056_2.jpg,valid,REAL_11,blur,45.42034301152492,81,38
202602052213_mp4-0481_jpg.rf.d509c7fb1e68353e788af98784dc2056_3.jpg,valid,REAL_11,blur,26.826367569299787,79,40
202602052213_mp4-0493_jpg.rf.55b78adac5bed66afc003e183616762d_0.jpg,valid,FAKE_1,blur,26.11836293822409,209,79
202602052213_mp4-0493_jpg.rf.55b78adac5bed66afc003e183616762d_1.jpg,valid,FAKE_1,blur,34.4042431565273,144,80
202602052213_mp4-0493_jpg.rf.55b78adac5bed66afc003e183616762d_3.jpg,valid,REAL_11,blur,34.27937071072884,100,47
202602052213_mp4-0493_jpg.rf.55b78adac5bed66afc003e183616762d_4.jpg,valid,REAL_13,blur,43.04277964567154,106,45
202602052213_mp4-0498_jpg.rf.4ecd12958607994a45fd517fcca5f0d3_0.jpg,valid,FAKE_1,blur,40.73853593875125,203,80
202602052213_mp4-0498_jpg.rf.4ecd12958607994a45fd517fcca5f0d3_1.jpg,valid,REAL_13,blur,29.102523285860222,129,50
202602052213_mp4-0498_jpg.rf.4ecd12958607994a45fd517fcca5f0d3_3.jpg,valid,REAL_7,blur,15.79497653383529,101,41
202602052213_mp4-0498_jpg.rf.4ecd12958607994a45fd517fcca5f0d3_5.jpg,valid,REAL_11,blur,48.18962503821125,101,52
202602052213_mp4-0500_jpg.rf.b726f4c82cd3cb0ef2e1fbd11da731b8_2.jpg,valid,REAL_13,blur,46.47223410756174,117,42
202602052213_mp4-0500_jpg.rf.b726f4c82cd3cb0ef2e1fbd11da731b8_4.jpg,valid,REAL_7,blur,16.382408769873155,126,39
202602052213_mp4-0500_jpg.rf.b726f4c82cd3cb0ef2e1fbd11da731b8_6.jpg,valid,FAKE_9,terlalu_kecil,108.19110003352428,165,21
202602052213_mp4-0503_jpg.rf.7a24f6cfc9cb6f7043fd889482761596_0.jpg,valid,FAKE_1,blur,31.00847726698806,200,66
202602052213_mp4-0503_jpg.rf.7a24f6cfc9cb6f7043fd889482761596_1.jpg,valid,FAKE_1,blur,33.56642236248815,137,62
202602052213_mp4-0503_jpg.rf.7a24f6cfc9cb6f7043fd889482761596_2.jpg,valid,FAKE_3,blur,25.022137030916774,185,37
202602052213_mp4-0510_jpg.rf.328781a5d6782fa4c0068c726b688511_2.jpg,valid,FAKE_3,blur,47.28073226770229,161,36
2_mp4-0012_jpg.rf.843a85e9a353d7db6aa00ccdc551ada3_1.jpg,valid,REAL_11,terlalu_kecil,14970.724765868885,31,16
2_mp4-0043_jpg.rf.5dd9fea22173fa4fa332e7a3d6654132_2.jpg,valid,REAL_7,terlalu_kecil,1031.458200890019,104,11
2_mp4-0077_jpg.rf.e0370e2ced98482f620dc63c8afb5ea0_2.jpg,valid,REAL_13,terlalu_kecil,1381.788499453568,138,16
2_mp4-0139_jpg.rf.16d9d437c973edb5b86960ac4a0911d8_2.jpg,valid,REAL_7,terlalu_kecil,2946.980451335305,108,8
2_mp4-0155_jpg.rf.9c11a898b47d25088eef7772611204b3_1.jpg,valid,REAL_5,terlalu_kecil,395.1841152081929,51,19
2_mp4-0159_jpg.rf.dde390933816b132ac994c02f39da7b4_2.jpg,valid,REAL_5,terlalu_kecil,998.9053901857923,47,17
2_mp4-0159_jpg.rf.dde390933816b132ac994c02f39da7b4_3.jpg,valid,REAL_4,terlalu_kecil,647.6978648888888,50,15
2_mp4-0164_jpg.rf.9f1eb895cf29723ad32126ef747553ff_2.jpg,valid,REAL_5,terlalu_kecil,2006.2337473416824,46,16
2_mp4-0171_jpg.rf.e3249e55171168c16e8eee4742fcf2cc_1.jpg,valid,REAL_5,terlalu_kecil,539.655252737665,46,13
2_mp4-0171_jpg.rf.e3249e55171168c16e8eee4742fcf2cc_4.jpg,valid,REAL_4,terlalu_kecil,525.5817265153693,59,20
2_mp4-0174_jpg.rf.90ae9f8c80238b905b1362cc61233a16_2.jpg,valid,REAL_5,terlalu_kecil,301.5351774691358,48,15
2_mp4-0187_jpg.rf.e268f14c34bf12b3b67eb4e4bbc7a03d_1.jpg,valid,REAL_3,terlalu_kecil,622.2614177259311,101,24
2_mp4-0191_jpg.rf.1c2772190d73057b6bcce18a01b86214_2.jpg,valid,REAL_5,terlalu_kecil,710.2795521105681,47,14
2_mp4-0197_jpg.rf.aa5fa68d2b251eab51dcfb295d000314_3.jpg,valid,REAL_5,terlalu_kecil,298.35270368899023,47,14
2_mp4-0197_jpg.rf.aa5fa68d2b251eab51dcfb295d000314_6.jpg,valid,REAL_4,terlalu_kecil,824.1658159722223,48,20
2_mp4-0207_jpg.rf.77d38f794c77c81bc565f6603c26705d_2.jpg,valid,REAL_5,terlalu_kecil,856.9700443102411,49,12
2_mp4-0207_jpg.rf.77d38f794c77c81bc565f6603c26705d_3.jpg,valid,REAL_1,terlalu_kecil,1104.0668815651545,108,21
2_mp4-0207_jpg.rf.77d38f794c77c81bc565f6603c26705d_4.jpg,valid,REAL_4,terlalu_kecil,5331.133449493235,47,24
2_mp4-0276_jpg.rf.a4d41226c598fe7c60392534c0442517_1.jpg,valid,REAL_3,terlalu_kecil,964.86169875739,92,19
2_mp4-0282_jpg.rf.d0d601ffdada2c80d2027e37857aa068_2.jpg,valid,REAL_3,terlalu_kecil,3704.489466759003,95,16
3_mp4-0002_jpg.rf.21550583deede87e84405e2cc8de01cb_0.jpg,valid,FAKE_11,terlalu_kecil,6481.632084027708,66,18
3_mp4-0002_jpg.rf.21550583deede87e84405e2cc8de01cb_1.jpg,valid,FAKE_7,terlalu_kecil,3556.042586954384,76,13
3_mp4-0008_jpg.rf.de15771a7aac56e65f952cccad69c896_0.jpg,valid,FAKE_11,terlalu_kecil,2140.4155328798183,72,21
3_mp4-0008_jpg.rf.de15771a7aac56e65f952cccad69c896_1.jpg,valid,FAKE_7,terlalu_kecil,7508.685871056242,81,15
3_mp4-0021_jpg.rf.b062ec62a6a543ae1315cad6d3229bc2_1.jpg,valid,FAKE_7,terlalu_kecil,928.8737337672163,98,17
3_mp4-0028_jpg.rf.94b52e54e9eff7a7191b61d8b36de863_1.jpg,valid,FAKE_7,terlalu_kecil,2011.7910184196405,109,16
3_mp4-0042_jpg.rf.82255e0d4b0a8e4d26ca3017bd77625b_2.jpg,valid,FAKE_7,terlalu_kecil,5121.980058611679,119,10
3_mp4-0091_jpg.rf.fa8de13c911177c133eda62d5bdc6656_2.jpg,valid,FAKE_9,terlalu_kecil,3402.855221701931,124,24
3_mp4-0148_jpg.rf.cd29fe7f46b5e67e623897305d9f9c9a_2.jpg,valid,FAKE_1,terlalu_kecil,1028.3079282931074,131,22
3_mp4-0161_jpg.rf.fd11b63e634a6bdf59ed45833a7e6506_2.jpg,valid,REAL_3,terlalu_kecil,1400.919686760153,38,17
3_mp4-0161_jpg.rf.fd11b63e634a6bdf59ed45833a7e6506_5.jpg,valid,FAKE_14,terlalu_kecil,3224.1824,30,15
3_mp4-0161_jpg.rf.fd11b63e634a6bdf59ed45833a7e6506_6.jpg,valid,REAL_5,terlalu_kecil,1551.9281749718814,44,13
3_mp4-0161_jpg.rf.fd11b63e634a6bdf59ed45833a7e6506_7.jpg,valid,REAL_14,terlalu_kecil,5017.000513193559,28,16
3_mp4-0168_jpg.rf.304dcba67651ad9f3c9aefb278e2afdf_2.jpg,valid,FAKE_9,terlalu_kecil,5929.973102491052,117,20
3_mp4-0168_jpg.rf.304dcba67651ad9f3c9aefb278e2afdf_4.jpg,valid,REAL_3,terlalu_kecil,710.6351094548941,37,16
3_mp4-0168_jpg.rf.304dcba67651ad9f3c9aefb278e2afdf_6.jpg,valid,REAL_5,terlalu_kecil,802.2997253716302,45,14
3_mp4-0172_jpg.rf.78312d7deac30139ec10548a899bff3f_2.jpg,valid,REAL_3,terlalu_kecil,945.1064973838103,38,15
3_mp4-0172_jpg.rf.78312d7deac30139ec10548a899bff3f_3.jpg,valid,FAKE_9,terlalu_kecil,1543.5864146735844,116,17
3_mp4-0172_jpg.rf.78312d7deac30139ec10548a899bff3f_6.jpg,valid,REAL_5,terlalu_kecil,963.6195168467896,44,13
3_mp4-0172_jpg.rf.78312d7deac30139ec10548a899bff3f_7.jpg,valid,REAL_13,terlalu_kecil,642.7765432098766,45,12
3_mp4-0189_jpg.rf.f1d62f6ae5dca392c10d2c8826280b8d_4.jpg,valid,REAL_3,terlalu_kecil,8076.295004929699,36,12
3_mp4-0189_jpg.rf.f1d62f6ae5dca392c10d2c8826280b8d_5.jpg,valid,FAKE_14,terlalu_kecil,10947.088915187378,15,13
3_mp4-0189_jpg.rf.f1d62f6ae5dca392c10d2c8826280b8d_6.jpg,valid,REAL_5,terlalu_kecil,7225.455325413223,44,10
3_mp4-0189_jpg.rf.f1d62f6ae5dca392c10d2c8826280b8d_7.jpg,valid,REAL_13,terlalu_kecil,5694.843502630415,43,11
3_mp4-0214_jpg.rf.18d1dd15672d6ee3374913330c0cadd0_2.jpg,valid,FAKE_7,terlalu_kecil,4413.924013600538,102,16
3_mp4-0236_jpg.rf.ef56b9a24b2dcb613645f534cd966a4a_2.jpg,valid,FAKE_1,terlalu_kecil,1387.5422907030872,114,21
3_mp4-0243_jpg.rf.c10ae431ee2c43fec66cc9daeace4550_2.jpg,valid,FAKE_1,terlalu_kecil,636.4580262175639,122,15
3_mp4-0279_jpg.rf.1da9563662f8541a17484822837639e7_2.jpg,valid,FAKE_11,terlalu_kecil,2257.4083750841023,136,18
4_mp4-0026_jpg.rf.60e8d8fc904cdac15107f2082c34e177_1.jpg,valid,FAKE_10,terlalu_kecil,4675.470765532545,65,24
4_mp4-0026_jpg.rf.60e8d8fc904cdac15107f2082c34e177_2.jpg,valid,FAKE_4,terlalu_kecil,5579.726725984511,102,14
4_mp4-0069_jpg.rf.053cbdc11e9015ebf6ac7703fd2d8b6e_2.jpg,valid,REAL_12,terlalu_kecil,7347.792431758035,115,20
4_mp4-0089_jpg.rf.f42e92cae69db6d09fe8dc1e5934c7c8_0.jpg,valid,FAKE_5,terlalu_kecil,1317.7380410786905,110,21
4_mp4-0106_jpg.rf.a8afe6e4c5361643c3a5e40987ecbdfc_2.jpg,valid,FAKE_5,terlalu_kecil,2374.9528378643777,109,9
4_mp4-0144_jpg.rf.eebcad766c4d9ab0d901ff6052ae2d08_1.jpg,valid,FAKE_15,terlalu_kecil,1346.304012230121,104,22
4_mp4-0144_jpg.rf.eebcad766c4d9ab0d901ff6052ae2d08_3.jpg,valid,REAL_10,terlalu_kecil,5157.677793820594,31,17
4_mp4-0144_jpg.rf.eebcad766c4d9ab0d901ff6052ae2d08_4.jpg,valid,FAKE_15,terlalu_kecil,3344.7668999999996,25,16
4_mp4-0165_jpg.rf.43ed38ed9dc67e031cf1bc592daa08f7_2.jpg,valid,FAKE_12,terlalu_kecil,8358.765673219486,104,21
4_mp4-0174_jpg.rf.5b6c78bb9ff4df569eaac55423738d3d_1.jpg,valid,REAL_12,terlalu_kecil,5873.40962674548,107,17
4_mp4-0174_jpg.rf.5b6c78bb9ff4df569eaac55423738d3d_3.jpg,valid,FAKE_9,terlalu_kecil,5613.2126192550795,46,16
4_mp4-0174_jpg.rf.5b6c78bb9ff4df569eaac55423738d3d_4.jpg,valid,REAL_3,terlalu_kecil,1793.2271836942089,38,13
4_mp4-0174_jpg.rf.5b6c78bb9ff4df569eaac55423738d3d_5.jpg,valid,REAL_1,terlalu_kecil,3357.253824786508,31,11
4_mp4-0174_jpg.rf.5b6c78bb9ff4df569eaac55423738d3d_6.jpg,valid,FAKE_11,terlalu_kecil,3732.4508815426993,30,11
4_mp4-0180_jpg.rf.14fb8b7c94a9025e211f19cbb5eb178a_2.jpg,valid,FAKE_9,terlalu_kecil,2016.732533305372,43,14
4_mp4-0180_jpg.rf.14fb8b7c94a9025e211f19cbb5eb178a_3.jpg,valid,FAKE_11,terlalu_kecil,4728.0723104625795,44,12
4_mp4-0180_jpg.rf.14fb8b7c94a9025e211f19cbb5eb178a_4.jpg,valid,FAKE_14,terlalu_kecil,3564.5238394612097,31,12
4_mp4-0180_jpg.rf.14fb8b7c94a9025e211f19cbb5eb178a_5.jpg,valid,FAKE_12,terlalu_kecil,693.1817252919883,110,11
4_mp4-0180_jpg.rf.14fb8b7c94a9025e211f19cbb5eb178a_6.jpg,valid,REAL_3,terlalu_kecil,2991.4852839335176,38,14
4_mp4-0180_jpg.rf.14fb8b7c94a9025e211f19cbb5eb178a_7.jpg,valid,REAL_1,terlalu_kecil,1267.817119614206,43,12
4_mp4-0180_jpg.rf.14fb8b7c94a9025e211f19cbb5eb178a_11.jpg,valid,REAL_11,terlalu_kecil,4969.440607123539,19,13
4_mp4-0180_jpg.rf.14fb8b7c94a9025e211f19cbb5eb178a_13.jpg,valid,FAKE_12,terlalu_kecil,3095.360860543443,31,13
4_mp4-0185_jpg.rf.efa43fa95c2ff0f2d57dbd52d97ddd8b_1.jpg,valid,FAKE_11,terlalu_kecil,2011.0898721220763,43,11
4_mp4-0185_jpg.rf.efa43fa95c2ff0f2d57dbd52d97ddd8b_3.jpg,valid,FAKE_14,terlalu_kecil,1919.2406619822489,32,13
4_mp4-0185_jpg.rf.efa43fa95c2ff0f2d57dbd52d97ddd8b_4.jpg,valid,FAKE_9,terlalu_kecil,702.9817248153994,43,14
4_mp4-0185_jpg.rf.efa43fa95c2ff0f2d57dbd52d97ddd8b_5.jpg,valid,REAL_3,terlalu_kecil,577.8007663896584,38,15
4_mp4-0185_jpg.rf.efa43fa95c2ff0f2d57dbd52d97ddd8b_6.jpg,valid,REAL_1,terlalu_kecil,709.5307930705658,44,13
4_mp4-0190_jpg.rf.cb2469aa8eeb80c16c0c6fb1a250fc61_1.jpg,valid,FAKE_14,terlalu_kecil,2718.5791906390127,34,13
4_mp4-0190_jpg.rf.cb2469aa8eeb80c16c0c6fb1a250fc61_3.jpg,valid,FAKE_11,terlalu_kecil,2331.3452334101685,42,11
4_mp4-0190_jpg.rf.cb2469aa8eeb80c16c0c6fb1a250fc61_4.jpg,valid,REAL_3,terlalu_kecil,1852.097477324263,35,12
4_mp4-0190_jpg.rf.cb2469aa8eeb80c16c0c6fb1a250fc61_5.jpg,valid,FAKE_9,terlalu_kecil,6717.566114844292,41,13
4_mp4-0190_jpg.rf.cb2469aa8eeb80c16c0c6fb1a250fc61_6.jpg,valid,REAL_1,terlalu_kecil,2505.419557123261,42,9
4_mp4-0197_jpg.rf.8ce4cb1c7704ccd761bf7f8e198f8c10_1.jpg,valid,FAKE_14,terlalu_kecil,15407.708315420843,35,13
4_mp4-0197_jpg.rf.8ce4cb1c7704ccd761bf7f8e198f8c10_3.jpg,valid,FAKE_9,terlalu_kecil,2507.032309570771,42,13
4_mp4-0197_jpg.rf.8ce4cb1c7704ccd761bf7f8e198f8c10_4.jpg,valid,REAL_3,terlalu_kecil,1906.1546201814058,35,12
4_mp4-0197_jpg.rf.8ce4cb1c7704ccd761bf7f8e198f8c10_5.jpg,valid,FAKE_11,terlalu_kecil,8260.63318452381,42,8
4_mp4-0197_jpg.rf.8ce4cb1c7704ccd761bf7f8e198f8c10_6.jpg,valid,REAL_1,terlalu_kecil,6269.988015518708,42,8
4_mp4-0221_jpg.rf.c675cb0562662af0587787d7f6632c1e_1.jpg,valid,FAKE_4,terlalu_kecil,1137.4317279854326,122,19
4_mp4-0221_jpg.rf.c675cb0562662af0587787d7f6632c1e_2.jpg,valid,FAKE_9,terlalu_kecil,2093.6929517369076,42,13
4_mp4-0221_jpg.rf.c675cb0562662af0587787d7f6632c1e_3.jpg,valid,REAL_3,terlalu_kecil,2519.2760641674004,34,13
4_mp4-0230_jpg.rf.d460a01c253020fca062c49d44defb28_2.jpg,valid,FAKE_9,terlalu_kecil,2189.090076595522,46,17
4_mp4-0230_jpg.rf.d460a01c253020fca062c49d44defb28_3.jpg,valid,REAL_3,terlalu_kecil,1012.428113027534,37,14
4_mp4-0238_jpg.rf.048e48eda640b7ab01472708a015cf96_2.jpg,valid,FAKE_9,terlalu_kecil,900.8266874399042,42,21
4_mp4-0243_jpg.rf.be46e1915f0cafb8d7b931da6f524c8d_1.jpg,valid,FAKE_15,terlalu_kecil,1614.988885885471,124,24
4_mp4-0288_jpg.rf.66ee0544c2e82047361e076798d5af28_1.jpg,valid,FAKE_10,terlalu_kecil,5559.714242270557,49,21
4_mp4-0288_jpg.rf.66ee0544c2e82047361e076798d5af28_2.jpg,valid,FAKE_5,terlalu_kecil,938.0002020610224,101,14
4_mp4-0299_jpg.rf.5245409ba3c99ec2c0ce8ba52cad8030_2.jpg,valid,FAKE_5,terlalu_kecil,5279.568388326513,108,19
5_mp4-0012_jpg.rf.15963f240ae854edb4ff771c563ff7f8_0.jpg,valid,REAL_6,terlalu_kecil,9679.580054679824,34,18
5_mp4-0026_jpg.rf.57fb2ce4c9bbefe5c65d188014a30b0c_0.jpg,valid,REAL_6,terlalu_kecil,5292.518786000088,42,19
5_mp4-0026_jpg.rf.57fb2ce4c9bbefe5c65d188014a30b0c_2.jpg,valid,REAL_10,terlalu_kecil,1349.626097210493,103,21
5_mp4-0037_jpg.rf.26f9475853a5c16d4da2b2955f787502_0.jpg,valid,REAL_6,terlalu_kecil,5120.884822215924,48,21
5_mp4-0037_jpg.rf.26f9475853a5c16d4da2b2955f787502_2.jpg,valid,REAL_10,terlalu_kecil,190.2198375534744,93,16
5_mp4-0047_jpg.rf.f186689fa1ff3fd4b63837ffe989aebf_0.jpg,valid,REAL_6,terlalu_kecil,5969.323549371302,52,20
5_mp4-0060_jpg.rf.d8827cbaee299665da5b651022b70b15_0.jpg,valid,REAL_6,terlalu_kecil,5977.479556405895,56,21
5_mp4-0064_jpg.rf.5bf3ce61bfde4b35299cb736d8596833_0.jpg,valid,REAL_6,terlalu_kecil,3359.015170036922,54,21
5_mp4-0064_jpg.rf.5bf3ce61bfde4b35299cb736d8596833_2.jpg,valid,REAL_5,terlalu_kecil,281.5839027662177,109,18
5_mp4-0074_jpg.rf.de97083c72c546979aedfb2d44d992d1_0.jpg,valid,REAL_6,terlalu_kecil,5972.581591,50,20
5_mp4-0074_jpg.rf.de97083c72c546979aedfb2d44d992d1_2.jpg,valid,REAL_5,terlalu_kecil,641.7772267219829,117,24
5_mp4-0081_jpg.rf.db766616c80204a6359580c102753ad9_0.jpg,valid,REAL_6,terlalu_kecil,5256.03812391493,48,20
5_mp4-0093_jpg.rf.f2cd9fc72bd8c65615d08b945f873cef_0.jpg,valid,REAL_6,terlalu_kecil,4497.6746097337,45,22
5_mp4-0102_jpg.rf.cb760afe334112bc21ddecfdb69406c2_2.jpg,valid,REAL_2,terlalu_kecil,918.015072695745,102,21
5_mp4-0102_jpg.rf.cb760afe334112bc21ddecfdb69406c2_3.jpg,valid,REAL_14,terlalu_kecil,1119.1050338189384,31,16
5_mp4-0108_jpg.rf.d4f32562a55eef4601d279a3b42e0cfe_2.jpg,valid,REAL_2,terlalu_kecil,466.4920722549821,116,21
5_mp4-0122_jpg.rf.69bad1f85553c71ce52a4cacca88ce9b_1.jpg,valid,FAKE_11,terlalu_kecil,1109.2210562414266,45,12
5_mp4-0122_jpg.rf.69bad1f85553c71ce52a4cacca88ce9b_2.jpg,valid,FAKE_9,terlalu_kecil,1992.0781750716817,44,14
5_mp4-0127_jpg.rf.89f8a2b04e33debea66fd6dbfefbdfdd_0.jpg,valid,FAKE_9,terlalu_kecil,1508.4727857612472,42,13
5_mp4-0127_jpg.rf.89f8a2b04e33debea66fd6dbfefbdfdd_1.jpg,valid,FAKE_11,terlalu_kecil,1995.2353123140988,41,10
5_mp4-0127_jpg.rf.89f8a2b04e33debea66fd6dbfefbdfdd_3.jpg,valid,REAL_3,terlalu_kecil,1855.3562074829929,35,12
5_mp4-0132_jpg.rf.3aa8c25ddf5a9872c7bfe975beb26784_1.jpg,valid,REAL_3,terlalu_kecil,4694.944636678201,34,12
5_mp4-0132_jpg.rf.3aa8c25ddf5a9872c7bfe975beb26784_2.jpg,valid,FAKE_1,terlalu_kecil,1633.101482685821,29,14
5_mp4-0132_jpg.rf.3aa8c25ddf5a9872c7bfe975beb26784_4.jpg,valid,FAKE_9,terlalu_kecil,1616.3987843658174,42,13
5_mp4-0147_jpg.rf.04e48f78dc9a006192bc93de15ef9f57_1.jpg,valid,REAL_3,terlalu_kecil,1651.8184624017954,33,12
5_mp4-0147_jpg.rf.04e48f78dc9a006192bc93de15ef9f57_2.jpg,valid,FAKE_9,terlalu_kecil,1198.322631309811,39,12
5_mp4-0163_jpg.rf.0f337754ce4affef002314bf875c0fc2_0.jpg,valid,REAL_3,terlalu_kecil,1796.889418511213,36,13
5_mp4-0163_jpg.rf.0f337754ce4affef002314bf875c0fc2_1.jpg,valid,REAL_5,terlalu_kecil,1078.7244895356102,98,20
5_mp4-0163_jpg.rf.0f337754ce4affef002314bf875c0fc2_3.jpg,valid,FAKE_9,terlalu_kecil,1849.559143361048,42,15
5_mp4-0175_jpg.rf.ad3b9c13f66bb44e489b13d5a76e145c_0.jpg,valid,FAKE_9,terlalu_kecil,479.6328669410151,45,18
5_mp4-0175_jpg.rf.ad3b9c13f66bb44e489b13d5a76e145c_1.jpg,valid,REAL_3,terlalu_kecil,1162.359649278007,37,17
5_mp4-0180_jpg.rf.dc225e0359eba3682a1081a6d2ccb3ad_1.jpg,valid,REAL_3,terlalu_kecil,3552.7978894347293,38,16
5_mp4-0180_jpg.rf.dc225e0359eba3682a1081a6d2ccb3ad_2.jpg,valid,FAKE_9,terlalu_kecil,3268.155297535136,45,17
5_mp4-0180_jpg.rf.dc225e0359eba3682a1081a6d2ccb3ad_3.jpg,valid,REAL_6,terlalu_kecil,5795.122834467121,50,21
5_mp4-0185_jpg.rf.15de73d786480870728315adbf90647f_1.jpg,valid,FAKE_9,terlalu_kecil,823.0313040657439,32,17
5_mp4-0185_jpg.rf.15de73d786480870728315adbf90647f_2.jpg,valid,REAL_6,terlalu_kecil,5203.714636649408,52,20
5_mp4-0195_jpg.rf.9e192419c2f52ff947244a15e3b2c362_1.jpg,valid,REAL_6,terlalu_kecil,4465.692176870749,54,21
5_mp4-0201_jpg.rf.e344ba8993515cdabbed4234b65762a9_1.jpg,valid,REAL_6,terlalu_kecil,3228.3913193558674,56,20
5_mp4-0220_jpg.rf.d1b4509e8a250bdd410a5c63c7ee2b52_0.jpg,valid,REAL_6,terlalu_kecil,3780.7395556560577,49,19
5_mp4-0249_jpg.rf.efc3230d4a6b3765d0cd5c831d4241bc_0.jpg,valid,REAL_6,terlalu_kecil,3862.0813137755104,42,24
5_mp4-0249_jpg.rf.efc3230d4a6b3765d0cd5c831d4241bc_1.jpg,valid,REAL_4,terlalu_kecil,784.8876398722755,105,14
5_mp4-0289_jpg.rf.70dcfcf7313571138c1be7463f3e7aef_1.jpg,valid,REAL_2,terlalu_kecil,886.011080389117,107,16
6_mp4-0064_jpg.rf.c23c0e027fa57d0436d2d29c92d353c8_2.jpg,valid,FAKE_3,terlalu_kecil,378.35770926215804,104,19
6_mp4-0128_jpg.rf.54a275baf4031492116c9dabfc91a6e8_2.jpg,valid,FAKE_2,terlalu_kecil,687.7608136094674,120,13
6_mp4-0146_jpg.rf.c450419cf37b63ca480df4f7231284cc_3.jpg,valid,FAKE_9,terlalu_kecil,1320.2803081955503,39,18
6_mp4-0153_jpg.rf.a39af6b4281f027a1e5e94b0fcdcfb13_2.jpg,valid,FAKE_3,terlalu_kecil,4721.7970010308045,119,24
6_mp4-0153_jpg.rf.a39af6b4281f027a1e5e94b0fcdcfb13_3.jpg,valid,REAL_3,terlalu_kecil,2358.74158813646,39,15
6_mp4-0153_jpg.rf.a39af6b4281f027a1e5e94b0fcdcfb13_4.jpg,valid,FAKE_9,terlalu_kecil,3775.5592490991257,46,16
6_mp4-0162_jpg.rf.d1fe3212663937f8c4a6b40830db6618_2.jpg,valid,FAKE_3,terlalu_kecil,1663.5371093737724,115,19
6_mp4-0170_jpg.rf.3c0a75b75d4f5f7ce05cdcfb5d2145d7_2.jpg,valid,REAL_3,terlalu_kecil,5799.991045473563,33,13
6_mp4-0170_jpg.rf.3c0a75b75d4f5f7ce05cdcfb5d2145d7_3.jpg,valid,FAKE_9,terlalu_kecil,2151.934536271809,44,15
6_mp4-0186_jpg.rf.47f459af2f02d22ea2bd2be58adef66d_2.jpg,valid,FAKE_9,terlalu_kecil,1348.8566666666668,45,16
6_mp4-0186_jpg.rf.47f459af2f02d22ea2bd2be58adef66d_3.jpg,valid,REAL_3,terlalu_kecil,3491.825778025892,38,14
6_mp4-0197_jpg.rf.e9e2f622768955ca83bf951d93ad4071_2.jpg,valid,FAKE_14,terlalu_kecil,1585.1564227908177,108,18
6_mp4-0197_jpg.rf.e9e2f622768955ca83bf951d93ad4071_3.jpg,valid,REAL_3,terlalu_kecil,700.7639733379501,40,19
6_mp4-0197_jpg.rf.e9e2f622768955ca83bf951d93ad4071_4.jpg,valid,FAKE_9,terlalu_kecil,609.9239333256387,48,19
6_mp4-0201_jpg.rf.79b23bea2891982aa828aedcf71df48b_2.jpg,valid,FAKE_14,terlalu_kecil,672.6681173853818,106,22
6_mp4-0201_jpg.rf.79b23bea2891982aa828aedcf71df48b_3.jpg,valid,FAKE_9,terlalu_kecil,4940.550011126373,38,19
6_mp4-0221_jpg.rf.fa0cc7528991838629014c964cb68954_2.jpg,valid,FAKE_2,terlalu_kecil,1394.6517853118803,129,24
6_mp4-0226_jpg.rf.7f6de1fc3d2d442b0f2fbb00dcd18d54_2.jpg,valid,FAKE_2,terlalu_kecil,4093.1219195238386,127,20
6_mp4-0261_jpg.rf.c37f82c96616b8e2c1413a43853c9c10_2.jpg,valid,FAKE_8,terlalu_kecil,954.7038952699818,102,12
6_mp4-0280_jpg.rf.650da55f154021fdce6c399f8922926f_0.jpg,valid,FAKE_14,terlalu_kecil,6574.949520058541,72,22
6_mp4-0280_jpg.rf.650da55f154021fdce6c399f8922926f_1.jpg,valid,FAKE_8,terlalu_kecil,6484.535861563958,93,18
6_mp4-0280_jpg.rf.650da55f154021fdce6c399f8922926f_2.jpg,valid,FAKE_13,terlalu_kecil,9041.841101892504,48,22
6_mp4-0295_jpg.rf.36cecd34677243c4ccf11c16273152d3_0.jpg,valid,FAKE_14,terlalu_kecil,6137.551237248899,81,19
7_mp4-0011_jpg.rf.b7c97f77354e298291693068f463ec95_0.jpg,valid,REAL_12,terlalu_kecil,6473.434675409136,87,19
7_mp4-0011_jpg.rf.b7c97f77354e298291693068f463ec95_1.jpg,valid,REAL_8,terlalu_kecil,5310.682821712017,40,21
7_mp4-0011_jpg.rf.b7c97f77354e298291693068f463ec95_2.jpg,valid,REAL_9,terlalu_kecil,3857.962827364671,89,24
7_mp4-0018_jpg.rf.f48f2ea62e52ef3d015b78aa341e9c35_0.jpg,valid,REAL_12,terlalu_kecil,2858.6424682784636,90,24
7_mp4-0018_jpg.rf.f48f2ea62e52ef3d015b78aa341e9c35_1.jpg,valid,REAL_9,terlalu_kecil,804.8338806694701,92,21
7_mp4-0018_jpg.rf.f48f2ea62e52ef3d015b78aa341e9c35_2.jpg,valid,REAL_8,terlalu_kecil,1274.4135103182869,43,22
7_mp4-0034_jpg.rf.9f17ee8671510556da023e55b28ca9d1_2.jpg,valid,REAL_9,terlalu_kecil,971.8777098999872,97,14
7_mp4-0046_jpg.rf.51e256cfbb664e757176a0a1ca6d0565_0.jpg,valid,REAL_8,terlalu_kecil,5846.29843346191,59,23
7_mp4-0051_jpg.rf.58781920926e64e7f7d8cd4cce8b3a1c_1.jpg,valid,REAL_8,terlalu_kecil,6156.7271639136825,57,24
7_mp4-0081_jpg.rf.dd41fbff87ee7461dd367aa391854848_2.jpg,valid,REAL_12,terlalu_kecil,3629.093688267958,92,20
7_mp4-0097_jpg.rf.55e059ce7ed55a5ef7b4884ff0fa155c_2.jpg,valid,REAL_12,terlalu_kecil,2105.959342556861,88,11
7_mp4-0128_jpg.rf.04bf57bffc874d53f523ea22efede1ff_1.jpg,valid,REAL_14,terlalu_kecil,600.9107497532577,71,18
7_mp4-0128_jpg.rf.04bf57bffc874d53f523ea22efede1ff_3.jpg,valid,FAKE_1,terlalu_kecil,2275.7454178145085,30,11
7_mp4-0128_jpg.rf.04bf57bffc874d53f523ea22efede1ff_4.jpg,valid,REAL_11,terlalu_kecil,1600.1336984693628,22,13
7_mp4-0135_jpg.rf.4e2666da9429de4910a01bae2088914a_0.jpg,valid,REAL_14,terlalu_kecil,4102.812033487118,72,24
7_mp4-0141_jpg.rf.986bd64da6d80c1bc487ba07de798db5_1.jpg,valid,REAL_15,terlalu_kecil,1114.5265932683235,85,22
7_mp4-0141_jpg.rf.986bd64da6d80c1bc487ba07de798db5_2.jpg,valid,FAKE_11,terlalu_kecil,9485.389051695058,28,11
7_mp4-0141_jpg.rf.986bd64da6d80c1bc487ba07de798db5_3.jpg,valid,FAKE_9,terlalu_kecil,1316.535508413265,46,18
7_mp4-0141_jpg.rf.986bd64da6d80c1bc487ba07de798db5_5.jpg,valid,REAL_5,terlalu_kecil,1115.6128131403266,41,18
7_mp4-0147_jpg.rf.05e8fbe20a8927bed61b8e0cd109cdaa_1.jpg,valid,FAKE_11,terlalu_kecil,3959.513876162678,43,11
7_mp4-0147_jpg.rf.05e8fbe20a8927bed61b8e0cd109cdaa_2.jpg,valid,FAKE_9,terlalu_kecil,2914.646820711755,44,14
7_mp4-0147_jpg.rf.05e8fbe20a8927bed61b8e0cd109cdaa_3.jpg,valid,REAL_3,terlalu_kecil,2455.264739229025,36,14
7_mp4-0147_jpg.rf.05e8fbe20a8927bed61b8e0cd109cdaa_4.jpg,valid,REAL_15,terlalu_kecil,5631.711179888078,90,17
7_mp4-0147_jpg.rf.05e8fbe20a8927bed61b8e0cd109cdaa_6.jpg,valid,REAL_5,terlalu_kecil,921.1286404511508,45,18
7_mp4-0165_jpg.rf.1b08124aca0c96abb01805aacdb29a22_1.jpg,valid,REAL_8,terlalu_kecil,4168.203533467395,59,24
7_mp4-0165_jpg.rf.1b08124aca0c96abb01805aacdb29a22_2.jpg,valid,FAKE_9,terlalu_kecil,7798.348454963841,39,13
7_mp4-0165_jpg.rf.1b08124aca0c96abb01805aacdb29a22_3.jpg,valid,REAL_3,terlalu_kecil,1964.229797979798,33,12
7_mp4-0165_jpg.rf.1b08124aca0c96abb01805aacdb29a22_4.jpg,valid,REAL_5,terlalu_kecil,1724.3214855962108,42,13
7_mp4-0170_jpg.rf.8655d11e7d28c54eb66ddf7a58613891_1.jpg,valid,REAL_8,terlalu_kecil,6032.797188709049,57,22
7_mp4-0170_jpg.rf.8655d11e7d28c54eb66ddf7a58613891_2.jpg,valid,FAKE_9,terlalu_kecil,686.5114284372526,39,14
7_mp4-0170_jpg.rf.8655d11e7d28c54eb66ddf7a58613891_3.jpg,valid,REAL_3,terlalu_kecil,1523.9743100722121,33,13
7_mp4-0170_jpg.rf.8655d11e7d28c54eb66ddf7a58613891_4.jpg,valid,REAL_5,terlalu_kecil,1069.8913305555557,40,15
7_mp4-0174_jpg.rf.0aceeaf983f75de38e51d972402a06c9_2.jpg,valid,FAKE_9,terlalu_kecil,1476.5330769230768,40,13
7_mp4-0174_jpg.rf.0aceeaf983f75de38e51d972402a06c9_3.jpg,valid,REAL_3,terlalu_kecil,1336.9233542899406,32,13
7_mp4-0174_jpg.rf.0aceeaf983f75de38e51d972402a06c9_4.jpg,valid,REAL_5,terlalu_kecil,735.2010711802297,43,14
7_mp4-0177_jpg.rf.861c9f5e924bed1ffe7321d1db23a265_1.jpg,valid,FAKE_9,terlalu_kecil,1318.2545821005917,40,13
7_mp4-0177_jpg.rf.861c9f5e924bed1ffe7321d1db23a265_2.jpg,valid,REAL_3,terlalu_kecil,3593.908292174027,33,13
7_mp4-0177_jpg.rf.861c9f5e924bed1ffe7321d1db23a265_4.jpg,valid,REAL_5,terlalu_kecil,2984.047202554491,42,14
7_mp4-0183_jpg.rf.cff3cdaf63da5b672b1ce2c75f2bb55a_2.jpg,valid,FAKE_9,terlalu_kecil,11117.698976699523,42,14
7_mp4-0183_jpg.rf.cff3cdaf63da5b672b1ce2c75f2bb55a_3.jpg,valid,REAL_3,terlalu_kecil,7320.609013758815,31,15
7_mp4-0183_jpg.rf.cff3cdaf63da5b672b1ce2c75f2bb55a_4.jpg,valid,REAL_5,terlalu_kecil,2220.234445535921,43,14
7_mp4-0190_jpg.rf.01adc1c4678fe9b8fa4ac4b9e33fff63_1.jpg,valid,FAKE_9,terlalu_kecil,2084.8125147883993,43,16
7_mp4-0190_jpg.rf.01adc1c4678fe9b8fa4ac4b9e33fff63_2.jpg,valid,REAL_3,terlalu_kecil,5873.166084026204,36,14
7_mp4-0190_jpg.rf.01adc1c4678fe9b8fa4ac4b9e33fff63_4.jpg,valid,REAL_5,terlalu_kecil,1125.1481404320987,45,16
7_mp4-0190_jpg.rf.01adc1c4678fe9b8fa4ac4b9e33fff63_5.jpg,valid,REAL_9,terlalu_kecil,888.8939331276048,86,17
7_mp4-0208_jpg.rf.d8b910f7d1faf78de947ee8799f4515d_0.jpg,valid,REAL_14,terlalu_kecil,819.3800674812657,74,23
7_mp4-0211_jpg.rf.705e495f3701b2135668c03560cc1f9a_0.jpg,valid,REAL_14,terlalu_kecil,970.3657386908303,78,21
7_mp4-0249_jpg.rf.c4594edf56b6b9809006a0b1e10167ef_1.jpg,valid,REAL_12,terlalu_kecil,2111.694158379859,99,11
7_mp4-0252_jpg.rf.a70868d6d6411294d575a4e70eac456e_1.jpg,valid,REAL_12,terlalu_kecil,1043.2201947105373,98,14
7_mp4-0256_jpg.rf.79426efab975df931cce4f6208bd5b45_1.jpg,valid,REAL_12,terlalu_kecil,1445.617832245058,97,16
7_mp4-0275_jpg.rf.4a5a3421421c5e4ca9a9b742591bad51_2.jpg,valid,REAL_9,terlalu_kecil,986.1337143417039,105,18
7_mp4-0278_jpg.rf.790ecc563ca4cb0b5c822f3b63b55f95_2.jpg,valid,REAL_9,terlalu_kecil,2673.919566785804,102,18
7_mp4-0292_jpg.rf.aef5c9199358e8842ba5e66eb4ad96f2_1.jpg,valid,REAL_8,terlalu_kecil,5295.603888007419,57,23
8_mp4-0001_jpg.rf.b4b490d48465db123b141319aaf141f8_1.jpg,valid,R1,terlalu_kecil,1937.9234976877442,46,17
8_mp4-0016_jpg.rf.1a095a21b24e0d7e795bfc97ca334655_1.jpg,valid,R1,terlalu_kecil,1078.9374721983752,49,21
8_mp4-0110_jpg.rf.9cf45814f8dadbef55fb1d631c6413d9_2.jpg,valid,R1,terlalu_kecil,1271.132083865029,89,23
8_mp4-0155_jpg.rf.e52f1758cb02cd59ec30f9abdfe43c9f_2.jpg,valid,R1,terlalu_kecil,748.7025172042726,97,16
8_mp4-0173_jpg.rf.7da5db7278733326e507c7d4ac4a40a6_3.jpg,valid,R1,terlalu_kecil,10278.790907456787,62,24
9_mp4-0136_jpg.rf.0ef14a5fdc6b2402a81cc17312b67bed_3.jpg,valid,R1,terlalu_kecil,877.0761871228802,44,17
9_mp4-0136_jpg.rf.0ef14a5fdc6b2402a81cc17312b67bed_4.jpg,valid,FAKE_12,terlalu_kecil,970.4533832644629,32,11
9_mp4-0136_jpg.rf.0ef14a5fdc6b2402a81cc17312b67bed_6.jpg,valid,REAL_11,terlalu_kecil,4078.502028061225,20,14
9_mp4-0149_jpg.rf.c03b47f57163103edc057e3a73349919_3.jpg,valid,R1,terlalu_kecil,2022.8982063609465,26,16
9_mp4-0155_jpg.rf.f2818891ee1cd317a0f0ca0e18cf86cf_3.jpg,valid,R1,terlalu_kecil,472.5963867021878,76,14
9_mp4-0161_jpg.rf.e941286e22aa51717b5762f647779ee4_2.jpg,valid,R1,terlalu_kecil,436.8997299805735,77,23
9_mp4-0161_jpg.rf.e941286e22aa51717b5762f647779ee4_3.jpg,valid,R1,terlalu_kecil,1993.2760348849827,24,16
9_mp4-0183_jpg.rf.83bb41d6c14b88cf6fefa3d995ff1466_4.jpg,valid,R1,terlalu_kecil,4236.190128395062,25,18
9_mp4-0186_jpg.rf.bf2c336b10986b7691017ba1e7d06806_4.jpg,valid,R1,terlalu_kecil,3774.705711478491,27,17
9_mp4-0204_jpg.rf.aaf6f5676a8448a7bfa6d0536e7c6ee7_2.jpg,valid,R1,terlalu_kecil,3888.7855859375,20,16
9_mp4-0270_jpg.rf.73c7ad32aa5079581359d051699d3a29_2.jpg,valid,R1,terlalu_kecil,663.9080070153062,70,16
dataset_2_mp4-0068_jpg.rf.18efd61278b6581e54949fe73fc15b7a_0.jpg,valid,FAKE_5,blur,37.791479656630955,313,289
dataset_2_mp4-0165_jpg.rf.626ec419d20e7b4f87884b20b46f199b_0.jpg,valid,FAKE_10,blur,43.66376063233316,331,260
dataset_2_mp4-0214_jpg.rf.8d0f5a349e691c76c8e3a1273b06d257_0.jpg,valid,REAL_9,blur,31.144493373647745,447,168
dataset_2_mp4-0221_jpg.rf.f63f06c24213c8d8cc49eaed33ad757f_1.jpg,valid,REAL_11,blur,20.949424478318782,291,191
dataset_2_mp4-0221_jpg.rf.f63f06c24213c8d8cc49eaed33ad757f_2.jpg,valid,REAL_9,blur,36.161320111542736,352,65
dataset_2_mp4-0229_jpg.rf.a7615a1177732ae391d429fd0789ee51_0.jpg,valid,REAL_9,blur,32.05233375618223,320,138
dataset_2_mp4-0248_jpg.rf.7413fbc82acbd211892a0c5e23375b8c_0.jpg,valid,REAL_5,blur,44.56464502763325,310,300
dataset_2_mp4-0282_jpg.rf.b76ae95e5d6add249527d96ef88d1750_0.jpg,valid,FAKE_1,blur,40.28761640933973,405,105
dataset_2_mp4-0282_jpg.rf.b76ae95e5d6add249527d96ef88d1750_1.jpg,valid,FAKE_3,blur,24.48098496480635,311,103
dataset_2_mp4-0322_jpg.rf.e3e5c7f586396759a8ff84196b90a43c_0.jpg,valid,FAKE_15,blur,20.92977180462691,341,181
dataset_2_mp4-0328_jpg.rf.6b0dea76d8b5efead1e28f95cbb8a06a_0.jpg,valid,FAKE_9,blur,28.718954445941684,354,334
dataset_2_mp4-0335_jpg.rf.89b5f8b0b977cfd74165276ae59bfdc7_0.jpg,valid,FAKE_9,blur,41.25011615147582,369,356
dataset_2_mp4-0373_jpg.rf.8819f23a41d30c23d56ffbd155d392b0_1.jpg,valid,FAKE_12,terlalu_kecil,8966.219975,25,8
dataset_2_mp4-0398_jpg.rf.030f1eab6d616bf51ceec6e1fc6c46df_0.jpg,valid,REAL_1,blur,49.676555786739776,317,174
dataset_2_mp4-0416_jpg.rf.c98fd7ea4d2827759f9ad39500e152c0_0.jpg,valid,REAL_2,blur,34.00528886255478,402,313
dataset_2_mp4-0448_jpg.rf.52a7b96a98711f7c6cb9d59001aa09dc_0.jpg,valid,FAKE_8,blur,27.642530030528683,474,216
dataset_2_mp4-0457_jpg.rf.8e2cbec46fd0f7a1fc97237b6ba4203e_0.jpg,valid,FAKE_11,blur,28.791158157895943,351,160
dataset_2_mp4-0457_jpg.rf.8e2cbec46fd0f7a1fc97237b6ba4203e_1.jpg,valid,FAKE_8,blur,46.83914149402671,345,70
dataset_2_mp4-0464_jpg.rf.303e4954e11b54c336c034517996ce11_1.jpg,valid,FAKE_12,blur,25.993373658865398,286,95
dataset_2_mp4-0485_jpg.rf.1018d0ac4a95dc90209056cf6b166c2c_0.jpg,valid,FAKE_2,blur,35.586944073238946,404,177
dataset_2_mp4-0497_jpg.rf.9afb280ecd097f6802693355c72b29f3_0.jpg,valid,FAKE_6,blur,16.528094204903795,318,310
dataset_2_mp4-0508_jpg.rf.1583a52a1d3b284dc74de14897343657_0.jpg,valid,FAKE_6,blur,46.43065325645106,376,359
dataset_2_mp4-0527_jpg.rf.d935d33bfda5787acea3f738428e88a4_0.jpg,valid,FAKE_14,blur,40.416522197538065,312,136
dataset_2_mp4-0560_jpg.rf.be693b32c587879fd5a2c8e897bc6a6e_0.jpg,valid,FAKE_5,terlalu_kecil,1675.1202485380118,38,6
dataset_2_mp4-0631_jpg.rf.52dc00ef3121b1ba10d4309d9202fdcb_0.jpg,valid,REAL_8,blur,28.70316064857125,461,126
dataset_2_mp4-0659_jpg.rf.98954dcab7773c4ad035a7d3df2d1482_1.jpg,valid,REAL_7,blur,43.8703607266666,226,114
dataset_2_mp4-0698_jpg.rf.ba65a4aeea18cfe7011ff7adfbb974e7_0.jpg,valid,REAL_10,blur,28.28084861648685,372,206
dataset_2_mp4-0698_jpg.rf.ba65a4aeea18cfe7011ff7adfbb974e7_1.jpg,valid,REAL_4,blur,20.756530147296832,308,93
dataset_2_mp4-0708_jpg.rf.53d071cf58f40b3c2bc18728ac2d329c_0.jpg,valid,REAL_4,blur,44.20988051880904,433,229
dataset_2_mp4-0719_jpg.rf.2f711a05ab31e73ad0406f9c80285cd7_0.jpg,valid,REAL_5,blur,44.549215014240744,418,152
dataset_2_mp4-0764_jpg.rf.3e2cafbebfafa31cf9aabac14a0dff6a_0.jpg,valid,REAL_12,blur,40.02200402248469,366,138
dataset_2_mp4-0764_jpg.rf.3e2cafbebfafa31cf9aabac14a0dff6a_1.jpg,valid,REAL_15,blur,29.14240114779966,297,76
dataset_2_mp4-0769_jpg.rf.e7fd3e5aa00e7bb7c4d6488106b47546_0.jpg,valid,REAL_12,blur,34.617214716863245,416,197
dataset_2_mp4-0809_jpg.rf.247ae20e6320b5329d16e00ff692f3af_0.jpg,valid,REAL_8,blur,23.119056857510067,365,314
dataset_2_mp4-0831_jpg.rf.58ca3dcd8db80fc3c20f6ebe9f8bc2b8_0.jpg,valid,REAL_3,blur,34.4910722027906,414,181
dataset_2_mp4-0833_jpg.rf.66d60407c108b81105a902912c5125bb_0.jpg,valid,REAL_3,blur,35.72603548894324,423,179
dataset_2_mp4-0836_jpg.rf.11fc8d09d735e49ec3d4ecfc0b4979a6_0.jpg,valid,REAL_3,blur,47.24398517758089,272,133
dataset_2_mp4-0838_jpg.rf.6d3b8880b59a55ede2c044a5480ff3d2_0.jpg,valid,REAL_1,blur,16.611585006535066,387,160
dataset_2_mp4-0863_jpg.rf.c14dc8f59c407a0388e97ffa6b9c81b4_0.jpg,valid,REAL_13,blur,33.93355665314808,444,200
dataset_2_mp4-0868_jpg.rf.97a0769e2294511c70877d4b6f6d790a_0.jpg,valid,REAL_3,blur,44.86343695278959,355,162
dataset_2_mp4-0877_jpg.rf.7b04cd78dc7c2dc4391e4379ce285455_0.jpg,valid,REAL_3,blur,40.816272499470756,386,178
dataset_2_mp4-0882_jpg.rf.510093772bba4e5173e7bc7ee637e567_0.jpg,valid,REAL_11,blur,26.9299901880663,354,259
FAKE_MERAH2_mp4-0001_jpg.rf.361b1e9f89773cc31879cf288c23ba29_1.jpg,valid,FAKE_5,terlalu_kecil,9666.344089960365,28,22
FAKE_MERAH2_mp4-0028_jpg.rf.71086ce4893791378f317bb82d79987e_2.jpg,valid,FAKE_7,terlalu_kecil,3321.892570699303,102,12
FAKE_MERAH2_mp4-0034_jpg.rf.5bbab5ee01dd148cbd1a7fad75cc49ec_0.jpg,valid,FAKE_7,terlalu_kecil,3461.793062378862,106,15
FAKE_MERAH2_mp4-0062_jpg.rf.ab32a9f3254f705de6e03045e28dc94e_2.jpg,valid,FAKE_14,terlalu_kecil,1199.7870340229554,96,12
FAKE_MERAH2_mp4-0100_jpg.rf.c1879858949e5deefc0064241921dc00_2.jpg,valid,FAKE_13,terlalu_kecil,609.4970667121381,118,23
FAKE_MERAH2_mp4-0120_jpg.rf.7e5811e50a337a16cd10f23b1df04303_2.jpg,valid,FAKE_7,terlalu_kecil,632.0143170718661,116,17
FAKE_MERAH2_mp4-0120_jpg.rf.7e5811e50a337a16cd10f23b1df04303_3.jpg,valid,REAL_15,terlalu_kecil,466.21851080246915,54,20
FAKE_MERAH2_mp4-0125_jpg.rf.de190e77164548c8d1dcfa7422589c9a_1.jpg,valid,FAKE_7,terlalu_kecil,3440.491869912426,115,14
FAKE_MERAH2_mp4-0125_jpg.rf.de190e77164548c8d1dcfa7422589c9a_3.jpg,valid,FAKE_15,terlalu_kecil,2209.1957891894003,49,16
FAKE_MERAH2_mp4-0130_jpg.rf.750ba3d92283640afb560bc2b117d498_2.jpg,valid,FAKE_7,terlalu_kecil,4726.495971068021,114,10
FAKE_MERAH2_mp4-0130_jpg.rf.750ba3d92283640afb560bc2b117d498_3.jpg,valid,FAKE_15,terlalu_kecil,9376.292769376181,46,16
FAKE_MERAH2_mp4-0130_jpg.rf.750ba3d92283640afb560bc2b117d498_4.jpg,valid,FAKE_10,terlalu_kecil,2386.2729656683714,37,10
FAKE_MERAH2_mp4-0137_jpg.rf.6992cbcdd133523801143e0c1b765840_2.jpg,valid,FAKE_15,terlalu_kecil,9362.63934753072,46,16
FAKE_MERAH2_mp4-0137_jpg.rf.6992cbcdd133523801143e0c1b765840_3.jpg,valid,R1,terlalu_kecil,1223.5017300808806,37,21
FAKE_MERAH2_mp4-0137_jpg.rf.6992cbcdd133523801143e0c1b765840_4.jpg,valid,REAL_3,terlalu_kecil,5520.040102023319,54,16
FAKE_MERAH2_mp4-0137_jpg.rf.6992cbcdd133523801143e0c1b765840_5.jpg,valid,R1,terlalu_kecil,3560.4683412604045,58,16
FAKE_MERAH2_mp4-0137_jpg.rf.6992cbcdd133523801143e0c1b765840_6.jpg,valid,REAL_4,terlalu_kecil,6109.7356151496415,55,21
FAKE_MERAH2_mp4-0149_jpg.rf.92ed98cdfd67f438d2d63929d3d1fbbc_2.jpg,valid,R1,terlalu_kecil,1409.3629160335488,43,21
FAKE_MERAH2_mp4-0149_jpg.rf.92ed98cdfd67f438d2d63929d3d1fbbc_3.jpg,valid,FAKE_15,terlalu_kecil,3240.0186526549614,45,17
FAKE_MERAH2_mp4-0149_jpg.rf.92ed98cdfd67f438d2d63929d3d1fbbc_4.jpg,valid,R1,terlalu_kecil,550.210999032037,53,22
FAKE_MERAH2_mp4-0149_jpg.rf.92ed98cdfd67f438d2d63929d3d1fbbc_5.jpg,valid,R1,terlalu_kecil,409.70773942595673,54,17
FAKE_MERAH2_mp4-0149_jpg.rf.92ed98cdfd67f438d2d63929d3d1fbbc_6.jpg,valid,REAL_3,terlalu_kecil,906.8923437499999,48,15
FAKE_MERAH2_mp4-0149_jpg.rf.92ed98cdfd67f438d2d63929d3d1fbbc_7.jpg,valid,REAL_4,terlalu_kecil,796.1405555555557,48,15
FAKE_MERAH2_mp4-0154_jpg.rf.d14b15b1c27f351a766c8e3f6818d3cf_3.jpg,valid,FAKE_15,terlalu_kecil,2555.8414665654986,46,17
FAKE_MERAH2_mp4-0154_jpg.rf.d14b15b1c27f351a766c8e3f6818d3cf_4.jpg,valid,R1,terlalu_kecil,1231.7393770024921,53,20
FAKE_MERAH2_mp4-0154_jpg.rf.d14b15b1c27f351a766c8e3f6818d3cf_5.jpg,valid,FAKE_12,terlalu_kecil,9291.82589296133,46,18
FAKE_MERAH2_mp4-0154_jpg.rf.d14b15b1c27f351a766c8e3f6818d3cf_6.jpg,valid,R1,terlalu_kecil,4851.15050974419,43,21
FAKE_MERAH2_mp4-0154_jpg.rf.d14b15b1c27f351a766c8e3f6818d3cf_7.jpg,valid,REAL_3,terlalu_kecil,1884.039036817883,48,13
FAKE_MERAH2_mp4-0154_jpg.rf.d14b15b1c27f351a766c8e3f6818d3cf_8.jpg,valid,R1,terlalu_kecil,11002.508503213958,30,22
FAKE_MERAH2_mp4-0154_jpg.rf.d14b15b1c27f351a766c8e3f6818d3cf_9.jpg,valid,REAL_9,terlalu_kecil,1692.8240091980228,29,11
FAKE_MERAH2_mp4-0154_jpg.rf.d14b15b1c27f351a766c8e3f6818d3cf_10.jpg,valid,FAKE_2,terlalu_kecil,1203.4611122949075,38,13
FAKE_MERAH2_mp4-0154_jpg.rf.d14b15b1c27f351a766c8e3f6818d3cf_11.jpg,valid,REAL_4,terlalu_kecil,6592.556860207101,52,16
FAKE_MERAH2_mp4-0154_jpg.rf.d14b15b1c27f351a766c8e3f6818d3cf_12.jpg,valid,R1,terlalu_kecil,722.1013241898736,52,19
FAKE_MERAH2_mp4-0154_jpg.rf.d14b15b1c27f351a766c8e3f6818d3cf_19.jpg,valid,R1,terlalu_kecil,1295.5017927166493,46,11
FAKE_MERAH2_mp4-0161_jpg.rf.5abb13040b00dc7cdb5f7fb75973ee97_2.jpg,valid,REAL_10,terlalu_kecil,3671.138507231405,40,22
FAKE_MERAH2_mp4-0161_jpg.rf.5abb13040b00dc7cdb5f7fb75973ee97_4.jpg,valid,FAKE_15,terlalu_kecil,6741.089361362316,46,19
FAKE_MERAH2_mp4-0161_jpg.rf.5abb13040b00dc7cdb5f7fb75973ee97_5.jpg,valid,R1,terlalu_kecil,3855.854157808957,42,24
FAKE_MERAH2_mp4-0161_jpg.rf.5abb13040b00dc7cdb5f7fb75973ee97_6.jpg,valid,FAKE_12,terlalu_kecil,1484.3967567702825,44,17
FAKE_MERAH2_mp4-0161_jpg.rf.5abb13040b00dc7cdb5f7fb75973ee97_7.jpg,valid,R1,terlalu_kecil,1161.970074425316,51,18
FAKE_MERAH2_mp4-0161_jpg.rf.5abb13040b00dc7cdb5f7fb75973ee97_8.jpg,valid,REAL_3,terlalu_kecil,5599.140069827553,46,14
FAKE_MERAH2_mp4-0161_jpg.rf.5abb13040b00dc7cdb5f7fb75973ee97_9.jpg,valid,R1,terlalu_kecil,723.0788476894413,52,17
FAKE_MERAH2_mp4-0161_jpg.rf.5abb13040b00dc7cdb5f7fb75973ee97_10.jpg,valid,R1,terlalu_kecil,8385.068909323449,29,23
FAKE_MERAH2_mp4-0161_jpg.rf.5abb13040b00dc7cdb5f7fb75973ee97_11.jpg,valid,FAKE_2,terlalu_kecil,1919.2622684310018,46,10
FAKE_MERAH2_mp4-0161_jpg.rf.5abb13040b00dc7cdb5f7fb75973ee97_12.jpg,valid,REAL_4,terlalu_kecil,1733.8182781298726,47,12
FAKE_MERAH2_mp4-0185_jpg.rf.c6c09b03e0f7f8c46cdd3d36d625d0d1_1.jpg,valid,REAL_10,terlalu_kecil,857.0204052457467,40,23
FAKE_MERAH2_mp4-0185_jpg.rf.c6c09b03e0f7f8c46cdd3d36d625d0d1_2.jpg,valid,FAKE_12,terlalu_kecil,3381.2027449608036,43,17
FAKE_MERAH2_mp4-0185_jpg.rf.c6c09b03e0f7f8c46cdd3d36d625d0d1_3.jpg,valid,REAL_3,terlalu_kecil,905.948561573663,55,22
FAKE_MERAH2_mp4-0185_jpg.rf.c6c09b03e0f7f8c46cdd3d36d625d0d1_7.jpg,valid,R1,terlalu_kecil,2106.5841069674057,51,15
FAKE_MERAH2_mp4-0185_jpg.rf.c6c09b03e0f7f8c46cdd3d36d625d0d1_9.jpg,valid,REAL_4,terlalu_kecil,805.1203987792308,54,13
FAKE_MERAH2_mp4-0185_jpg.rf.c6c09b03e0f7f8c46cdd3d36d625d0d1_10.jpg,valid,R1,terlalu_kecil,4233.327253784623,44,23
FAKE_MERAH2_mp4-0229_jpg.rf.f97c9773eccbe3514978873952e0159d_1.jpg,valid,FAKE_14,terlalu_kecil,2662.430844930315,98,22
FAKE_MERAH2_mp4-0299_jpg.rf.b31e63d58eb10a277b5cd1bd35188304_2.jpg,valid,FAKE_7,terlalu_kecil,1483.0796001981798,113,24
FAKE_MERAH3_mp4-0001_jpg.rf.017ef5a9427e2590ba460e7ede021dc5_1.jpg,valid,FAKE_6,terlalu_kecil,3554.5691255668935,28,18
FAKE_MERAH3_mp4-0007_jpg.rf.cf7c9ecee2c77b074ad60cc80487115e_1.jpg,valid,FAKE_6,terlalu_kecil,11018.055599173553,33,20
FAKE_MERAH3_mp4-0030_jpg.rf.fbb183c1b6bf71c69627d2adb8b7feba_2.jpg,valid,FAKE_11,terlalu_kecil,834.4477471905899,139,14
FAKE_MERAH3_mp4-0061_jpg.rf.7c4f948926f0b94c9cc152e076d408f1_1.jpg,valid,FAKE_12,terlalu_kecil,3059.3146739130434,115,16
FAKE_MERAH3_mp4-0081_jpg.rf.aa57e3fa5a80d1c8b89fe7387a589272_1.jpg,valid,FAKE_6,terlalu_kecil,1953.6986759290694,59,22
FAKE_MERAH3_mp4-0084_jpg.rf.fc7860761012c17d2e4927d93d4860fd_1.jpg,valid,FAKE_6,terlalu_kecil,5355.53623379782,58,22
FAKE_MERAH3_mp4-0087_jpg.rf.ab24da0b96cc04b57954d2c876f60012_1.jpg,valid,FAKE_6,terlalu_kecil,4028.836221636973,58,22
FAKE_MERAH3_mp4-0100_jpg.rf.6c128a9a902a2eb8c6a532f650b1e25d_2.jpg,valid,FAKE_8,terlalu_kecil,4941.458840989473,109,14
FAKE_MERAH3_mp4-0112_jpg.rf.201f967da13bc2ab6b122cfe68a0d815_2.jpg,valid,FAKE_8,terlalu_kecil,1555.2345484969687,117,24
FAKE_MERAH3_mp4-0128_jpg.rf.7ac8e8c76d64b00acc0f9502682f7f22_0.jpg,valid,REAL_10,terlalu_kecil,1203.23512267562,55,16
FAKE_MERAH3_mp4-0128_jpg.rf.7ac8e8c76d64b00acc0f9502682f7f22_1.jpg,valid,FAKE_11,terlalu_kecil,1825.0119192630304,112,19
FAKE_MERAH3_mp4-0128_jpg.rf.7ac8e8c76d64b00acc0f9502682f7f22_3.jpg,valid,REAL_6,terlalu_kecil,1535.2849915358572,57,24
FAKE_MERAH3_mp4-0138_jpg.rf.b23e63ac102e4db853d8c95d2121d65c_0.jpg,valid,REAL_10,terlalu_kecil,1416.5885150903841,53,18
FAKE_MERAH3_mp4-0138_jpg.rf.b23e63ac102e4db853d8c95d2121d65c_3.jpg,valid,REAL_6,terlalu_kecil,1973.840979316816,58,21
FAKE_MERAH3_mp4-0138_jpg.rf.b23e63ac102e4db853d8c95d2121d65c_4.jpg,valid,FAKE_11,terlalu_kecil,1555.9073461415817,112,10
FAKE_MERAH3_mp4-0138_jpg.rf.b23e63ac102e4db853d8c95d2121d65c_5.jpg,valid,R1,terlalu_kecil,2294.3577088600537,41,16
FAKE_MERAH3_mp4-0154_jpg.rf.084f27bcfb18af5ce2326e5b5b59bbd9_0.jpg,valid,REAL_10,terlalu_kecil,1545.009264611616,44,19
FAKE_MERAH3_mp4-0154_jpg.rf.084f27bcfb18af5ce2326e5b5b59bbd9_3.jpg,valid,REAL_3,terlalu_kecil,6830.765811236563,31,19
FAKE_MERAH3_mp4-0154_jpg.rf.084f27bcfb18af5ce2326e5b5b59bbd9_4.jpg,valid,R1,terlalu_kecil,1442.3801529726472,64,21
FAKE_MERAH3_mp4-0154_jpg.rf.084f27bcfb18af5ce2326e5b5b59bbd9_5.jpg,valid,R1,terlalu_kecil,7772.956527563444,24,18
FAKE_MERAH3_mp4-0154_jpg.rf.084f27bcfb18af5ce2326e5b5b59bbd9_6.jpg,valid,FAKE_6,terlalu_kecil,8727.457777028167,55,14
FAKE_MERAH3_mp4-0154_jpg.rf.084f27bcfb18af5ce2326e5b5b59bbd9_7.jpg,valid,R1,terlalu_kecil,669.8899691358025,60,15
FAKE_MERAH3_mp4-0162_jpg.rf.59a9e479bf31c05e156e9d95f109bfab_2.jpg,valid,R1,terlalu_kecil,6326.834480728566,24,17
FAKE_MERAH3_mp4-0162_jpg.rf.59a9e479bf31c05e156e9d95f109bfab_3.jpg,valid,REAL_3,terlalu_kecil,6566.649421626248,31,19
FAKE_MERAH3_mp4-0162_jpg.rf.59a9e479bf31c05e156e9d95f109bfab_4.jpg,valid,R1,terlalu_kecil,4999.048961776859,60,22
FAKE_MERAH3_mp4-0162_jpg.rf.59a9e479bf31c05e156e9d95f109bfab_5.jpg,valid,R1,terlalu_kecil,631.797417355372,55,16
FAKE_MERAH3_mp4-0162_jpg.rf.59a9e479bf31c05e156e9d95f109bfab_6.jpg,valid,FAKE_2,terlalu_kecil,570.0097888815837,117,13
FAKE_MERAH3_mp4-0162_jpg.rf.59a9e479bf31c05e156e9d95f109bfab_7.jpg,valid,R1,terlalu_kecil,815.0106172839506,40,9
FAKE_MERAH3_mp4-0173_jpg.rf.40ec4f6dd06ff84d91cd71f7c6d1d6cc_1.jpg,valid,FAKE_2,terlalu_kecil,440.00568739892657,119,22
FAKE_MERAH3_mp4-0173_jpg.rf.40ec4f6dd06ff84d91cd71f7c6d1d6cc_3.jpg,valid,REAL_10,terlalu_kecil,769.9073542533081,50,23
FAKE_MERAH3_mp4-0173_jpg.rf.40ec4f6dd06ff84d91cd71f7c6d1d6cc_4.jpg,valid,REAL_3,terlalu_kecil,915.6001951092612,31,20
FAKE_MERAH3_mp4-0173_jpg.rf.40ec4f6dd06ff84d91cd71f7c6d1d6cc_5.jpg,valid,R1,terlalu_kecil,373.6170391512205,53,17
FAKE_MERAH3_mp4-0173_jpg.rf.40ec4f6dd06ff84d91cd71f7c6d1d6cc_6.jpg,valid,R1,terlalu_kecil,1156.947476037948,52,22
FAKE_MERAH3_mp4-0173_jpg.rf.40ec4f6dd06ff84d91cd71f7c6d1d6cc_7.jpg,valid,R1,terlalu_kecil,3712.4262333201214,29,15
FAKE_MERAH3_mp4-0173_jpg.rf.40ec4f6dd06ff84d91cd71f7c6d1d6cc_8.jpg,valid,R1,terlalu_kecil,294.88186596952835,42,11
FAKE_MERAH3_mp4-0189_jpg.rf.18e77839ee5963a417934479bb369b96_3.jpg,valid,R1,terlalu_kecil,725.6174577979341,42,15
FAKE_MERAH3_mp4-0189_jpg.rf.18e77839ee5963a417934479bb369b96_4.jpg,valid,FAKE_8,terlalu_kecil,4973.631255887459,123,23
FAKE_MERAH3_mp4-0189_jpg.rf.18e77839ee5963a417934479bb369b96_5.jpg,valid,R1,terlalu_kecil,1442.2410795884475,58,22
FAKE_MERAH3_mp4-0189_jpg.rf.18e77839ee5963a417934479bb369b96_6.jpg,valid,R1,terlalu_kecil,4162.0285129174545,46,18
FAKE_MERAH3_mp4-0189_jpg.rf.18e77839ee5963a417934479bb369b96_7.jpg,valid,REAL_3,terlalu_kecil,2337.8531808026996,44,23
FAKE_MERAH3_mp4-0189_jpg.rf.18e77839ee5963a417934479bb369b96_8.jpg,valid,R1,terlalu_kecil,3527.881569560048,29,15
FAKE_MERAH3_mp4-0189_jpg.rf.18e77839ee5963a417934479bb369b96_9.jpg,valid,REAL_6,terlalu_kecil,1014.8088013501867,59,8
FAKE_MERAH3_mp4-0194_jpg.rf.b86152eebc31653eac486607e733b522_1.jpg,valid,FAKE_8,terlalu_kecil,1245.9824854218887,122,19
FAKE_MERAH3_mp4-0194_jpg.rf.b86152eebc31653eac486607e733b522_4.jpg,valid,REAL_3,terlalu_kecil,4465.284757195534,48,22
FAKE_MERAH3_mp4-0194_jpg.rf.b86152eebc31653eac486607e733b522_6.jpg,valid,R1,terlalu_kecil,4038.799487960761,58,20
FAKE_MERAH3_mp4-0194_jpg.rf.b86152eebc31653eac486607e733b522_7.jpg,valid,R1,terlalu_kecil,2319.1457630581986,41,19
FAKE_MERAH3_mp4-0194_jpg.rf.b86152eebc31653eac486607e733b522_8.jpg,valid,R1,terlalu_kecil,3979.0327852930973,31,15
FAKE_MERAH3_mp4-0199_jpg.rf.692fbc944d10a5ed04553b7ad8c0362f_2.jpg,valid,FAKE_8,terlalu_kecil,2158.9982968002014,126,15
FAKE_MERAH3_mp4-0199_jpg.rf.692fbc944d10a5ed04553b7ad8c0362f_3.jpg,valid,R1,terlalu_kecil,4317.103587480711,60,24
FAKE_MERAH3_mp4-0199_jpg.rf.692fbc944d10a5ed04553b7ad8c0362f_4.jpg,valid,R1,terlalu_kecil,2774.9267863616155,45,19
FAKE_MERAH3_mp4-0199_jpg.rf.692fbc944d10a5ed04553b7ad8c0362f_5.jpg,valid,REAL_4,terlalu_kecil,2949.5172542686264,37,16
FAKE_MERAH3_mp4-0203_jpg.rf.d81944a64f7747bbf765c80ad76c9b5b_2.jpg,valid,R1,terlalu_kecil,419.27226141111095,61,22
FAKE_MERAH3_mp4-0203_jpg.rf.d81944a64f7747bbf765c80ad76c9b5b_3.jpg,valid,R1,terlalu_kecil,834.2329358051761,42,22
FAKE_MERAH3_mp4-0203_jpg.rf.d81944a64f7747bbf765c80ad76c9b5b_4.jpg,valid,R1,terlalu_kecil,5706.190952380953,35,12
FAKE_MERAH3_mp4-0260_jpg.rf.393982824d5f0bf353b593c2933944d5_0.jpg,valid,FAKE_2,terlalu_kecil,4859.655347686854,124,22
FAKE_MERAH3_mp4-0267_jpg.rf.698b3c060adac011259d50b7f66622e4_2.jpg,valid,FAKE_2,terlalu_kecil,595.7359887058824,125,17
FAKE_MERAH3_mp4-0297_jpg.rf.15f1a9c90387ebc93f229d2749de6eac_2.jpg,valid,FAKE_11,terlalu_kecil,1294.7617827778215,148,17
FAKE_MERAH_mp4-0029_jpg.rf.ef4464c629381e33576aa886a5c4681b_1.jpg,valid,FAKE_9,terlalu_kecil,3160.015588610543,67,22
FAKE_MERAH_mp4-0031_jpg.rf.ced1ca5f393600b35f68ed5b80d5484d_1.jpg,valid,FAKE_9,terlalu_kecil,3367.9027387130363,64,22
FAKE_MERAH_mp4-0038_jpg.rf.521cf28280f48211b73369476bd09f50_1.jpg,valid,FAKE_9,terlalu_kecil,2170.7260932604254,62,19
FAKE_MERAH_mp4-0044_jpg.rf.508f890cb149796b08cf5ebc63c57355_1.jpg,valid,FAKE_9,terlalu_kecil,1676.881336597069,57,19
FAKE_MERAH_mp4-0059_jpg.rf.6a65e449791454df9008152669060b13_2.jpg,valid,FAKE_1,terlalu_kecil,2749.7271040647665,126,22
FAKE_MERAH_mp4-0082_jpg.rf.9d1eba12973f766a87844f0a27295d29_1.jpg,valid,FAKE_3,terlalu_kecil,2186.9252295413075,121,14
FAKE_MERAH_mp4-0133_jpg.rf.df3542f6b5c79bf2ba85c04e88780886_0.jpg,valid,FAKE_1,terlalu_kecil,1237.2604300567107,100,23
FAKE_MERAH_mp4-0137_jpg.rf.b2e2651bb2c0b151347788ba9957f755_2.jpg,valid,FAKE_1,terlalu_kecil,5827.898903890275,97,19
FAKE_MERAH_mp4-0158_jpg.rf.a8d5dff7875fe61f2f0c1810c6158ec8_1.jpg,valid,FAKE_9,terlalu_kecil,7471.7495159421105,56,19
FAKE_MERAH_mp4-0158_jpg.rf.a8d5dff7875fe61f2f0c1810c6158ec8_2.jpg,valid,FAKE_12,terlalu_kecil,8095.3488970939125,43,17
FAKE_MERAH_mp4-0158_jpg.rf.a8d5dff7875fe61f2f0c1810c6158ec8_3.jpg,valid,R1,terlalu_kecil,1858.7226382222223,50,15
FAKE_MERAH_mp4-0158_jpg.rf.a8d5dff7875fe61f2f0c1810c6158ec8_4.jpg,valid,REAL_9,terlalu_kecil,4877.529969135802,40,9
FAKE_MERAH_mp4-0158_jpg.rf.a8d5dff7875fe61f2f0c1810c6158ec8_5.jpg,valid,REAL_10,terlalu_kecil,6398.386779778394,38,20
FAKE_MERAH_mp4-0158_jpg.rf.a8d5dff7875fe61f2f0c1810c6158ec8_6.jpg,valid,FAKE_14,terlalu_kecil,1401.6652377463886,38,11
FAKE_MERAH_mp4-0158_jpg.rf.a8d5dff7875fe61f2f0c1810c6158ec8_7.jpg,valid,FAKE_2,terlalu_kecil,4136.331203155819,45,13
FAKE_MERAH_mp4-0158_jpg.rf.a8d5dff7875fe61f2f0c1810c6158ec8_9.jpg,valid,R1,terlalu_kecil,5667.05944598338,38,20
FAKE_MERAH_mp4-0158_jpg.rf.a8d5dff7875fe61f2f0c1810c6158ec8_10.jpg,valid,FAKE_7,terlalu_kecil,1843.7867881944444,45,16
FAKE_MERAH_mp4-0158_jpg.rf.a8d5dff7875fe61f2f0c1810c6158ec8_11.jpg,valid,FAKE_11,terlalu_kecil,2676.9288888888887,21,10
FAKE_MERAH_mp4-0158_jpg.rf.a8d5dff7875fe61f2f0c1810c6158ec8_12.jpg,valid,FAKE_1,terlalu_kecil,4075.7114876033056,11,10
FAKE_MERAH_mp4-0169_jpg.rf.fdcd26f52998fc9ce15c9d501ddee505_1.jpg,valid,FAKE_9,terlalu_kecil,7224.206534234064,56,18
FAKE_MERAH_mp4-0169_jpg.rf.fdcd26f52998fc9ce15c9d501ddee505_2.jpg,valid,FAKE_12,terlalu_kecil,1085.9286859570198,41,16
FAKE_MERAH_mp4-0169_jpg.rf.fdcd26f52998fc9ce15c9d501ddee505_3.jpg,valid,R1,terlalu_kecil,2059.5367848462643,46,14
FAKE_MERAH_mp4-0169_jpg.rf.fdcd26f52998fc9ce15c9d501ddee505_4.jpg,valid,REAL_10,terlalu_kecil,2445.727129854712,35,19
FAKE_MERAH_mp4-0169_jpg.rf.fdcd26f52998fc9ce15c9d501ddee505_5.jpg,valid,R1,terlalu_kecil,3013.4013860192836,36,22
FAKE_MERAH_mp4-0169_jpg.rf.fdcd26f52998fc9ce15c9d501ddee505_6.jpg,valid,FAKE_7,terlalu_kecil,771.7110380622837,40,17
FAKE_MERAH_mp4-0184_jpg.rf.a5d3a20e66af5d84819b90b702be7a73_0.jpg,valid,FAKE_9,terlalu_kecil,7480.859072356215,55,21
FAKE_MERAH_mp4-0184_jpg.rf.a5d3a20e66af5d84819b90b702be7a73_2.jpg,valid,REAL_10,terlalu_kecil,1116.5693838721736,34,19
FAKE_MERAH_mp4-0184_jpg.rf.a5d3a20e66af5d84819b90b702be7a73_3.jpg,valid,FAKE_4,terlalu_kecil,5598.30689380787,108,16
FAKE_MERAH_mp4-0184_jpg.rf.a5d3a20e66af5d84819b90b702be7a73_4.jpg,valid,FAKE_7,terlalu_kecil,2097.6466741056497,41,13
FAKE_MERAH_mp4-0184_jpg.rf.a5d3a20e66af5d84819b90b702be7a73_5.jpg,valid,FAKE_12,terlalu_kecil,1391.166405047707,38,15
FAKE_MERAH_mp4-0184_jpg.rf.a5d3a20e66af5d84819b90b702be7a73_6.jpg,valid,R1,terlalu_kecil,4267.936394305269,22,16
FAKE_MERAH_mp4-0189_jpg.rf.9339f6cc65830444ca0b2ffaae3efe52_0.jpg,valid,FAKE_7,terlalu_kecil,7643.761974826389,40,12
FAKE_MERAH_mp4-0189_jpg.rf.9339f6cc65830444ca0b2ffaae3efe52_1.jpg,valid,FAKE_9,terlalu_kecil,7866.556336156601,53,24
FAKE_MERAH_mp4-0189_jpg.rf.9339f6cc65830444ca0b2ffaae3efe52_4.jpg,valid,REAL_10,terlalu_kecil,6519.27097755102,35,20
FAKE_MERAH_mp4-0189_jpg.rf.9339f6cc65830444ca0b2ffaae3efe52_5.jpg,valid,FAKE_4,terlalu_kecil,1528.3052247320163,108,19
FAKE_MERAH_mp4-0189_jpg.rf.9339f6cc65830444ca0b2ffaae3efe52_6.jpg,valid,FAKE_12,terlalu_kecil,1899.3102219704535,37,14
FAKE_MERAH_mp4-0189_jpg.rf.9339f6cc65830444ca0b2ffaae3efe52_7.jpg,valid,R1,terlalu_kecil,5673.151195560172,24,19
FAKE_MERAH_mp4-0194_jpg.rf.d5c4ed913402a77a6f7af76c30d2edf1_0.jpg,valid,FAKE_7,terlalu_kecil,1216.906994743168,41,14
FAKE_MERAH_mp4-0194_jpg.rf.d5c4ed913402a77a6f7af76c30d2edf1_3.jpg,valid,REAL_10,terlalu_kecil,925.1119649505894,36,21
FAKE_MERAH_mp4-0194_jpg.rf.d5c4ed913402a77a6f7af76c30d2edf1_4.jpg,valid,FAKE_4,terlalu_kecil,3877.8273760023494,116,22
FAKE_MERAH_mp4-0194_jpg.rf.d5c4ed913402a77a6f7af76c30d2edf1_6.jpg,valid,FAKE_12,terlalu_kecil,3359.167284681131,39,15
FAKE_MERAH_mp4-0194_jpg.rf.d5c4ed913402a77a6f7af76c30d2edf1_7.jpg,valid,R1,terlalu_kecil,926.2697000368776,34,21
FAKE_MERAH_mp4-0194_jpg.rf.d5c4ed913402a77a6f7af76c30d2edf1_8.jpg,valid,R1,terlalu_kecil,3689.2924375009325,37,14
FAKE_MERAH_mp4-0203_jpg.rf.db19e54ee91dc20863d0d11a5db90daa_2.jpg,valid,FAKE_15,terlalu_kecil,3149.1196597633134,104,20
FAKE_MERAH_mp4-0203_jpg.rf.db19e54ee91dc20863d0d11a5db90daa_3.jpg,valid,FAKE_12,terlalu_kecil,1128.6080412557178,42,17
FAKE_MERAH_mp4-0203_jpg.rf.db19e54ee91dc20863d0d11a5db90daa_4.jpg,valid,REAL_10,terlalu_kecil,2282.352244136028,37,21
FAKE_MERAH_mp4-0203_jpg.rf.db19e54ee91dc20863d0d11a5db90daa_5.jpg,valid,R1,terlalu_kecil,899.9199333610994,49,10
FAKE_MERAH_mp4-0203_jpg.rf.db19e54ee91dc20863d0d11a5db90daa_8.jpg,valid,FAKE_7,terlalu_kecil,912.5245078423526,42,17
FAKE_MERAH_mp4-0244_jpg.rf.8131754197d09a9b20fed7ca15794463_2.jpg,valid,FAKE_3,terlalu_kecil,853.9655009451795,115,16
FAKE_MERAH_mp4-0252_jpg.rf.598f2320866a5512475160600a44dfd3_2.jpg,valid,FAKE_3,terlalu_kecil,1286.8438747399787,110,21
FAKE_MERAH_mp4-0264_jpg.rf.8a654d759849cae25db7ae516ad26025_2.jpg,valid,FAKE_4,terlalu_kecil,1387.5614460062282,109,20
FAKE_MERAH_mp4-0269_jpg.rf.81f32428e2327a385581c33bedf6ffe1_0.jpg,valid,FAKE_4,terlalu_kecil,551.8591654470789,113,16
FAKE_MERAH_mp4-0274_jpg.rf.205b57791422ceff17e5464d835a67de_2.jpg,valid,FAKE_4,terlalu_kecil,1530.2360442937409,113,11
FAKE_MERAH_mp4-0277_jpg.rf.e90aa6ac16f3b88e63deaa67f896f1b8_0.jpg,valid,FAKE_9,terlalu_kecil,3681.312801663325,67,24
FAKE_MERAH_mp4-0291_jpg.rf.cc64d277d4cccf4f0f5108c5286b2f04_1.jpg,valid,FAKE_9,terlalu_kecil,3798.615819842509,71,23
IMG_9372_MOV-0232_jpg.rf.7c4149319f36a4f0766e3a38d28a8cce_6.jpg,valid,REAL_1,terlalu_kecil,776.3520372786209,77,21
IMG_9376_MOV-0233_jpg.rf.1399fa3b3776e08de858182575de2af9_1.jpg,valid,REAL_8,terlalu_kecil,915.8828734950279,52,24
IMG_9376_MOV-0238_jpg.rf.52773321229fdf7e206e08eef5775799_1.jpg,valid,REAL_8,terlalu_kecil,1687.811558547976,54,23
IMG_9379_MOV-0302_jpg.rf.c6e9c9f9785db3228b6eb3010662f8fe_0.jpg,valid,REAL_9,blur,38.867623899953685,127,85
IMG_9380_MOV-0156_jpg.rf.ed9786becc04492040cf0787ccbe9121_0.jpg,valid,REAL_7,blur,44.639057587096616,105,89
IMG_9383_MOV-0222_jpg.rf.096a23262854aff9ca93cd31180ad012_1.jpg,valid,REAL_5,blur,44.377307942708335,75,64
WhatsApp-Video-2025-09-30-at-23_43_16_ace80a6e_mp4-0003_jpg.rf.e027c1af7b467ea68f4211f080511ba1_0.jpg,valid,REAL_7,terlalu_kecil,9560.088234190735,68,14
WhatsApp-Video-2025-09-30-at-23_43_16_ace80a6e_mp4-0003_jpg.rf.e027c1af7b467ea68f4211f080511ba1_1.jpg,valid,REAL_1,terlalu_kecil,1694.7693449626202,53,10
WhatsApp-Video-2025-09-30-at-23_43_16_ace80a6e_mp4-0018_jpg.rf.fc6db583e8722e8a3b3687761f9e14e9_0.jpg,valid,REAL_1,terlalu_kecil,5496.1448050624995,79,9
WhatsApp-Video-2025-09-30-at-23_43_16_ace80a6e_mp4-0018_jpg.rf.fc6db583e8722e8a3b3687761f9e14e9_1.jpg,valid,REAL_7,terlalu_kecil,3283.038632638889,80,15
WhatsApp-Video-2025-09-30-at-23_43_16_ace80a6e_mp4-0030_jpg.rf.250ddffae55ba1c31c1e0657a03c2b48_0.jpg,valid,REAL_7,terlalu_kecil,8056.148677303735,93,20
WhatsApp-Video-2025-09-30-at-23_43_16_ace80a6e_mp4-0030_jpg.rf.250ddffae55ba1c31c1e0657a03c2b48_1.jpg,valid,REAL_1,terlalu_kecil,5477.994395064485,89,11
WhatsApp-Video-2025-09-30-at-23_43_16_ace80a6e_mp4-0045_jpg.rf.3ef32cc9cc62f7a80327c9ffe14c4caa_0.jpg,valid,REAL_1,terlalu_kecil,6834.965012852789,117,19
WhatsApp-Video-2025-09-30-at-23_43_16_ace80a6e_mp4-0045_jpg.rf.3ef32cc9cc62f7a80327c9ffe14c4caa_1.jpg,valid,REAL_7,terlalu_kecil,6786.8267298711835,114,21
WhatsApp-Video-2025-09-30-at-23_43_16_ace80a6e_mp4-0049_jpg.rf.ce8909e7f049f09efa81f1c60401c3ac_0.jpg,valid,REAL_1,terlalu_kecil,5881.85136464402,124,21
WhatsApp-Video-2025-09-30-at-23_43_16_ace80a6e_mp4-0049_jpg.rf.ce8909e7f049f09efa81f1c60401c3ac_1.jpg,valid,REAL_7,terlalu_kecil,2715.761644481322,119,20
WhatsApp-Video-2025-09-30-at-23_43_16_ace80a6e_mp4-0058_jpg.rf.bb54fc90947bf1510510fd4bb2e2c628_1.jpg,valid,REAL_7,terlalu_kecil,6959.650506166812,122,21
WhatsApp-Video-2025-09-30-at-23_43_16_ace80a6e_mp4-0071_jpg.rf.67713316497d29518b28f7f32b56181d_1.jpg,valid,REAL_7,terlalu_kecil,2318.44257291909,134,19
WhatsApp-Video-2025-09-30-at-23_43_16_ace80a6e_mp4-0085_jpg.rf.4cab0c65e37783f8c761dcc2cb45fc64_1.jpg,valid,REAL_7,terlalu_kecil,4673.099698229603,133,11
WhatsApp-Video-2025-09-30-at-23_43_16_ace80a6e_mp4-0119_jpg.rf.f0e85da0648024864c48f98f427eb248_1.jpg,valid,REAL_3,terlalu_kecil,757.8514090092224,128,13
WhatsApp-Video-2025-09-30-at-23_43_16_ace80a6e_mp4-0126_jpg.rf.604043ff81984a1ec7ae408ea47ad253_1.jpg,valid,REAL_3,terlalu_kecil,2650.4396366494084,130,16
WhatsApp-Video-2025-09-30-at-23_43_16_ace80a6e_mp4-0165_jpg.rf.02f25cc8e31abd8f2702490f6d314142_1.jpg,valid,REAL_1,terlalu_kecil,2100.0427290677503,148,16
WhatsApp-Video-2025-09-30-at-23_43_16_ace80a6e_mp4-0182_jpg.rf.414e488e419e1e915277fb5be40846a6_1.jpg,valid,REAL_11,terlalu_kecil,6601.410942156705,79,20
WhatsApp-Video-2025-09-30-at-23_43_16_ace80a6e_mp4-0198_jpg.rf.3afd5f6eb4242835562b139547c2a3fe_1.jpg,valid,REAL_10,terlalu_kecil,1351.8858772886508,41,24
WhatsApp-Video-2025-09-30-at-23_43_16_ace80a6e_mp4-0198_jpg.rf.3afd5f6eb4242835562b139547c2a3fe_2.jpg,valid,REAL_11,terlalu_kecil,1686.7068359375,20,16
WhatsApp-Video-2025-09-30-at-23_43_16_ace80a6e_mp4-0198_jpg.rf.3afd5f6eb4242835562b139547c2a3fe_3.jpg,valid,REAL_11,terlalu_kecil,6642.038112156708,87,19
WhatsApp-Video-2025-09-30-at-23_43_16_ace80a6e_mp4-0198_jpg.rf.3afd5f6eb4242835562b139547c2a3fe_4.jpg,valid,FAKE_1,terlalu_kecil,851.465768306213,32,13
WhatsApp-Video-2025-09-30-at-23_43_16_ace80a6e_mp4-0198_jpg.rf.3afd5f6eb4242835562b139547c2a3fe_5.jpg,valid,FAKE_14,terlalu_kecil,1204.5276757473728,36,11
WhatsApp-Video-2025-09-30-at-23_43_16_ace80a6e_mp4-0205_jpg.rf.93eeb8d5a33d7697b90c15a6656d188c_1.jpg,valid,REAL_10,terlalu_kecil,2195.88738657845,40,23
WhatsApp-Video-2025-09-30-at-23_43_16_ace80a6e_mp4-0205_jpg.rf.93eeb8d5a33d7697b90c15a6656d188c_2.jpg,valid,FAKE_14,terlalu_kecil,3480.7515368596414,35,14
WhatsApp-Video-2025-09-30-at-23_43_16_ace80a6e_mp4-0205_jpg.rf.93eeb8d5a33d7697b90c15a6656d188c_3.jpg,valid,REAL_13,terlalu_kecil,3497.980740986173,168,16
WhatsApp-Video-2025-09-30-at-23_43_16_ace80a6e_mp4-0205_jpg.rf.93eeb8d5a33d7697b90c15a6656d188c_4.jpg,valid,REAL_11,terlalu_kecil,8893.152347949175,86,18
WhatsApp-Video-2025-09-30-at-23_43_16_ace80a6e_mp4-0205_jpg.rf.93eeb8d5a33d7697b90c15a6656d188c_5.jpg,valid,FAKE_1,terlalu_kecil,1059.6759834966715,32,13
WhatsApp-Video-2025-09-30-at-23_43_16_ace80a6e_mp4-0212_jpg.rf.a7a086af2c9959d3a600959d20cd721a_1.jpg,valid,REAL_10,terlalu_kecil,2702.4138982618,39,22
WhatsApp-Video-2025-09-30-at-23_43_16_ace80a6e_mp4-0212_jpg.rf.a7a086af2c9959d3a600959d20cd721a_2.jpg,valid,REAL_13,terlalu_kecil,678.2212782490957,170,23
WhatsApp-Video-2025-09-30-at-23_43_16_ace80a6e_mp4-0212_jpg.rf.a7a086af2c9959d3a600959d20cd721a_3.jpg,valid,FAKE_14,terlalu_kecil,12949.84910793021,36,14
WhatsApp-Video-2025-09-30-at-23_43_16_ace80a6e_mp4-0212_jpg.rf.a7a086af2c9959d3a600959d20cd721a_4.jpg,valid,REAL_11,terlalu_kecil,6086.9520161005585,84,17
WhatsApp-Video-2025-09-30-at-23_43_16_ace80a6e_mp4-0231_jpg.rf.f19090dd366a103fe25e440cdd4d73da_2.jpg,valid,REAL_10,terlalu_kecil,2234.548184523809,40,21
WhatsApp-Video-2025-09-30-at-23_43_16_ace80a6e_mp4-0231_jpg.rf.f19090dd366a103fe25e440cdd4d73da_3.jpg,valid,REAL_11,terlalu_kecil,4556.194971025447,21,15
WhatsApp-Video-2025-09-30-at-23_43_16_ace80a6e_mp4-0231_jpg.rf.f19090dd366a103fe25e440cdd4d73da_4.jpg,valid,FAKE_14,terlalu_kecil,2459.670069441049,22,13
WhatsApp-Video-2025-09-30-at-23_43_16_ace80a6e_mp4-0231_jpg.rf.f19090dd366a103fe25e440cdd4d73da_5.jpg,valid,REAL_11,terlalu_kecil,6811.145627727634,71,16
WhatsApp-Video-2025-09-30-at-23_43_16_ace80a6e_mp4-0231_jpg.rf.f19090dd366a103fe25e440cdd4d73da_6.jpg,valid,FAKE_1,terlalu_kecil,1464.4485946745565,32,13
WhatsApp-Video-2025-09-30-at-23_43_16_ace80a6e_mp4-0231_jpg.rf.f19090dd366a103fe25e440cdd4d73da_7.jpg,valid,FAKE_12,terlalu_kecil,2607.749069940476,28,12
WhatsApp-Video-2025-09-30-at-23_43_16_ace80a6e_mp4-0231_jpg.rf.f19090dd366a103fe25e440cdd4d73da_8.jpg,valid,FAKE_7,terlalu_kecil,3383.2009297052155,30,7
WhatsApp-Video-2025-09-30-at-23_43_16_ace80a6e_mp4-0246_jpg.rf.00241c7178ae64bbb38d41d2371627ea_1.jpg,valid,REAL_3,terlalu_kecil,4583.6198191942185,105,23
WhatsApp-Video-2025-09-30-at-23_43_16_ace80a6e_mp4-0252_jpg.rf.ef386132955274af16f857c19b0a2674_0.jpg,valid,REAL_10,terlalu_kecil,3863.298035062089,37,20
WhatsApp-Video-2025-09-30-at-23_43_16_ace80a6e_mp4-0252_jpg.rf.ef386132955274af16f857c19b0a2674_2.jpg,valid,FAKE_14,terlalu_kecil,11017.067827130852,34,14
WhatsApp-Video-2025-09-30-at-23_43_16_ace80a6e_mp4-0252_jpg.rf.ef386132955274af16f857c19b0a2674_3.jpg,valid,REAL_14,terlalu_kecil,3841.2527154195013,28,15
WhatsApp-Video-2025-09-30-at-23_43_16_ace80a6e_mp4-0252_jpg.rf.ef386132955274af16f857c19b0a2674_4.jpg,valid,REAL_3,terlalu_kecil,1588.1329632334648,102,17
WhatsApp-Video-2025-09-30-at-23_43_16_ace80a6e_mp4-0252_jpg.rf.ef386132955274af16f857c19b0a2674_5.jpg,valid,FAKE_1,terlalu_kecil,2099.106575963719,33,14
WhatsApp-Video-2025-09-30-at-23_43_16_ace80a6e_mp4-0252_jpg.rf.ef386132955274af16f857c19b0a2674_6.jpg,valid,REAL_11,terlalu_kecil,6913.095779488266,21,17
WhatsApp-Video-2025-09-30-at-23_43_16_ace80a6e_mp4-0252_jpg.rf.ef386132955274af16f857c19b0a2674_7.jpg,valid,REAL_2,terlalu_kecil,2058.7241709183672,40,7
WhatsApp-Video-2025-09-30-at-23_43_16_ace80a6e_mp4-0252_jpg.rf.ef386132955274af16f857c19b0a2674_8.jpg,valid,FAKE_8,terlalu_kecil,3415.103945578231,42,5
WhatsApp-Video-2025-09-30-at-23_43_16_ace80a6e_mp4-0252_jpg.rf.ef386132955274af16f857c19b0a2674_9.jpg,valid,REAL_9,terlalu_kecil,3775.6906122448977,35,6
WhatsApp-Video-2025-09-30-at-23_43_16_ace80a6e_mp4-0268_jpg.rf.38f10ed501b21b5873714444d9798d7b_2.jpg,valid,REAL_10,terlalu_kecil,1746.5405416981605,30,21
WhatsApp-Video-2025-09-30-at-23_43_16_ace80a6e_mp4-0268_jpg.rf.38f10ed501b21b5873714444d9798d7b_6.jpg,valid,REAL_14,terlalu_kecil,714.4601784182927,33,22
2026-01-19-21-44-13_mp4-0053_jpg.rf.9927574b5ae4de86cfb514cd7d8d5a88_5.jpg,test,R1,terlalu_kecil,2197.4456422743388,45,17
2026-01-19-21-44-13_mp4-0053_jpg.rf.9927574b5ae4de86cfb514cd7d8d5a88_6.jpg,test,R1,terlalu_kecil,2201.459896694215,22,10
2026-01-19-21-44-13_mp4-0053_jpg.rf.9927574b5ae4de86cfb514cd7d8d5a88_7.jpg,test,R1,terlalu_kecil,3446.555940023068,17,9
2026-01-19-21-44-13_mp4-0053_jpg.rf.9927574b5ae4de86cfb514cd7d8d5a88_8.jpg,test,R1,terlalu_kecil,764.9607266435985,17,10
2026-01-19-21-44-13_mp4-0053_jpg.rf.9927574b5ae4de86cfb514cd7d8d5a88_9.jpg,test,FAKE_14,terlalu_kecil,6238.830122222222,30,20
2026-01-19-21-44-13_mp4-0053_jpg.rf.9927574b5ae4de86cfb514cd7d8d5a88_10.jpg,test,R1,terlalu_kecil,778.5727785398568,18,9
2026-01-19-21-44-13_mp4-0053_jpg.rf.9927574b5ae4de86cfb514cd7d8d5a88_11.jpg,test,R1,terlalu_kecil,1643.6678712158348,27,19
2026-01-19-21-44-13_mp4-0053_jpg.rf.9927574b5ae4de86cfb514cd7d8d5a88_12.jpg,test,FAKE_14,terlalu_kecil,499.73854671280276,17,10
2026-01-19-21-44-13_mp4-0053_jpg.rf.9927574b5ae4de86cfb514cd7d8d5a88_13.jpg,test,FAKE_4,terlalu_kecil,2439.1081777369654,22,18
2026-01-19-21-44-13_mp4-0053_jpg.rf.9927574b5ae4de86cfb514cd7d8d5a88_14.jpg,test,R1,terlalu_kecil,991.2228531855955,19,10
2026-01-19-21-44-13_mp4-0059_jpg.rf.7c9155260ab57cdbaa8e39c4b5bc28d1_1.jpg,test,FAKE_14,terlalu_kecil,984.0241840991112,33,23
2026-01-19-21-44-13_mp4-0180_jpg.rf.2302d6f52ad93d60ac274200d9e12762_0.jpg,test,R1,blur,43.40989353971037,183,146
2026-01-19-21-44-13_mp4-0211_jpg.rf.47c51a0dabf42e6272cda9913d38b08a_0.jpg,test,REAL_13,terlalu_kecil,1948.6582413670346,53,22
2026-01-19-21-44-13_mp4-0285_jpg.rf.2fb88c5ccadaf218bbefa9bd433a8b11_0.jpg,test,FAKE_3,terlalu_kecil,1429.3533450439868,93,23
2026-01-19-21-44-13_mp4-0332_jpg.rf.fcbe2ad118e0453231a7e3ddbd6fc642_1.jpg,test,REAL_14,terlalu_kecil,1391.7067243367935,60,17
2026-01-19-21-44-13_mp4-0332_jpg.rf.fcbe2ad118e0453231a7e3ddbd6fc642_2.jpg,test,REAL_7,terlalu_kecil,1212.1496959237345,39,12
2026-01-19-21-44-13_mp4-0332_jpg.rf.fcbe2ad118e0453231a7e3ddbd6fc642_4.jpg,test,FAKE_1,terlalu_kecil,672.182730433068,42,23
2026-01-19-21-44-13_mp4-0406_jpg.rf.f778a89ee57ce322e620bee3d1377cbe_0.jpg,test,FAKE_2,terlalu_kecil,1792.5794667590028,48,19
2026-01-19-21-44-13_mp4-0406_jpg.rf.f778a89ee57ce322e620bee3d1377cbe_1.jpg,test,FAKE_3,terlalu_kecil,1925.3941303236174,65,18
2026-01-19-21-44-13_mp4-0524_jpg.rf.50dc67cbce32d57d82c6c9be3747e07d_1.jpg,test,FAKE_14,terlalu_kecil,906.0529921814813,26,19
2026-01-19-21-44-13_mp4-0524_jpg.rf.50dc67cbce32d57d82c6c9be3747e07d_2.jpg,test,FAKE_1,terlalu_kecil,809.8764594684756,34,23
2026-01-19-21-44-13_mp4-0566_jpg.rf.a8b0ad550dd21d9f4f39c712aee4575b_3.jpg,test,FAKE_4,terlalu_kecil,1139.4476656987754,89,15
2026-01-19-21-44-13_mp4-0596_jpg.rf.2da6d52ddcb3d1c70192e4df68bfa61d_2.jpg,test,REAL_5,terlalu_kecil,1720.9137189444955,66,24
2026-01-19-21-44-13_mp4-0596_jpg.rf.2da6d52ddcb3d1c70192e4df68bfa61d_3.jpg,test,REAL_2,terlalu_kecil,2134.535127830534,74,20
2026-01-19-21-44-13_mp4-0596_jpg.rf.2da6d52ddcb3d1c70192e4df68bfa61d_5.jpg,test,R1,terlalu_kecil,1258.4891797885127,41,14
2026-01-19-21-44-13_mp4-0649_jpg.rf.ae4695a22dd996dda9c40432cb6de3d9_5.jpg,test,R1,terlalu_kecil,2183.5733031260334,29,13
2026-01-19-21-44-13_mp4-0649_jpg.rf.ae4695a22dd996dda9c40432cb6de3d9_7.jpg,test,FAKE_14,terlalu_kecil,3452.827747643125,74,16
2026-01-19-21-44-13_mp4-0674_jpg.rf.9be1b7739ad070cbc8b36bac57c0325e_6.jpg,test,REAL_2,terlalu_kecil,965.3261205464802,63,14
2026-01-19-21-44-13_mp4-0674_jpg.rf.9be1b7739ad070cbc8b36bac57c0325e_7.jpg,test,FAKE_14,terlalu_kecil,3040.2974221318023,74,16
2026-01-19-21-44-13_mp4-0674_jpg.rf.9be1b7739ad070cbc8b36bac57c0325e_8.jpg,test,R1,terlalu_kecil,3630.0048086456472,41,12
2026-01-19-21-44-13_mp4-0718_jpg.rf.f08dcd82e503bfb085bcb3e7846207f2_5.jpg,test,REAL_2,terlalu_kecil,4282.851590851797,59,14
2026-01-19-21-44-13_mp4-0718_jpg.rf.f08dcd82e503bfb085bcb3e7846207f2_7.jpg,test,R1,terlalu_kecil,2574.323151236487,21,19
2026-01-19-21-44-13_mp4-0718_jpg.rf.f08dcd82e503bfb085bcb3e7846207f2_8.jpg,test,R1,terlalu_kecil,3915.1253612219625,43,13
2026-01-19-21-44-13_mp4-0718_jpg.rf.f08dcd82e503bfb085bcb3e7846207f2_9.jpg,test,FAKE_14,terlalu_kecil,4412.2567766902675,84,14
2026-01-19-21-44-13_mp4-0771_jpg.rf.5a5ad0218671031d030377b5883d2952_0.jpg,test,FAKE_12,terlalu_kecil,1698.2635608622147,91,20
2026-01-19-21-44-13_mp4-0786_jpg.rf.3f4fda91c89e7ff7e7ca944af74d3723_0.jpg,test,FAKE_14,terlalu_kecil,1383.3295796564364,17,13
2026-01-19-21-44-13_mp4-0786_jpg.rf.3f4fda91c89e7ff7e7ca944af74d3723_2.jpg,test,FAKE_14,terlalu_kecil,3174.64780521262,54,20
2026-01-19-21-44-13_mp4-0786_jpg.rf.3f4fda91c89e7ff7e7ca944af74d3723_4.jpg,test,FAKE_2,terlalu_kecil,2433.7669998404403,67,17
2026-01-19-21-44-13_mp4-0786_jpg.rf.3f4fda91c89e7ff7e7ca944af74d3723_5.jpg,test,R1,terlalu_kecil,899.478650137741,18,11
2026-01-19-21-44-13_mp4-0786_jpg.rf.3f4fda91c89e7ff7e7ca944af74d3723_6.jpg,test,R1,terlalu_kecil,847.1729397641408,17,14
2026-01-19-21-44-13_mp4-0786_jpg.rf.3f4fda91c89e7ff7e7ca944af74d3723_7.jpg,test,FAKE_7,terlalu_kecil,455.1633345151352,130,22
2026-01-19-21-44-13_mp4-0812_jpg.rf.cc467945fff10610e046253dce36ed56_2.jpg,test,FAKE_14,terlalu_kecil,1108.6173947080415,46,19
2026-01-19-21-44-13_mp4-0812_jpg.rf.cc467945fff10610e046253dce36ed56_3.jpg,test,FAKE_5,terlalu_kecil,1401.5683042753162,79,13
2026-01-19-21-44-13_mp4-0822_jpg.rf.a63be22c212478442f994206f0e037e7_2.jpg,test,FAKE_14,terlalu_kecil,7494.706101659315,46,18
2026-01-19-21-44-13_mp4-0822_jpg.rf.a63be22c212478442f994206f0e037e7_3.jpg,test,FAKE_14,terlalu_kecil,1798.0224609375,16,10
2026-01-19-21-44-13_mp4-0822_jpg.rf.a63be22c212478442f994206f0e037e7_4.jpg,test,FAKE_5,terlalu_kecil,3745.4998653431826,76,12
2026-01-19-21-46-37_mp4-0072_jpg.rf.ff2c687dad0ba20867278915452ee5fb_1.jpg,test,REAL_14,terlalu_kecil,971.9237101800553,40,19
2026-01-19-21-46-37_mp4-0072_jpg.rf.ff2c687dad0ba20867278915452ee5fb_2.jpg,test,FAKE_1,terlalu_kecil,2791.4746989788146,18,18
2026-01-19-21-46-37_mp4-0072_jpg.rf.ff2c687dad0ba20867278915452ee5fb_6.jpg,test,FAKE_14,terlalu_kecil,2141.435099451303,18,12
2026-01-19-21-46-37_mp4-0075_jpg.rf.f7d08e2eaad4898de6bd904db5484b20_2.jpg,test,REAL_14,terlalu_kecil,754.2109349030471,38,20
2026-01-19-21-46-37_mp4-0078_jpg.rf.860254cda911b58a27c48faa6a96efa9_3.jpg,test,REAL_14,terlalu_kecil,404.19174426576114,43,21
2026-01-19-21-46-37_mp4-0163_jpg.rf.a99c9004e44c001100f43ba8e70a74b0_0.jpg,test,R1,blur,36.31560919774423,158,155
2026-01-19-21-46-37_mp4-0242_jpg.rf.a1e773c89d2f465b200d531554893591_2.jpg,test,REAL_7,terlalu_kecil,2536.7759720078875,24,18
2026-01-19-21-46-37_mp4-0242_jpg.rf.a1e773c89d2f465b200d531554893591_3.jpg,test,R1,terlalu_kecil,416.1612801497199,51,22
2026-01-19-21-46-37_mp4-0366_jpg.rf.a1fa0054bad68554b6a635d5063de6a1_1.jpg,test,R1,terlalu_kecil,298.8528396177686,40,22
2026-01-19-21-46-37_mp4-0383_jpg.rf.654970fa09515c1652299eb41a362a18_1.jpg,test,FAKE_4,terlalu_kecil,625.4134989063264,62,21
2026-01-19-21-46-37_mp4-0383_jpg.rf.654970fa09515c1652299eb41a362a18_3.jpg,test,REAL_8,blur,28.770116161933185,238,72
2026-01-19-21-46-37_mp4-0401_jpg.rf.9c748931c298b3206816d4d837c98a79_3.jpg,test,R1,terlalu_kecil,1896.4500715467666,48,16
2026-01-19-21-46-37_mp4-0401_jpg.rf.9c748931c298b3206816d4d837c98a79_4.jpg,test,R1,terlalu_kecil,1062.540497202932,36,24
2026-01-19-21-50-16_mp4-0011_jpg.rf.4008e2a131177e751ba7b1883a3d711f_0.jpg,test,FAKE_9,blur,38.77231427292488,192,73
2026-01-19-21-50-16_mp4-0069_jpg.rf.18a0f75a7ab7158f82935414198d284a_2.jpg,test,REAL_5,terlalu_kecil,963.0482743629997,70,13
2026-01-19-21-50-16_mp4-0069_jpg.rf.18a0f75a7ab7158f82935414198d284a_4.jpg,test,R1,terlalu_kecil,2701.7882110663195,54,14
2026-01-19-21-50-16_mp4-0125_jpg.rf.aa0bfaddc2c41763e32effad1f307122_0.jpg,test,FAKE_12,terlalu_kecil,5415.925945274617,59,23
2026-01-19-21-50-16_mp4-0125_jpg.rf.aa0bfaddc2c41763e32effad1f307122_2.jpg,test,FAKE_5,terlalu_kecil,1587.9317797783933,95,16
2026-01-19-21-50-16_mp4-0231_jpg.rf.8b8995c6f181c0f74b33885a49a7a82f_4.jpg,test,REAL_9,terlalu_kecil,306.9564101122543,63,22
2026-01-19-21-50-16_mp4-0231_jpg.rf.8b8995c6f181c0f74b33885a49a7a82f_5.jpg,test,FAKE_7,terlalu_kecil,781.3865467755729,102,14
2026-01-19-21-50-16_mp4-0295_jpg.rf.6ae95899e908a405090d85a7f5a277bc_3.jpg,test,R1,terlalu_kecil,2501.334113059632,43,23
2026-01-19-21-50-16_mp4-0295_jpg.rf.6ae95899e908a405090d85a7f5a277bc_5.jpg,test,REAL_6,terlalu_kecil,1826.9989569160998,42,20
2026-01-19-21-54-10_mp4-0011_jpg.rf.5904c5ff4cc2374ece1257bd59e4470f_0.jpg,test,FAKE_10,terlalu_kecil,4745.259361190025,48,22
2026-01-19-21-54-10_mp4-0011_jpg.rf.5904c5ff4cc2374ece1257bd59e4470f_2.jpg,test,FAKE_5,terlalu_kecil,861.8657333333332,75,12
2026-01-19-21-54-10_mp4-0031_jpg.rf.e3f9eb7cc11707682473c62821b05dab_2.jpg,test,REAL_9,terlalu_kecil,362.4652049039781,72,15
2026-01-19-21-54-10_mp4-0054_jpg.rf.9f197ec63db6db496ba3df805a7f1d76_0.jpg,test,FAKE_15,terlalu_kecil,1156.9511981263095,68,21
2026-01-19-21-54-10_mp4-0054_jpg.rf.9f197ec63db6db496ba3df805a7f1d76_3.jpg,test,REAL_3,terlalu_kecil,890.8190731332321,88,16
2026-01-19-21-54-10_mp4-0054_jpg.rf.9f197ec63db6db496ba3df805a7f1d76_5.jpg,test,FAKE_8,terlalu_kecil,2478.243516692235,26,18
2026-01-19-21-54-10_mp4-0087_jpg.rf.9e19adacc5ac51a6e8f37979e0eb6308_0.jpg,test,R1,blur,15.732146637323822,168,83
2026-01-19-21-54-10_mp4-0087_jpg.rf.9e19adacc5ac51a6e8f37979e0eb6308_1.jpg,test,R1,blur,47.02359950079755,177,103
2026-01-19-21-54-10_mp4-0103_jpg.rf.0940692f910bbd75a31e948020892548_1.jpg,test,REAL_6,terlalu_kecil,703.9117045602782,38,19
2026-01-19-21-54-10_mp4-0121_jpg.rf.8fbb7c8d690d3bc7b3bf6905926c7167_0.jpg,test,FAKE_2,terlalu_kecil,1608.8033876033057,50,22
2026-01-19-21-54-10_mp4-0121_jpg.rf.8fbb7c8d690d3bc7b3bf6905926c7167_1.jpg,test,FAKE_4,terlalu_kecil,416.59921024994753,30,23
2026-01-19-21-54-10_mp4-0136_jpg.rf.c7cc39595112d4c61bb9732d7d6d5b68_0.jpg,test,FAKE_10,terlalu_kecil,4330.531494251046,59,17
2026-01-19-21-54-10_mp4-0136_jpg.rf.c7cc39595112d4c61bb9732d7d6d5b68_2.jpg,test,FAKE_2,terlalu_kecil,2058.2824034706478,48,21
2026-01-19-21-54-10_mp4-0136_jpg.rf.c7cc39595112d4c61bb9732d7d6d5b68_3.jpg,test,FAKE_4,terlalu_kecil,2049.6598699373176,29,18
2026-01-19-21-54-10_mp4-0173_jpg.rf.b23204d94c9abe00622f1625edd3a158_1.jpg,test,FAKE_12,terlalu_kecil,1817.7854661753038,59,19
2026-01-19-21-54-10_mp4-0188_jpg.rf.70b7cbb8d91e1b87c69b4d8eb986f0c1_0.jpg,test,R1,blur,20.00712881837968,190,174
2026-01-19-21-54-10_mp4-0205_jpg.rf.9bd1de0f5187b7fcf01403935650ff1c_0.jpg,test,R1,blur,39.45527533341634,174,135
2026-01-19-21-54-10_mp4-0221_jpg.rf.597c92af5d2772747462e56eb2a22cc7_1.jpg,test,FAKE_14,terlalu_kecil,2048.436949092203,53,20
2026-01-19-21-54-10_mp4-0221_jpg.rf.597c92af5d2772747462e56eb2a22cc7_2.jpg,test,FAKE_12,terlalu_kecil,4293.979579925537,32,16
2026-01-19-21-54-10_mp4-0260_jpg.rf.b6836032eabc1cfbe09d2934ca29d028_1.jpg,test,FAKE_4,terlalu_kecil,915.0455434837282,94,15
2026-01-19-21-54-10_mp4-0260_jpg.rf.b6836032eabc1cfbe09d2934ca29d028_3.jpg,test,R1,terlalu_kecil,527.8186646502836,50,23
2026-01-19-21-54-10_mp4-0260_jpg.rf.b6836032eabc1cfbe09d2934ca29d028_5.jpg,test,FAKE_12,terlalu_kecil,3877.5231436988465,57,21
2026-01-19-21-54-10_mp4-0260_jpg.rf.b6836032eabc1cfbe09d2934ca29d028_6.jpg,test,R1,terlalu_kecil,949.7520637007815,39,12
2026-01-19-21-54-10_mp4-0269_jpg.rf.e47eebfe663b05bab12b7f630d628631_2.jpg,test,R1,terlalu_kecil,981.823282358719,54,18
2026-01-19-21-54-10_mp4-0269_jpg.rf.e47eebfe663b05bab12b7f630d628631_3.jpg,test,FAKE_12,terlalu_kecil,4567.924837043876,45,19
2026-01-19-21-54-10_mp4-0269_jpg.rf.e47eebfe663b05bab12b7f630d628631_4.jpg,test,R1,terlalu_kecil,652.028646264007,43,22
2026-01-19-21-54-10_mp4-0269_jpg.rf.e47eebfe663b05bab12b7f630d628631_5.jpg,test,FAKE_4,terlalu_kecil,1171.7254912215028,87,12
2026-01-19-21-54-10_mp4-0269_jpg.rf.e47eebfe663b05bab12b7f630d628631_6.jpg,test,R1,terlalu_kecil,530.0092546935496,36,13
2026-01-19-21-54-10_mp4-0269_jpg.rf.e47eebfe663b05bab12b7f630d628631_8.jpg,test,REAL_1,terlalu_kecil,1248.8368854459732,31,18
2026-01-19-21-54-10_mp4-0341_jpg.rf.64ed645af7b628ae458adc1f5c79d8db_2.jpg,test,R1,terlalu_kecil,760.3436046635095,31,14
2026-01-19-21-54-10_mp4-0341_jpg.rf.64ed645af7b628ae458adc1f5c79d8db_3.jpg,test,R1,terlalu_kecil,215.62831603229526,34,15
2026-01-19-21-54-10_mp4-0341_jpg.rf.64ed645af7b628ae458adc1f5c79d8db_4.jpg,test,FAKE_13,terlalu_kecil,1076.2629799794067,84,14
2026-01-19-21-54-10_mp4-0390_jpg.rf.6707c12a9edd442eaa31405d83a4bb63_0.jpg,test,R1,terlalu_kecil,973.8704171621087,29,12
2026-01-19-21-54-10_mp4-0398_jpg.rf.66d0ba5410afc96b94048ada2505fb01_2.jpg,test,FAKE_15,blur,28.810724211010957,180,51
2026-01-19-21-54-10_mp4-0477_jpg.rf.3236b014de04098f15ef0933fdb2a043_3.jpg,test,FAKE_12,terlalu_kecil,1435.1881703433423,211,19
2026-01-19-21-54-10_mp4-0491_jpg.rf.75fd619e578a26b9f8456e0a5819298e_0.jpg,test,FAKE_10,terlalu_kecil,326.034890735611,75,19
2026-01-19-21-54-10_mp4-0506_jpg.rf.0fb1a2de1d4c6d9c7f5c77fa3ae52915_0.jpg,test,FAKE_13,blur,10.159305645005883,157,80
2026-01-19-21-54-10_mp4-0506_jpg.rf.0fb1a2de1d4c6d9c7f5c77fa3ae52915_1.jpg,test,REAL_15,blur,9.963895978167193,118,50
2026-01-19-21-58-25_mp4-0006_jpg.rf.cdaf11abf70731e7d361d7e20073fd30_1.jpg,test,FAKE_3,terlalu_kecil,538.1210989600391,51,18
2026-01-19-21-58-25_mp4-0006_jpg.rf.cdaf11abf70731e7d361d7e20073fd30_2.jpg,test,FAKE_14,terlalu_kecil,872.4794210690227,26,19
2026-01-19-21-58-25_mp4-0006_jpg.rf.cdaf11abf70731e7d361d7e20073fd30_4.jpg,test,REAL_12,terlalu_kecil,1661.5484010712034,46,12
2026-01-19-21-58-25_mp4-0006_jpg.rf.cdaf11abf70731e7d361d7e20073fd30_5.jpg,test,R1,terlalu_kecil,367.3111427413812,78,23
2026-01-19-21-58-25_mp4-0006_jpg.rf.cdaf11abf70731e7d361d7e20073fd30_8.jpg,test,REAL_12,terlalu_kecil,1661.5484010712034,46,12
2026-01-19-21-58-25_mp4-0047_jpg.rf.27c17399a7b7a72109a9f06ff98dbee3_1.jpg,test,REAL_7,terlalu_kecil,2794.2087575087094,88,23
2026-01-19-21-58-25_mp4-0047_jpg.rf.27c17399a7b7a72109a9f06ff98dbee3_3.jpg,test,R1,terlalu_kecil,1016.7709637878071,23,16
2026-01-19-21-58-25_mp4-0047_jpg.rf.27c17399a7b7a72109a9f06ff98dbee3_4.jpg,test,FAKE_15,terlalu_kecil,4185.341936290209,23,11
2026-01-19-21-58-25_mp4-0047_jpg.rf.27c17399a7b7a72109a9f06ff98dbee3_5.jpg,test,REAL_6,terlalu_kecil,2652.8183201384327,78,12
2026-01-19-21-58-25_mp4-0128_jpg.rf.5f24ddb717731085d7fc6d457ea0173c_2.jpg,test,REAL_13,terlalu_kecil,3669.2560381091207,70,14
2026-01-19-21-58-25_mp4-0128_jpg.rf.5f24ddb717731085d7fc6d457ea0173c_4.jpg,test,R1,terlalu_kecil,3183.145671745152,38,10
2026-01-19-21-58-25_mp4-0128_jpg.rf.5f24ddb717731085d7fc6d457ea0173c_5.jpg,test,FAKE_14,terlalu_kecil,2560.890616426612,54,20
2026-01-19-21-58-25_mp4-0174_jpg.rf.84fd0556afd3f44d0d03549e3a750bce_3.jpg,test,REAL_10,terlalu_kecil,2048.229553221102,86,19
2026-01-19-21-58-25_mp4-0174_jpg.rf.84fd0556afd3f44d0d03549e3a750bce_4.jpg,test,R1,terlalu_kecil,2909.23012329932,36,14
2026-01-19-21-58-25_mp4-0174_jpg.rf.84fd0556afd3f44d0d03549e3a750bce_8.jpg,test,FAKE_3,terlalu_kecil,642.2577081312116,126,23
2026-01-19-21-58-25_mp4-0188_jpg.rf.c2c1002276b238db41c8b110d189684b_3.jpg,test,REAL_13,terlalu_kecil,1321.4941177785602,47,18
2026-01-19-21-58-25_mp4-0210_jpg.rf.8513b87057bd525343171f70516997ca_1.jpg,test,FAKE_13,terlalu_kecil,2416.2463382398205,51,19
2026-01-19-21-58-25_mp4-0219_jpg.rf.8ad800200cef09ab9c96aa1b7d644cd5_0.jpg,test,R1,terlalu_kecil,1148.5314437979853,38,17
2026-01-19-21-58-25_mp4-0219_jpg.rf.8ad800200cef09ab9c96aa1b7d644cd5_1.jpg,test,FAKE_13,terlalu_kecil,5150.269206630887,38,16
2026-01-19-21-58-25_mp4-0276_jpg.rf.c4f6adc11fd2b46752635e7b73a6e22e_1.jpg,test,FAKE_5,terlalu_kecil,963.9432359375,40,20
2026-01-19-21-58-25_mp4-0298_jpg.rf.21dcf66c8bb917f7d3422cf9e64e745b_3.jpg,test,R1,terlalu_kecil,1052.5001922337565,34,15
2026-01-19-21-58-25_mp4-0298_jpg.rf.21dcf66c8bb917f7d3422cf9e64e745b_4.jpg,test,FAKE_5,terlalu_kecil,1971.3171745152351,36,19
202601242110_mp4-0025_jpg.rf.420f84180e920833fdaf57a8724587b7_0.jpg,test,FAKE_12,blur,48.72245860220499,339,125
202601242110_mp4-0109_jpg.rf.2a7093f19189d519bd5a37170887c3df_0.jpg,test,FAKE_2,blur,42.89154111312742,405,174
202601242110_mp4-0162_jpg.rf.d5d19f11058b790347cc5abe6b98a3c2_2.jpg,test,FAKE_7,blur,33.21847885499519,410,144
202601242110_mp4-0164_jpg.rf.0adb5b56f3ce922e44f9f96fed213480_0.jpg,test,FAKE_7,blur,49.29297030334733,454,138
202601242110_mp4-0170_jpg.rf.e27bc9ae6327dc0caf1142e3dc36726a_0.jpg,test,FAKE_11,blur,15.481804309604023,336,141
202601242110_mp4-0188_jpg.rf.2e3a5f2efa29291ec5bad9158fa6669d_0.jpg,test,FAKE_6,blur,44.04014224852721,362,250
202601242110_mp4-0242_jpg.rf.ec2df1a5fa41ec1d974f921f956f870c_0.jpg,test,REAL_10,blur,42.82082258635478,382,226
202601242110_mp4-0273_jpg.rf.8f867be7919215055df503a46b268bfe_0.jpg,test,FAKE_8,blur,18.867425117021526,396,167
202601242110_mp4-0297_jpg.rf.2fc794939c1338dac1e806426ac09e53_0.jpg,test,REAL_12,blur,28.439646196222565,479,199
202601242110_mp4-0297_jpg.rf.2fc794939c1338dac1e806426ac09e53_2.jpg,test,REAL_8,terlalu_kecil,1861.1577372566385,52,21
202601242110_mp4-0297_jpg.rf.2fc794939c1338dac1e806426ac09e53_3.jpg,test,REAL_7,terlalu_kecil,837.5814984771029,78,14
202601242110_mp4-0297_jpg.rf.2fc794939c1338dac1e806426ac09e53_4.jpg,test,REAL_6,terlalu_kecil,6364.268093278464,45,12
202601242110_mp4-0309_jpg.rf.6a6019f0c0bcebef2c82ed484639f4d1_0.jpg,test,REAL_15,blur,10.95390288860066,312,157
202601242110_mp4-0313_jpg.rf.0751a0536a8c28f749cc0a7e5f191855_0.jpg,test,REAL_14,blur,31.449792614502986,358,155
202601242110_mp4-0363_jpg.rf.a2ee9527b87e2011ff7c6647c1ed9802_0.jpg,test,REAL_5,blur,14.643040621427255,346,191
202601242110_mp4-0363_jpg.rf.a2ee9527b87e2011ff7c6647c1ed9802_5.jpg,test,REAL_8,terlalu_kecil,258.53633505795784,92,24
202601242110_mp4-0367_jpg.rf.0fde95ab1ee673c171b17cbde645e34e_0.jpg,test,REAL_5,blur,10.101684767877055,458,151
202602052213_mp4-0009_jpg.rf.2ab793f3ecb694c8d6d0746524fb9fd8_5.jpg,test,REAL_7,terlalu_kecil,180.36216932687776,77,19
202602052213_mp4-0009_jpg.rf.2ab793f3ecb694c8d6d0746524fb9fd8_6.jpg,test,REAL_12,blur,34.822470605312816,83,30
202602052213_mp4-0009_jpg.rf.2ab793f3ecb694c8d6d0746524fb9fd8_15.jpg,test,REAL_9,terlalu_kecil,164.98886691623264,80,24
202602052213_mp4-0019_jpg.rf.9fe5ade600a74873fcd63f5fd1ee7230_0.jpg,test,FAKE_6,blur,26.772908758250402,144,57
202602052213_mp4-0019_jpg.rf.9fe5ade600a74873fcd63f5fd1ee7230_1.jpg,test,FAKE_6,blur,34.949839752125435,148,48
202602052213_mp4-0023_jpg.rf.40451e941337b2f29a7d5786777edfce_0.jpg,test,FAKE_6,blur,18.470421809489597,169,58
202602052213_mp4-0023_jpg.rf.40451e941337b2f29a7d5786777edfce_1.jpg,test,FAKE_6,blur,36.542496738302084,150,54
202602052213_mp4-0032_jpg.rf.80c95cfccbd52c9249328e9a33b0a91c_0.jpg,test,FAKE_6,blur,34.41790793790229,197,76
202602052213_mp4-0032_jpg.rf.80c95cfccbd52c9249328e9a33b0a91c_1.jpg,test,REAL_11,blur,25.063239201317145,128,55
202602052213_mp4-0032_jpg.rf.80c95cfccbd52c9249328e9a33b0a91c_2.jpg,test,REAL_11,blur,20.61264515786195,117,48
202602052213_mp4-0032_jpg.rf.80c95cfccbd52c9249328e9a33b0a91c_3.jpg,test,REAL_13,blur,15.732386039307228,133,48
202602052213_mp4-0032_jpg.rf.80c95cfccbd52c9249328e9a33b0a91c_4.jpg,test,REAL_1,blur,21.166208040761635,139,36
202602052213_mp4-0034_jpg.rf.24f9e1cd1ba5668c6dc1612e55e4d677_1.jpg,test,FAKE_6,blur,12.09608718523147,204,79
202602052213_mp4-0034_jpg.rf.24f9e1cd1ba5668c6dc1612e55e4d677_2.jpg,test,REAL_11,blur,31.41354086677567,129,51
202602052213_mp4-0034_jpg.rf.24f9e1cd1ba5668c6dc1612e55e4d677_3.jpg,test,REAL_11,blur,30.884598322447673,117,51
202602052213_mp4-0034_jpg.rf.24f9e1cd1ba5668c6dc1612e55e4d677_4.jpg,test,REAL_13,blur,21.260720848149965,143,46
202602052213_mp4-0034_jpg.rf.24f9e1cd1ba5668c6dc1612e55e4d677_5.jpg,test,REAL_1,blur,10.254862021095787,143,42
202602052213_mp4-0034_jpg.rf.24f9e1cd1ba5668c6dc1612e55e4d677_6.jpg,test,REAL_7,blur,8.092890047187938,95,39
202602052213_mp4-0034_jpg.rf.24f9e1cd1ba5668c6dc1612e55e4d677_7.jpg,test,REAL_12,blur,9.732616085649946,102,56
202602052213_mp4-0060_jpg.rf.a39e2aad071d07ddc1af8149a36f6730_0.jpg,test,FAKE_6,blur,21.751234861671108,90,41
202602052213_mp4-0060_jpg.rf.a39e2aad071d07ddc1af8149a36f6730_3.jpg,test,REAL_11,blur,31.101357665121974,78,34
202602052213_mp4-0070_jpg.rf.ef11dc72f36c1640558eb6fe8b20287c_5.jpg,test,FAKE_7,terlalu_kecil,9845.553176680547,41,10
202602052213_mp4-0092_jpg.rf.c9aba9799d37fd5c3c010eddb6110990_0.jpg,test,FAKE_4,blur,43.75155591150108,178,60
202602052213_mp4-0092_jpg.rf.c9aba9799d37fd5c3c010eddb6110990_1.jpg,test,FAKE_4,blur,44.55725843096119,152,68
202602052213_mp4-0092_jpg.rf.c9aba9799d37fd5c3c010eddb6110990_2.jpg,test,REAL_11,blur,42.97884665365122,93,39
202602052213_mp4-0092_jpg.rf.c9aba9799d37fd5c3c010eddb6110990_3.jpg,test,REAL_11,blur,20.085773891966763,95,40
202602052213_mp4-0092_jpg.rf.c9aba9799d37fd5c3c010eddb6110990_4.jpg,test,REAL_7,blur,8.866758310285238,136,51
202602052213_mp4-0115_jpg.rf.54899488b444d3f1a79b0c9963ac8584_6.jpg,test,REAL_7,terlalu_kecil,223.33839777319568,86,24
202602052213_mp4-0131_jpg.rf.86c0f4b16e7019c3f393a0410f47f422_4.jpg,test,REAL_7,terlalu_kecil,102.00329921077329,57,18
202602052213_mp4-0131_jpg.rf.86c0f4b16e7019c3f393a0410f47f422_5.jpg,test,REAL_13,terlalu_kecil,169.09136094674557,60,13
202602052213_mp4-0131_jpg.rf.86c0f4b16e7019c3f393a0410f47f422_6.jpg,test,REAL_12,terlalu_kecil,92.19635408662077,58,21
202602052213_mp4-0131_jpg.rf.86c0f4b16e7019c3f393a0410f47f422_7.jpg,test,REAL_1,terlalu_kecil,82.26971066191042,58,15
202602052213_mp4-0146_jpg.rf.ce456f557beadd34146c3bdb1bd80cfe_3.jpg,test,FAKE_5,blur,44.58839612616784,109,48
202602052213_mp4-0146_jpg.rf.ce456f557beadd34146c3bdb1bd80cfe_7.jpg,test,REAL_9,terlalu_kecil,32.95569630220549,118,23
202602052213_mp4-0198_jpg.rf.0fbe225c1e2edab047601d0e9fb3b1fd_1.jpg,test,REAL_12,blur,28.653692828697075,174,63
202602052213_mp4-0205_jpg.rf.ae5f4936b0c1e4935db74308ce8a5968_0.jpg,test,FAKE_15,blur,29.979974922437655,122,39
202602052213_mp4-0205_jpg.rf.ae5f4936b0c1e4935db74308ce8a5968_1.jpg,test,FAKE_4,blur,36.5891006092626,131,39
202602052213_mp4-0205_jpg.rf.ae5f4936b0c1e4935db74308ce8a5968_2.jpg,test,REAL_12,blur,47.889394978901606,123,72
202602052213_mp4-0205_jpg.rf.ae5f4936b0c1e4935db74308ce8a5968_3.jpg,test,REAL_12,blur,40.652135320330196,130,45
202602052213_mp4-0214_jpg.rf.f0ace359958704d3d193eb508a08200f_0.jpg,test,REAL_12,blur,25.232487578822727,152,66
202602052213_mp4-0214_jpg.rf.f0ace359958704d3d193eb508a08200f_1.jpg,test,REAL_12,blur,38.11170467520619,147,70
202602052213_mp4-0214_jpg.rf.f0ace359958704d3d193eb508a08200f_2.jpg,test,REAL_1,blur,40.89882062645596,135,39
202602052213_mp4-0214_jpg.rf.f0ace359958704d3d193eb508a08200f_3.jpg,test,REAL_9,blur,48.161303353407824,142,37
202602052213_mp4-0240_jpg.rf.556c6d42ac516ee35622151224b4c170_0.jpg,test,REAL_8,blur,40.079833575935986,108,39
202602052213_mp4-0240_jpg.rf.556c6d42ac516ee35622151224b4c170_1.jpg,test,REAL_8,blur,41.77525698731138,108,40
202602052213_mp4-0245_jpg.rf.5b2928e88970cc4ff84004d2815ce2bd_0.jpg,test,REAL_8,blur,14.899713756032066,126,47
202602052213_mp4-0245_jpg.rf.5b2928e88970cc4ff84004d2815ce2bd_1.jpg,test,REAL_8,blur,32.661278901821206,132,47
202602052213_mp4-0245_jpg.rf.5b2928e88970cc4ff84004d2815ce2bd_2.jpg,test,REAL_14,blur,37.01712489125586,91,28
202602052213_mp4-0250_jpg.rf.86ed29eff6ffd3604042b24a447c23a8_0.jpg,test,REAL_8,blur,39.67196629803037,146,33
202602052213_mp4-0250_jpg.rf.86ed29eff6ffd3604042b24a447c23a8_1.jpg,test,REAL_8,blur,32.8066023827326,145,38
202602052213_mp4-0250_jpg.rf.86ed29eff6ffd3604042b24a447c23a8_2.jpg,test,REAL_14,blur,25.891574621928164,115,40
202602052213_mp4-0250_jpg.rf.86ed29eff6ffd3604042b24a447c23a8_3.jpg,test,REAL_7,blur,32.22832621362154,130,28
202602052213_mp4-0278_jpg.rf.fede36b2bb1f789c9f17940afc095765_0.jpg,test,REAL_8,blur,18.500376331595273,204,69
202602052213_mp4-0278_jpg.rf.fede36b2bb1f789c9f17940afc095765_1.jpg,test,REAL_8,blur,30.53292578100805,181,71
202602052213_mp4-0295_jpg.rf.d5371a2e4c33b906704a6f1aea47df77_3.jpg,test,REAL_7,terlalu_kecil,108.88004887698649,71,24
202602052213_mp4-0295_jpg.rf.d5371a2e4c33b906704a6f1aea47df77_4.jpg,test,REAL_4,terlalu_kecil,276.5673126673971,74,24
202602052213_mp4-0295_jpg.rf.d5371a2e4c33b906704a6f1aea47df77_5.jpg,test,REAL_5,terlalu_kecil,185.87235986265964,70,23
202602052213_mp4-0295_jpg.rf.d5371a2e4c33b906704a6f1aea47df77_9.jpg,test,REAL_9,terlalu_kecil,160.74489468449832,66,17
202602052213_mp4-0301_jpg.rf.1e5123e03b531b7c5f5940ee43c5da83_1.jpg,test,REAL_7,blur,47.80651302680836,78,28
202602052213_mp4-0301_jpg.rf.1e5123e03b531b7c5f5940ee43c5da83_2.jpg,test,REAL_6,blur,35.952412764321416,85,30
202602052213_mp4-0340_jpg.rf.dc66d2f700f7b33b8172d52e0b358b67_0.jpg,test,REAL_1,blur,36.82189112343748,118,54
202602052213_mp4-0340_jpg.rf.dc66d2f700f7b33b8172d52e0b358b67_1.jpg,test,REAL_7,blur,15.5564813468134,113,42
202602052213_mp4-0340_jpg.rf.dc66d2f700f7b33b8172d52e0b358b67_2.jpg,test,REAL_1,blur,43.836127725899054,118,54
202602052213_mp4-0340_jpg.rf.dc66d2f700f7b33b8172d52e0b358b67_3.jpg,test,REAL_4,blur,42.568672795173796,118,50
202602052213_mp4-0340_jpg.rf.dc66d2f700f7b33b8172d52e0b358b67_4.jpg,test,FAKE_4,blur,46.76018732638889,80,30
202602052213_mp4-0343_jpg.rf.f1338ce11a2ae63ca8845ec6e154fbc0_1.jpg,test,REAL_12,terlalu_kecil,220.40223072730876,116,18
202602052213_mp4-0343_jpg.rf.f1338ce11a2ae63ca8845ec6e154fbc0_4.jpg,test,REAL_3,terlalu_kecil,351.78503618520966,103,15
202602052213_mp4-0343_jpg.rf.f1338ce11a2ae63ca8845ec6e154fbc0_6.jpg,test,REAL_5,terlalu_kecil,244.00322714681437,80,19
202602052213_mp4-0346_jpg.rf.e4455988c4e34fd165663179b8274d33_0.jpg,test,REAL_1,blur,20.684529046477447,127,62
202602052213_mp4-0346_jpg.rf.e4455988c4e34fd165663179b8274d33_1.jpg,test,REAL_1,blur,32.79617778590396,127,62
202602052213_mp4-0349_jpg.rf.79184825a3d0a1f12f066f2918ef28b3_0.jpg,test,REAL_1,blur,36.94641647419241,151,56
202602052213_mp4-0385_jpg.rf.cd8dad6008d68a42f3bb9529bad48e2f_0.jpg,test,REAL_5,blur,29.48167358512932,82,33
202602052213_mp4-0385_jpg.rf.cd8dad6008d68a42f3bb9529bad48e2f_3.jpg,test,REAL_14,terlalu_kecil,258.60073217993084,50,17
202602052213_mp4-0385_jpg.rf.cd8dad6008d68a42f3bb9529bad48e2f_5.jpg,test,REAL_8,terlalu_kecil,70.32655627579622,68,23
202602052213_mp4-0400_jpg.rf.a9763923f55b775041c77118da98b87f_1.jpg,test,REAL_5,blur,26.427655161186166,138,49
202602052213_mp4-0400_jpg.rf.a9763923f55b775041c77118da98b87f_2.jpg,test,REAL_5,blur,29.06308579692499,137,52
202602052213_mp4-0411_jpg.rf.63e9b287728854eb680834e0a10cf28b_0.jpg,test,REAL_14,blur,37.97837651796256,70,44
202602052213_mp4-0411_jpg.rf.63e9b287728854eb680834e0a10cf28b_1.jpg,test,REAL_5,blur,10.749648133504989,123,54
202602052213_mp4-0411_jpg.rf.63e9b287728854eb680834e0a10cf28b_2.jpg,test,REAL_5,blur,18.681596387310815,116,45
202602052213_mp4-0436_jpg.rf.076dbf8fe5f0e2de6e2886ad62870ce2_0.jpg,test,REAL_11,blur,13.982031448897857,114,72
202602052213_mp4-0436_jpg.rf.076dbf8fe5f0e2de6e2886ad62870ce2_1.jpg,test,REAL_5,blur,30.89183498429981,132,42
202602052213_mp4-0436_jpg.rf.076dbf8fe5f0e2de6e2886ad62870ce2_2.jpg,test,REAL_5,blur,14.260077436345947,145,44
202602052213_mp4-0446_jpg.rf.b53cea4257bd4ddb9df89392c3b5b684_0.jpg,test,REAL_5,blur,24.295582016838296,176,78
202602052213_mp4-0446_jpg.rf.b53cea4257bd4ddb9df89392c3b5b684_1.jpg,test,REAL_5,blur,11.094331950362458,191,72
202602052213_mp4-0446_jpg.rf.b53cea4257bd4ddb9df89392c3b5b684_2.jpg,test,FAKE_12,blur,20.36047031215875,112,29
202602052213_mp4-0446_jpg.rf.b53cea4257bd4ddb9df89392c3b5b684_3.jpg,test,FAKE_4,blur,32.40243412830926,121,41
202602052213_mp4-0457_jpg.rf.d048340c4ffff0dfdba0dd15d614fdee_0.jpg,test,REAL_5,blur,8.949421027156214,222,104
202602052213_mp4-0457_jpg.rf.d048340c4ffff0dfdba0dd15d614fdee_2.jpg,test,REAL_5,blur,44.27551685994433,178,84
202602052213_mp4-0472_jpg.rf.34427abf75587c26bcc51c1af1d88b35_6.jpg,test,REAL_7,terlalu_kecil,32.14131273483628,72,23
202602052213_mp4-0472_jpg.rf.34427abf75587c26bcc51c1af1d88b35_7.jpg,test,REAL_12,blur,42.21140090897572,74,28
202602052213_mp4-0485_jpg.rf.35b0ae8a1d6864abd57fdade4c3ddc08_0.jpg,test,FAKE_1,blur,32.484129915747005,150,53
202602052213_mp4-0496_jpg.rf.2700a36b5709393cc1bec3f966528901_0.jpg,test,FAKE_1,blur,28.119629086517445,210,84
202602052213_mp4-0497_jpg.rf.9749576b67f8dd82ffc91db817228d04_0.jpg,test,REAL_13,blur,26.826767958193322,131,48
202602052213_mp4-0497_jpg.rf.9749576b67f8dd82ffc91db817228d04_1.jpg,test,FAKE_1,blur,21.347388943057194,208,84
202602052213_mp4-0497_jpg.rf.9749576b67f8dd82ffc91db817228d04_2.jpg,test,FAKE_1,blur,30.962024983611766,134,86
202602052213_mp4-0497_jpg.rf.9749576b67f8dd82ffc91db817228d04_3.jpg,test,REAL_7,blur,28.68052450195098,103,37
202602052213_mp4-0497_jpg.rf.9749576b67f8dd82ffc91db817228d04_4.jpg,test,REAL_11,blur,34.61004054428903,95,54
202602052213_mp4-0504_jpg.rf.e2d85ba2cb08547a222130c8fc7e2da6_0.jpg,test,FAKE_1,blur,22.782893761751506,182,61
202602052213_mp4-0504_jpg.rf.e2d85ba2cb08547a222130c8fc7e2da6_1.jpg,test,FAKE_1,blur,34.42956337051885,149,60
202602052213_mp4-0504_jpg.rf.e2d85ba2cb08547a222130c8fc7e2da6_2.jpg,test,FAKE_3,blur,33.26287468018109,163,31
2_mp4-0000_jpg.rf.585f21b25835084bf92765b33e67497f_1.jpg,test,REAL_11,terlalu_kecil,11785.746597965384,29,15
2_mp4-0059_jpg.rf.c882ad8c3af09197bf86072cf3f0dcc0_2.jpg,test,REAL_7,terlalu_kecil,5533.813727804955,119,19
2_mp4-0072_jpg.rf.a84e855b672398d052f7bd2196e75b32_0.jpg,test,REAL_13,terlalu_kecil,1281.7730010701546,145,20
2_mp4-0110_jpg.rf.ab858ecffeba89e9865ec08171ba8d47_2.jpg,test,REAL_1,terlalu_kecil,1092.9337125274715,118,23
2_mp4-0127_jpg.rf.fde1709eb41235db3a690c9307c73c8d_0.jpg,test,REAL_7,terlalu_kecil,2355.0108971512127,114,17
2_mp4-0145_jpg.rf.258a2c92c2b9841185c0c032d0d26bdb_1.jpg,test,REAL_10,terlalu_kecil,1111.599486842909,47,17
2_mp4-0145_jpg.rf.258a2c92c2b9841185c0c032d0d26bdb_3.jpg,test,REAL_10,terlalu_kecil,3748.0979365079365,35,12
2_mp4-0151_jpg.rf.d4cb05d99d2592def3facf8a7a7623d6_1.jpg,test,REAL_5,terlalu_kecil,306.0762287163386,52,21
2_mp4-0151_jpg.rf.d4cb05d99d2592def3facf8a7a7623d6_2.jpg,test,REAL_4,terlalu_kecil,729.983346521479,56,18
2_mp4-0170_jpg.rf.44f814367d9e28c9e6615a98956608b5_2.jpg,test,REAL_5,terlalu_kecil,2295.671489815207,46,14
2_mp4-0210_jpg.rf.7865883a4b3bbec1ff504ea296839f63_2.jpg,test,REAL_1,terlalu_kecil,992.9637343304113,108,19
2_mp4-0275_jpg.rf.57cb3b6fcdf40be42f1028d80c64d87d_1.jpg,test,REAL_3,terlalu_kecil,2833.620329188234,89,20
2_mp4-0294_jpg.rf.76f019bce2402ab5c80354016baabbe4_2.jpg,test,REAL_3,terlalu_kecil,1537.2228760000003,100,10
3_mp4-0012_jpg.rf.ba7a4131d21f3643a392d177a4fc1691_0.jpg,test,FAKE_11,terlalu_kecil,1915.420290885905,82,23
3_mp4-0012_jpg.rf.ba7a4131d21f3643a392d177a4fc1691_1.jpg,test,FAKE_7,terlalu_kecil,2229.1737819122877,83,16
3_mp4-0022_jpg.rf.682a8a7d2f8056d8f412e993c82ee688_1.jpg,test,FAKE_7,terlalu_kecil,2011.5580134520712,99,16
3_mp4-0046_jpg.rf.e07fe6311da327df95eb89e499485dd7_2.jpg,test,FAKE_7,terlalu_kecil,725.4534932229527,111,10
3_mp4-0089_jpg.rf.3bf88157a2df97fd739ceeed16861c49_2.jpg,test,FAKE_9,terlalu_kecil,1426.422653355372,125,22
3_mp4-0108_jpg.rf.7d115a5d2e43f828f8e1ec435e7eaced_2.jpg,test,FAKE_11,terlalu_kecil,2547.1916277037594,148,22
3_mp4-0159_jpg.rf.38f037808755583d95c55bbb3e53a83c_5.jpg,test,REAL_5,terlalu_kecil,1493.1405478395063,48,15
3_mp4-0159_jpg.rf.38f037808755583d95c55bbb3e53a83c_6.jpg,test,FAKE_14,terlalu_kecil,8358.507311888743,35,19
3_mp4-0159_jpg.rf.38f037808755583d95c55bbb3e53a83c_7.jpg,test,REAL_14,terlalu_kecil,8299.694149017334,32,16
3_mp4-0159_jpg.rf.38f037808755583d95c55bbb3e53a83c_8.jpg,test,REAL_3,terlalu_kecil,1613.4819944598337,38,19
3_mp4-0159_jpg.rf.38f037808755583d95c55bbb3e53a83c_9.jpg,test,REAL_13,terlalu_kecil,862.0333024505095,49,14
3_mp4-0188_jpg.rf.9fd40f42888033d8d9b2ef17341291bc_3.jpg,test,REAL_3,terlalu_kecil,2233.2069637204772,37,12
3_mp4-0188_jpg.rf.9fd40f42888033d8d9b2ef17341291bc_5.jpg,test,FAKE_14,terlalu_kecil,8849.85439853076,15,11
3_mp4-0188_jpg.rf.9fd40f42888033d8d9b2ef17341291bc_6.jpg,test,R1,terlalu_kecil,5197.400104590823,43,11
3_mp4-0188_jpg.rf.9fd40f42888033d8d9b2ef17341291bc_7.jpg,test,REAL_5,terlalu_kecil,1338.4676080868794,44,11
3_mp4-0194_jpg.rf.8f927626cb3615dbde14041020a1d062_3.jpg,test,REAL_3,terlalu_kecil,2195.6206628926225,37,12
3_mp4-0194_jpg.rf.8f927626cb3615dbde14041020a1d062_5.jpg,test,FAKE_14,terlalu_kecil,5956.623514033065,17,15
3_mp4-0194_jpg.rf.8f927626cb3615dbde14041020a1d062_6.jpg,test,REAL_13,terlalu_kecil,3478.4050436018574,43,11
3_mp4-0194_jpg.rf.8f927626cb3615dbde14041020a1d062_7.jpg,test,REAL_5,terlalu_kecil,1807.16433207139,43,10
3_mp4-0206_jpg.rf.50d1df465ead65295a5df3e8823cdd12_2.jpg,test,REAL_3,terlalu_kecil,1850.044021001752,38,14
3_mp4-0206_jpg.rf.50d1df465ead65295a5df3e8823cdd12_3.jpg,test,FAKE_7,terlalu_kecil,2221.5024438537466,101,11
3_mp4-0206_jpg.rf.50d1df465ead65295a5df3e8823cdd12_4.jpg,test,FAKE_14,terlalu_kecil,2866.048504801098,27,15
3_mp4-0206_jpg.rf.50d1df465ead65295a5df3e8823cdd12_5.jpg,test,REAL_13,terlalu_kecil,1079.319135802469,45,14
3_mp4-0245_jpg.rf.af320eb8c9b2a3fa6c3c2e2ea3e7b5d1_2.jpg,test,FAKE_1,terlalu_kecil,1405.3798821232613,121,12
3_mp4-0283_jpg.rf.055bfd7e630e6a29cccc5bb559b5b725_2.jpg,test,FAKE_11,terlalu_kecil,1528.2277942438693,135,23
4_mp4-0007_jpg.rf.3441acb4fd63b2f329f31d8ffb7c6c90_1.jpg,test,FAKE_4,terlalu_kecil,1171.402528344671,84,20
4_mp4-0007_jpg.rf.3441acb4fd63b2f329f31d8ffb7c6c90_2.jpg,test,FAKE_10,terlalu_kecil,6732.546907431747,53,17
4_mp4-0014_jpg.rf.41c09c4a4d6bfe92e4be8a12009c04e5_1.jpg,test,FAKE_4,terlalu_kecil,1937.826062814655,93,18
4_mp4-0014_jpg.rf.41c09c4a4d6bfe92e4be8a12009c04e5_2.jpg,test,FAKE_10,terlalu_kecil,3452.7690202517792,58,21
4_mp4-0022_jpg.rf.522ae641e36fcf6209612f2f46c54903_1.jpg,test,FAKE_4,terlalu_kecil,504.42685619056954,101,20
4_mp4-0022_jpg.rf.522ae641e36fcf6209612f2f46c54903_2.jpg,test,FAKE_10,terlalu_kecil,6224.836545989192,66,23
4_mp4-0030_jpg.rf.96dc7e057538532032e78743575b26af_1.jpg,test,FAKE_10,terlalu_kecil,5825.1773262537245,68,24
4_mp4-0030_jpg.rf.96dc7e057538532032e78743575b26af_2.jpg,test,FAKE_4,terlalu_kecil,1095.560046040779,102,11
4_mp4-0068_jpg.rf.e66ea64c7e358670e4e5218c60feab0b_2.jpg,test,REAL_12,terlalu_kecil,6984.279750127197,112,19
4_mp4-0085_jpg.rf.58645825be5e8c454bb1cae7ad0696a3_1.jpg,test,FAKE_5,terlalu_kecil,3587.3172203908825,110,23
4_mp4-0093_jpg.rf.b1b6fe716fa9da3396f77c317c2ab9b7_0.jpg,test,FAKE_5,terlalu_kecil,1253.034484543453,110,17
4_mp4-0136_jpg.rf.075e858939cc7a85aa17d8937968bd10_1.jpg,test,FAKE_15,terlalu_kecil,931.9739954118897,104,16
4_mp4-0136_jpg.rf.075e858939cc7a85aa17d8937968bd10_3.jpg,test,FAKE_12,terlalu_kecil,924.5127840909091,32,11
4_mp4-0171_jpg.rf.a278fe0dab65b556556c5dbe3c6e7084_2.jpg,test,FAKE_12,terlalu_kecil,2205.712075057517,106,19
4_mp4-0171_jpg.rf.a278fe0dab65b556556c5dbe3c6e7084_3.jpg,test,FAKE_9,terlalu_kecil,3786.71201150422,31,12
4_mp4-0203_jpg.rf.c359e5de50411979a17c7226a6ef0713_2.jpg,test,FAKE_14,terlalu_kecil,4017.5076373670972,37,15
4_mp4-0203_jpg.rf.c359e5de50411979a17c7226a6ef0713_3.jpg,test,FAKE_9,terlalu_kecil,2222.5754957073314,41,13
4_mp4-0203_jpg.rf.c359e5de50411979a17c7226a6ef0713_4.jpg,test,REAL_3,terlalu_kecil,2144.7590097814273,35,13
4_mp4-0203_jpg.rf.c359e5de50411979a17c7226a6ef0713_5.jpg,test,REAL_14,terlalu_kecil,2146.4036414930556,30,16
4_mp4-0203_jpg.rf.c359e5de50411979a17c7226a6ef0713_6.jpg,test,FAKE_11,terlalu_kecil,1783.6645750433631,44,9
4_mp4-0203_jpg.rf.c359e5de50411979a17c7226a6ef0713_7.jpg,test,REAL_9,terlalu_kecil,871.7736943024105,37,8
4_mp4-0211_jpg.rf.623b0cb73aba4a7b424efe67d513a8ff_1.jpg,test,FAKE_14,terlalu_kecil,4881.599183673469,35,16
4_mp4-0211_jpg.rf.623b0cb73aba4a7b424efe67d513a8ff_2.jpg,test,REAL_14,terlalu_kecil,7373.425766666665,30,20
4_mp4-0211_jpg.rf.623b0cb73aba4a7b424efe67d513a8ff_3.jpg,test,REAL_9,terlalu_kecil,6684.438016000001,25,10
4_mp4-0211_jpg.rf.623b0cb73aba4a7b424efe67d513a8ff_4.jpg,test,REAL_3,terlalu_kecil,1960.4083159722222,32,15
4_mp4-0211_jpg.rf.623b0cb73aba4a7b424efe67d513a8ff_5.jpg,test,FAKE_9,terlalu_kecil,10394.894397566224,39,13
4_mp4-0290_jpg.rf.e159cdbc862de91c1983498ff457ef19_0.jpg,test,FAKE_10,terlalu_kecil,8324.53155130854,48,22
4_mp4-0290_jpg.rf.e159cdbc862de91c1983498ff457ef19_2.jpg,test,FAKE_5,terlalu_kecil,3199.5242606846664,102,14
5_mp4-0031_jpg.rf.bc568904e684ed03517c849e75ce488d_0.jpg,test,REAL_6,terlalu_kecil,3228.5334976022855,45,22
5_mp4-0031_jpg.rf.bc568904e684ed03517c849e75ce488d_2.jpg,test,REAL_10,terlalu_kecil,546.4496449984781,93,14
5_mp4-0049_jpg.rf.7887e15cd0295de5fe59060167b26841_1.jpg,test,REAL_6,terlalu_kecil,5981.110937525612,52,19
5_mp4-0058_jpg.rf.3a5e1bde537517b8e621c5d323a117e1_0.jpg,test,REAL_6,terlalu_kecil,5931.24571286848,56,21
5_mp4-0072_jpg.rf.8d10f59ffd9dcb0ebac8a8bad2b02a3e_0.jpg,test,REAL_6,terlalu_kecil,6745.2933669742415,51,20
5_mp4-0076_jpg.rf.943629be2844ed19c338c42ee0f0e359_0.jpg,test,REAL_6,terlalu_kecil,5011.361088435374,50,21
5_mp4-0076_jpg.rf.943629be2844ed19c338c42ee0f0e359_2.jpg,test,REAL_5,terlalu_kecil,706.8558319071534,109,24
5_mp4-0084_jpg.rf.86451225ed892c37dbe6a66a07ec43cd_0.jpg,test,REAL_6,terlalu_kecil,5495.368615751278,46,21
5_mp4-0094_jpg.rf.c143b0ee44a7fd8ccd5d7bf96699c7db_0.jpg,test,REAL_6,terlalu_kecil,3844.344780023736,43,24
5_mp4-0126_jpg.rf.6257cec4cb1eda08f4c4d1efbee781e8_0.jpg,test,FAKE_9,terlalu_kecil,3368.408421632035,43,13
5_mp4-0126_jpg.rf.6257cec4cb1eda08f4c4d1efbee781e8_2.jpg,test,FAKE_11,terlalu_kecil,1719.4973669908734,42,11
5_mp4-0126_jpg.rf.6257cec4cb1eda08f4c4d1efbee781e8_3.jpg,test,REAL_3,terlalu_kecil,1220.5458168967787,36,13
5_mp4-0159_jpg.rf.7e594e97fdc9cd76ff5983dd88d4b9b6_1.jpg,test,REAL_3,terlalu_kecil,1644.3214975896706,31,14
5_mp4-0159_jpg.rf.7e594e97fdc9cd76ff5983dd88d4b9b6_2.jpg,test,REAL_5,terlalu_kecil,1108.5776697392673,103,24
5_mp4-0159_jpg.rf.7e594e97fdc9cd76ff5983dd88d4b9b6_3.jpg,test,FAKE_9,terlalu_kecil,4042.094092739136,42,14
5_mp4-0173_jpg.rf.94321227802243af810137150c1b88ea_0.jpg,test,FAKE_9,terlalu_kecil,1454.9577083333334,45,16
5_mp4-0173_jpg.rf.94321227802243af810137150c1b88ea_1.jpg,test,REAL_3,terlalu_kecil,4713.400695231796,36,14
5_mp4-0184_jpg.rf.c8f55ae212e2d39f63c1fe7bc2b4d91e_1.jpg,test,REAL_6,terlalu_kecil,4904.1671765353085,52,21
5_mp4-0184_jpg.rf.c8f55ae212e2d39f63c1fe7bc2b4d91e_2.jpg,test,FAKE_9,terlalu_kecil,1261.8124930747922,38,20
5_mp4-0194_jpg.rf.0ee1fd0d8b4b9a8c934be67197963853_1.jpg,test,REAL_6,terlalu_kecil,5940.378325617284,54,20
5_mp4-0196_jpg.rf.1ec22adff963e3f3e95e9c4d6d04d99a_1.jpg,test,REAL_6,terlalu_kecil,4762.389473743692,53,21
5_mp4-0211_jpg.rf.d81903e6b321a7cceb826484afb2ccb0_0.jpg,test,REAL_6,terlalu_kecil,6781.419955051482,53,19
5_mp4-0211_jpg.rf.d81903e6b321a7cceb826484afb2ccb0_1.jpg,test,REAL_10,terlalu_kecil,1148.308171352567,84,19
5_mp4-0235_jpg.rf.edcbdeb696ed753684ade28861614afe_1.jpg,test,REAL_6,terlalu_kecil,4462.007346441091,45,18
5_mp4-0235_jpg.rf.edcbdeb696ed753684ade28861614afe_2.jpg,test,REAL_4,terlalu_kecil,1585.4815840494944,101,24
5_mp4-0246_jpg.rf.daea6486a30b8386d3104205ebabb504_0.jpg,test,REAL_6,terlalu_kecil,5687.795712868481,40,21
5_mp4-0246_jpg.rf.daea6486a30b8386d3104205ebabb504_1.jpg,test,REAL_4,terlalu_kecil,4747.787836634347,102,16
6_mp4-0014_jpg.rf.52f1f7a0e653a7fb4f5a7b47cd7e6938_0.jpg,test,FAKE_8,terlalu_kecil,1829.9709479916885,110,23
6_mp4-0014_jpg.rf.52f1f7a0e653a7fb4f5a7b47cd7e6938_2.jpg,test,FAKE_14,terlalu_kecil,4830.526501283384,84,24
6_mp4-0028_jpg.rf.d0c06bf0be420ae457173c1994815b84_0.jpg,test,FAKE_14,terlalu_kecil,5049.68358843813,93,17
6_mp4-0131_jpg.rf.d546afd1a6bc1e4879131133b6209eca_2.jpg,test,FAKE_2,terlalu_kecil,1413.0575853342068,124,18
6_mp4-0147_jpg.rf.67c7ea522e5edfd96772c3548c8c0899_3.jpg,test,FAKE_9,terlalu_kecil,1017.0222386762717,49,18
6_mp4-0147_jpg.rf.67c7ea522e5edfd96772c3548c8c0899_4.jpg,test,REAL_3,terlalu_kecil,1761.6248022460939,40,16
6_mp4-0147_jpg.rf.67c7ea522e5edfd96772c3548c8c0899_5.jpg,test,REAL_1,terlalu_kecil,13325.008034026465,23,8
6_mp4-0166_jpg.rf.059e65136693ae62d7c5dac66f57ae4e_2.jpg,test,REAL_3,terlalu_kecil,1755.6692371612246,36,13
6_mp4-0166_jpg.rf.059e65136693ae62d7c5dac66f57ae4e_3.jpg,test,FAKE_9,terlalu_kecil,4864.686559701941,43,15
6_mp4-0166_jpg.rf.059e65136693ae62d7c5dac66f57ae4e_4.jpg,test,FAKE_3,terlalu_kecil,1120.108418091501,112,17
6_mp4-0166_jpg.rf.059e65136693ae62d7c5dac66f57ae4e_5.jpg,test,FAKE_11,terlalu_kecil,1995.5822556371797,44,9
6_mp4-0228_jpg.rf.ad7065a09a3e0d746ca008f0e8c5bdde_2.jpg,test,FAKE_2,terlalu_kecil,954.6644183393521,126,18
6_mp4-0257_jpg.rf.9fd3297de40613d8c140d2f8dfa42931_2.jpg,test,FAKE_8,terlalu_kecil,141.01710538897618,110,11
6_mp4-0274_jpg.rf.51a2d87a80586e3c96afae9edff17226_1.jpg,test,FAKE_8,terlalu_kecil,3709.1437372159226,95,17
6_mp4-0274_jpg.rf.51a2d87a80586e3c96afae9edff17226_2.jpg,test,FAKE_13,terlalu_kecil,8802.009432112804,49,23
6_mp4-0299_jpg.rf.552be4086e5718b54706b1782d5040b3_2.jpg,test,FAKE_14,terlalu_kecil,1412.6010764478235,89,18
7_mp4-0004_jpg.rf.2050f98c45effda75e544cca284f303b_0.jpg,test,REAL_12,terlalu_kecil,2122.337437371935,82,15
7_mp4-0004_jpg.rf.2050f98c45effda75e544cca284f303b_1.jpg,test,REAL_8,terlalu_kecil,7102.293436633912,35,18
7_mp4-0004_jpg.rf.2050f98c45effda75e544cca284f303b_2.jpg,test,REAL_9,terlalu_kecil,4361.542196288991,78,24
7_mp4-0039_jpg.rf.2c33afc011f9fb05159f43dfac71cf1f_0.jpg,test,REAL_8,terlalu_kecil,5379.1930798035355,56,24
7_mp4-0039_jpg.rf.2c33afc011f9fb05159f43dfac71cf1f_2.jpg,test,REAL_9,terlalu_kecil,686.850807060504,99,10
7_mp4-0064_jpg.rf.c141ff428bebf3aef21170e1ec808458_1.jpg,test,REAL_15,terlalu_kecil,682.8494438705234,88,15
7_mp4-0082_jpg.rf.98066149e8c174ac57eb6ede74878502_2.jpg,test,REAL_12,terlalu_kecil,2483.645494926978,91,19
7_mp4-0091_jpg.rf.5852dbb6bdde2d9c9f46213367961d06_2.jpg,test,REAL_12,terlalu_kecil,994.9981642512076,92,15
7_mp4-0132_jpg.rf.d5f12d14a50d007d2922bc63d817ed95_0.jpg,test,REAL_14,terlalu_kecil,1271.3048652560963,72,22
7_mp4-0154_jpg.rf.40477c658915403139f78bbf5b4ef29b_1.jpg,test,REAL_3,terlalu_kecil,9041.423148548636,34,12
7_mp4-0154_jpg.rf.40477c658915403139f78bbf5b4ef29b_2.jpg,test,FAKE_9,terlalu_kecil,9777.887550399893,41,12
7_mp4-0154_jpg.rf.40477c658915403139f78bbf5b4ef29b_3.jpg,test,REAL_8,terlalu_kecil,4268.054126062148,54,24
7_mp4-0154_jpg.rf.40477c658915403139f78bbf5b4ef29b_4.jpg,test,FAKE_1,terlalu_kecil,1572.7255409968357,31,14
7_mp4-0154_jpg.rf.40477c658915403139f78bbf5b4ef29b_5.jpg,test,FAKE_11,terlalu_kecil,5681.806328078525,41,8
7_mp4-0154_jpg.rf.40477c658915403139f78bbf5b4ef29b_6.jpg,test,REAL_15,terlalu_kecil,931.8853491593876,84,13
7_mp4-0154_jpg.rf.40477c658915403139f78bbf5b4ef29b_7.jpg,test,REAL_5,terlalu_kecil,6186.958331831021,43,15
7_mp4-0154_jpg.rf.40477c658915403139f78bbf5b4ef29b_8.jpg,test,REAL_11,terlalu_kecil,987.2747107438016,22,15
7_mp4-0180_jpg.rf.90bd1d0a407887276db3e70a7d850702_2.jpg,test,REAL_3,terlalu_kecil,7956.402605941068,33,13
7_mp4-0180_jpg.rf.90bd1d0a407887276db3e70a7d850702_3.jpg,test,FAKE_9,terlalu_kecil,3162.3553516080988,39,14
7_mp4-0180_jpg.rf.90bd1d0a407887276db3e70a7d850702_4.jpg,test,REAL_5,terlalu_kecil,1678.266611295681,43,14
7_mp4-0186_jpg.rf.17680fb25c17c84c18b6cc5e648657ab_1.jpg,test,FAKE_9,terlalu_kecil,813.6888330685507,43,16
7_mp4-0186_jpg.rf.17680fb25c17c84c18b6cc5e648657ab_3.jpg,test,REAL_3,terlalu_kecil,1567.3597001249482,35,14
7_mp4-0186_jpg.rf.17680fb25c17c84c18b6cc5e648657ab_4.jpg,test,REAL_5,terlalu_kecil,1083.9421120293848,44,15
7_mp4-0186_jpg.rf.17680fb25c17c84c18b6cc5e648657ab_5.jpg,test,REAL_9,terlalu_kecil,3696.6849769796104,85,11
7_mp4-0198_jpg.rf.f1ef695eddbfe257b7885175c20e7720_1.jpg,test,REAL_9,terlalu_kecil,356.56806824167217,93,24
7_mp4-0198_jpg.rf.f1ef695eddbfe257b7885175c20e7720_2.jpg,test,FAKE_9,terlalu_kecil,361.58762017203577,35,22
7_mp4-0215_jpg.rf.30ce101b3c78d3b2466a1630ea5b936b_1.jpg,test,REAL_14,terlalu_kecil,651.7053483070916,78,17
7_mp4-0250_jpg.rf.83a05bb100aa149d99de49334c7bd13f_2.jpg,test,REAL_12,terlalu_kecil,2627.841232237503,99,13
7_mp4-0274_jpg.rf.d277bee40d2caf6cc831269b1e862ef6_2.jpg,test,REAL_9,terlalu_kecil,1679.9533986928107,102,20
7_mp4-0280_jpg.rf.d75f0173ced1f6cccb5d9bb67fb02070_2.jpg,test,REAL_9,terlalu_kecil,140.28283441313158,110,19
7_mp4-0293_jpg.rf.5b3870474128966c4bbb3205b280d68c_1.jpg,test,REAL_8,terlalu_kecil,3595.572216708887,59,22
8_mp4-0005_jpg.rf.2e0686d93a031c6be48c530253486717_1.jpg,test,R1,terlalu_kecil,3150.1733047272064,46,17
8_mp4-0073_jpg.rf.635b565330c02d5ea077fe39f4c59854_2.jpg,test,R1,terlalu_kecil,490.2726461514064,89,22
8_mp4-0153_jpg.rf.dc4321416c06f73ec63cbaf94f1510b9_2.jpg,test,R1,terlalu_kecil,1871.7446916287176,110,21
8_mp4-0249_jpg.rf.d9d164bad3ad0aeaced1c7b070344341_3.jpg,test,R1,terlalu_kecil,3760.3059179177926,46,22
9_mp4-0124_jpg.rf.3d12b9cff7a70b367ceab0983efbcaf7_3.jpg,test,R1,terlalu_kecil,658.056045638177,89,16
9_mp4-0124_jpg.rf.3d12b9cff7a70b367ceab0983efbcaf7_4.jpg,test,REAL_11,terlalu_kecil,982.8995463510848,26,15
9_mp4-0124_jpg.rf.3d12b9cff7a70b367ceab0983efbcaf7_5.jpg,test,FAKE_7,terlalu_kecil,4081.07400067465,22,14
9_mp4-0124_jpg.rf.3d12b9cff7a70b367ceab0983efbcaf7_6.jpg,test,FAKE_12,terlalu_kecil,1883.5200388558765,33,11
9_mp4-0124_jpg.rf.3d12b9cff7a70b367ceab0983efbcaf7_7.jpg,test,R1,terlalu_kecil,3239.2490288318118,19,13
9_mp4-0130_jpg.rf.7d36601415d672e0225a77440bf110ae_3.jpg,test,R1,terlalu_kecil,4641.948460297419,36,22
9_mp4-0130_jpg.rf.7d36601415d672e0225a77440bf110ae_4.jpg,test,FAKE_12,terlalu_kecil,3952.1281333242264,33,11
9_mp4-0130_jpg.rf.7d36601415d672e0225a77440bf110ae_5.jpg,test,R1,terlalu_kecil,4502.127224121094,32,20
9_mp4-0130_jpg.rf.7d36601415d672e0225a77440bf110ae_6.jpg,test,REAL_11,terlalu_kecil,5713.80234375,20,16
9_mp4-0148_jpg.rf.cd0910fc022ff8020022e1eb676ef16c_3.jpg,test,R1,terlalu_kecil,879.1297635445362,44,12
9_mp4-0148_jpg.rf.cd0910fc022ff8020022e1eb676ef16c_4.jpg,test,R1,terlalu_kecil,2694.1279129227846,26,18
9_mp4-0157_jpg.rf.479940200a8d3d16e9b66951ae9511b0_2.jpg,test,R1,terlalu_kecil,291.70671111111113,75,18
9_mp4-0157_jpg.rf.479940200a8d3d16e9b66951ae9511b0_3.jpg,test,FAKE_12,terlalu_kecil,532.7619844080883,33,14
9_mp4-0157_jpg.rf.479940200a8d3d16e9b66951ae9511b0_4.jpg,test,R1,terlalu_kecil,696.4599084144546,38,23
9_mp4-0157_jpg.rf.479940200a8d3d16e9b66951ae9511b0_5.jpg,test,FAKE_1,terlalu_kecil,3840.907308697519,33,13
9_mp4-0157_jpg.rf.479940200a8d3d16e9b66951ae9511b0_6.jpg,test,R1,terlalu_kecil,1694.3137634622963,51,9
9_mp4-0157_jpg.rf.479940200a8d3d16e9b66951ae9511b0_7.jpg,test,R1,terlalu_kecil,3289.9850510452115,22,17
9_mp4-0157_jpg.rf.479940200a8d3d16e9b66951ae9511b0_8.jpg,test,REAL_11,terlalu_kecil,970.7461033950618,24,15
9_mp4-0178_jpg.rf.a0107fe6f1aba1096e87905b783e6e3d_3.jpg,test,R1,terlalu_kecil,463.7554195030595,43,22
9_mp4-0178_jpg.rf.a0107fe6f1aba1096e87905b783e6e3d_4.jpg,test,R1,terlalu_kecil,4025.413580246913,24,18
9_mp4-0299_jpg.rf.8fdda8e498819de498c0e320d7e227ce_2.jpg,test,R1,terlalu_kecil,1081.6309425212667,92,20
dataset_2_mp4-0227_jpg.rf.316e93265427603f9cbd3aaaf06134c3_1.jpg,test,REAL_11,blur,19.8827789924615,376,229
dataset_2_mp4-0271_jpg.rf.70eb83f00c8364c46ec621a84296d66a_1.jpg,test,FAKE_1,blur,27.585230120911472,366,108
dataset_2_mp4-0321_jpg.rf.85ce628aabc1c2e265ec617fb1a7c127_0.jpg,test,FAKE_15,blur,15.020584927113015,374,173
dataset_2_mp4-0405_jpg.rf.d60e9998960275a0070f534740228917_0.jpg,test,REAL_1,blur,30.188372796151164,377,198
dataset_2_mp4-0446_jpg.rf.7b55905620b0a37a93ea6844337f75da_0.jpg,test,FAKE_8,blur,39.86696720788944,425,157
dataset_2_mp4-0447_jpg.rf.009a92e92428c15def2d2fee65303b31_0.jpg,test,FAKE_8,blur,33.622878421617955,475,196
dataset_2_mp4-0493_jpg.rf.db65ea4756e3b57c5404a306b9e6a62f_0.jpg,test,FAKE_2,blur,38.43204585401808,215,211
dataset_2_mp4-0499_jpg.rf.2b965e05f04a45a9a3bfae7d8d5517ab_0.jpg,test,FAKE_6,blur,30.051419341109376,308,280
dataset_2_mp4-0502_jpg.rf.213faf4f790a0a7c0d7e4f0dca359694_0.jpg,test,FAKE_6,blur,14.617527564377008,342,340
dataset_2_mp4-0538_jpg.rf.e5805ad948585e7c721b9667c6041a30_1.jpg,test,FAKE_14,blur,36.01049670540214,378,91
dataset_2_mp4-0566_jpg.rf.11efa6767129645ca0e47b2022d7a8d2_0.jpg,test,FAKE_3,blur,44.65895514429379,285,127
dataset_2_mp4-0671_jpg.rf.55f3e61b20e493a02bdcbd3bdb8e172b_0.jpg,test,REAL_14,blur,37.809232088971164,368,234
dataset_2_mp4-0717_jpg.rf.f3b0c652314b047e560e073e0ec6ae68_0.jpg,test,REAL_5,blur,44.36069612521924,328,112
dataset_2_mp4-0717_jpg.rf.f3b0c652314b047e560e073e0ec6ae68_1.jpg,test,REAL_4,blur,32.80287351902887,336,164
dataset_2_mp4-0798_jpg.rf.a0e914475e5c466e9ea4f1bc66c00152_0.jpg,test,REAL_14,blur,49.88592550396725,390,261
dataset_2_mp4-0800_jpg.rf.17cdd1a4760436c250aa8f9ad2efaa5e_0.jpg,test,REAL_14,blur,27.10906912376657,319,226
dataset_2_mp4-0804_jpg.rf.1e4f6d74d003566b37afecb3e5341128_0.jpg,test,REAL_8,blur,39.158860787965374,307,296
dataset_2_mp4-0815_jpg.rf.fff2d55ef897f4f86b0f59e0bacdf3e4_0.jpg,test,REAL_8,blur,32.40995073354781,469,218
dataset_2_mp4-0849_jpg.rf.4781f208a95c50a62d1e5079bb552f5d_0.jpg,test,REAL_7,blur,38.542777301017324,398,118
dataset_2_mp4-0937_jpg.rf.373db8ccc663633be36c32988e2021e7_0.jpg,test,FAKE_7,blur,35.30190179794407,409,153
dataset_2_mp4-0956_jpg.rf.6b7a454be6a7f6bb1c9c8ecc473ea53c_1.jpg,test,FAKE_6,blur,42.905661490823974,325,226
FAKE_MERAH2_mp4-0024_jpg.rf.380240f12315867dadeb3e27c8b53380_2.jpg,test,FAKE_7,terlalu_kecil,743.3830297047012,98,9
FAKE_MERAH2_mp4-0109_jpg.rf.433e0cf7140835927e3ff8b91a3880d2_1.jpg,test,FAKE_7,terlalu_kecil,1923.3846489091857,112,23
FAKE_MERAH2_mp4-0141_jpg.rf.94d02140c59180e9b48669fba7819feb_2.jpg,test,R1,terlalu_kecil,1291.2483700474518,42,23
FAKE_MERAH2_mp4-0141_jpg.rf.94d02140c59180e9b48669fba7819feb_3.jpg,test,FAKE_15,terlalu_kecil,838.2835293463545,46,17
FAKE_MERAH2_mp4-0141_jpg.rf.94d02140c59180e9b48669fba7819feb_4.jpg,test,R1,terlalu_kecil,425.70379507849685,49,22
FAKE_MERAH2_mp4-0141_jpg.rf.94d02140c59180e9b48669fba7819feb_5.jpg,test,REAL_3,terlalu_kecil,1215.2163403753698,52,16
FAKE_MERAH2_mp4-0141_jpg.rf.94d02140c59180e9b48669fba7819feb_6.jpg,test,R1,terlalu_kecil,221.21170319108035,60,17
FAKE_MERAH2_mp4-0141_jpg.rf.94d02140c59180e9b48669fba7819feb_7.jpg,test,REAL_4,terlalu_kecil,1211.99533721301,56,20
FAKE_MERAH2_mp4-0147_jpg.rf.ba0ba0e13c2bfc7bfc0ef8ec2e138735_2.jpg,test,R1,terlalu_kecil,2485.6760784972425,45,21
FAKE_MERAH2_mp4-0147_jpg.rf.ba0ba0e13c2bfc7bfc0ef8ec2e138735_3.jpg,test,FAKE_15,terlalu_kecil,2281.079704861111,45,16
FAKE_MERAH2_mp4-0147_jpg.rf.ba0ba0e13c2bfc7bfc0ef8ec2e138735_4.jpg,test,R1,terlalu_kecil,2190.1492385981023,54,22
FAKE_MERAH2_mp4-0147_jpg.rf.ba0ba0e13c2bfc7bfc0ef8ec2e138735_5.jpg,test,REAL_3,terlalu_kecil,3470.7694682771075,49,15
FAKE_MERAH2_mp4-0147_jpg.rf.ba0ba0e13c2bfc7bfc0ef8ec2e138735_6.jpg,test,REAL_4,terlalu_kecil,3075.0131,50,16
FAKE_MERAH2_mp4-0147_jpg.rf.ba0ba0e13c2bfc7bfc0ef8ec2e138735_7.jpg,test,R1,terlalu_kecil,2019.9769578769767,55,17
FAKE_MERAH2_mp4-0155_jpg.rf.a8eea627bc4cdba5c3a198e2e3f38ced_3.jpg,test,FAKE_15,terlalu_kecil,6764.223091554062,46,18
FAKE_MERAH2_mp4-0155_jpg.rf.a8eea627bc4cdba5c3a198e2e3f38ced_4.jpg,test,R1,terlalu_kecil,1005.8213374216127,43,22
FAKE_MERAH2_mp4-0155_jpg.rf.a8eea627bc4cdba5c3a198e2e3f38ced_5.jpg,test,R1,terlalu_kecil,1021.8723606305266,51,20
FAKE_MERAH2_mp4-0155_jpg.rf.a8eea627bc4cdba5c3a198e2e3f38ced_6.jpg,test,FAKE_2,terlalu_kecil,909.681303236175,45,13
FAKE_MERAH2_mp4-0155_jpg.rf.a8eea627bc4cdba5c3a198e2e3f38ced_7.jpg,test,FAKE_12,terlalu_kecil,4929.7271398641105,48,18
FAKE_MERAH2_mp4-0155_jpg.rf.a8eea627bc4cdba5c3a198e2e3f38ced_8.jpg,test,REAL_3,terlalu_kecil,1726.51287958169,48,13
FAKE_MERAH2_mp4-0155_jpg.rf.a8eea627bc4cdba5c3a198e2e3f38ced_9.jpg,test,R1,terlalu_kecil,4717.206972988207,31,24
FAKE_MERAH2_mp4-0155_jpg.rf.a8eea627bc4cdba5c3a198e2e3f38ced_10.jpg,test,REAL_9,terlalu_kecil,886.0612258450096,37,11
FAKE_MERAH2_mp4-0155_jpg.rf.a8eea627bc4cdba5c3a198e2e3f38ced_11.jpg,test,REAL_4,terlalu_kecil,1345.3050804363907,48,13
FAKE_MERAH2_mp4-0155_jpg.rf.a8eea627bc4cdba5c3a198e2e3f38ced_12.jpg,test,R1,terlalu_kecil,707.0944953720185,53,16
FAKE_MERAH2_mp4-0169_jpg.rf.6f338a29ed2b953ecc0121147f4583dd_3.jpg,test,FAKE_15,terlalu_kecil,4265.924347873264,48,20
FAKE_MERAH2_mp4-0169_jpg.rf.6f338a29ed2b953ecc0121147f4583dd_4.jpg,test,FAKE_12,terlalu_kecil,970.2471576866039,42,17
FAKE_MERAH2_mp4-0169_jpg.rf.6f338a29ed2b953ecc0121147f4583dd_5.jpg,test,REAL_10,terlalu_kecil,846.5459089452957,38,21
FAKE_MERAH2_mp4-0169_jpg.rf.6f338a29ed2b953ecc0121147f4583dd_6.jpg,test,R1,terlalu_kecil,520.1485467308103,52,19
FAKE_MERAH2_mp4-0169_jpg.rf.6f338a29ed2b953ecc0121147f4583dd_7.jpg,test,REAL_4,terlalu_kecil,3290.862945678429,46,12
FAKE_MERAH2_mp4-0169_jpg.rf.6f338a29ed2b953ecc0121147f4583dd_8.jpg,test,REAL_3,terlalu_kecil,1405.4238888888888,48,15
FAKE_MERAH2_mp4-0169_jpg.rf.6f338a29ed2b953ecc0121147f4583dd_9.jpg,test,R1,terlalu_kecil,2402.6945783827036,48,16
FAKE_MERAH2_mp4-0169_jpg.rf.6f338a29ed2b953ecc0121147f4583dd_10.jpg,test,R1,terlalu_kecil,6648.3443434343435,30,22
FAKE_MERAH2_mp4-0173_jpg.rf.75c164185e9526ef58f4b541c4df11b5_0.jpg,test,REAL_10,terlalu_kecil,1105.0934102172725,38,21
FAKE_MERAH2_mp4-0173_jpg.rf.75c164185e9526ef58f4b541c4df11b5_3.jpg,test,FAKE_15,terlalu_kecil,3512.9342016528926,50,22
FAKE_MERAH2_mp4-0173_jpg.rf.75c164185e9526ef58f4b541c4df11b5_5.jpg,test,FAKE_12,terlalu_kecil,6034.500617825254,42,16
FAKE_MERAH2_mp4-0173_jpg.rf.75c164185e9526ef58f4b541c4df11b5_7.jpg,test,R1,terlalu_kecil,953.3508950617284,48,15
FAKE_MERAH2_mp4-0173_jpg.rf.75c164185e9526ef58f4b541c4df11b5_8.jpg,test,REAL_3,terlalu_kecil,1868.8824187838402,49,16
FAKE_MERAH2_mp4-0173_jpg.rf.75c164185e9526ef58f4b541c4df11b5_9.jpg,test,REAL_4,terlalu_kecil,1475.2748195513302,47,12
FAKE_MERAH2_mp4-0173_jpg.rf.75c164185e9526ef58f4b541c4df11b5_10.jpg,test,R1,terlalu_kecil,7578.205259399285,30,23
FAKE_MERAH2_mp4-0173_jpg.rf.75c164185e9526ef58f4b541c4df11b5_11.jpg,test,FAKE_10,terlalu_kecil,2258.1679879374665,53,19
FAKE_MERAH2_mp4-0220_jpg.rf.ab3c4d7d6f14066dac1e219861d8e72e_2.jpg,test,FAKE_14,terlalu_kecil,301.78854536489155,104,15
FAKE_MERAH2_mp4-0231_jpg.rf.ecb619ef2a9af6da8456da698e7881a7_2.jpg,test,FAKE_14,terlalu_kecil,1338.3277328206307,99,24
FAKE_MERAH2_mp4-0297_jpg.rf.d19cdad7c629f3c478f394369c65ecac_2.jpg,test,FAKE_7,terlalu_kecil,1664.691962623781,111,22
FAKE_MERAH3_mp4-0005_jpg.rf.97513d6e787fa83d561f55e2c4cba8d6_1.jpg,test,FAKE_6,terlalu_kecil,12142.661833448754,32,19
FAKE_MERAH3_mp4-0057_jpg.rf.02a390f7c8f57695b95bab75994ca7a3_1.jpg,test,FAKE_12,terlalu_kecil,979.2177974652151,123,22
FAKE_MERAH3_mp4-0064_jpg.rf.2c256440710568f4be999177331b9eca_1.jpg,test,FAKE_12,terlalu_kecil,4536.663516692348,116,14
FAKE_MERAH3_mp4-0074_jpg.rf.5e60671a57fae30d914a2ba6bb9a11c5_1.jpg,test,FAKE_6,terlalu_kecil,5641.4535544063465,62,23
FAKE_MERAH3_mp4-0123_jpg.rf.fc6461503bf6c5c7cfb00d00862930b3_1.jpg,test,FAKE_11,terlalu_kecil,2204.595951350237,110,21
FAKE_MERAH3_mp4-0123_jpg.rf.fc6461503bf6c5c7cfb00d00862930b3_4.jpg,test,REAL_10,terlalu_kecil,2922.8098879444356,56,16
FAKE_MERAH3_mp4-0149_jpg.rf.9b77ef6c4634b8415aa0c09959275e17_0.jpg,test,REAL_10,terlalu_kecil,1112.553874509513,51,23
FAKE_MERAH3_mp4-0149_jpg.rf.9b77ef6c4634b8415aa0c09959275e17_4.jpg,test,REAL_3,terlalu_kecil,777.3089129122034,48,23
FAKE_MERAH3_mp4-0149_jpg.rf.9b77ef6c4634b8415aa0c09959275e17_5.jpg,test,R1,terlalu_kecil,142.3685048010974,60,18
FAKE_MERAH3_mp4-0149_jpg.rf.9b77ef6c4634b8415aa0c09959275e17_6.jpg,test,REAL_6,terlalu_kecil,516.124502984064,56,18
FAKE_MERAH3_mp4-0149_jpg.rf.9b77ef6c4634b8415aa0c09959275e17_7.jpg,test,R1,terlalu_kecil,3939.8577975915673,24,19
FAKE_MERAH3_mp4-0152_jpg.rf.ae96d3b096ec951ed6d0e518a1e95b95_0.jpg,test,REAL_10,terlalu_kecil,2080.637943098808,51,20
FAKE_MERAH3_mp4-0152_jpg.rf.ae96d3b096ec951ed6d0e518a1e95b95_3.jpg,test,REAL_3,terlalu_kecil,6254.740537056928,35,19
FAKE_MERAH3_mp4-0152_jpg.rf.ae96d3b096ec951ed6d0e518a1e95b95_5.jpg,test,R1,terlalu_kecil,2750.337316996136,58,16
FAKE_MERAH3_mp4-0152_jpg.rf.ae96d3b096ec951ed6d0e518a1e95b95_6.jpg,test,FAKE_6,terlalu_kecil,9286.656497292794,56,14
FAKE_MERAH3_mp4-0152_jpg.rf.ae96d3b096ec951ed6d0e518a1e95b95_7.jpg,test,R1,terlalu_kecil,5947.3342024691365,25,18
FAKE_MERAH3_mp4-0159_jpg.rf.91f03f215e5aca276e3ad348c3711741_2.jpg,test,R1,terlalu_kecil,520.3013106621371,62,23
FAKE_MERAH3_mp4-0159_jpg.rf.91f03f215e5aca276e3ad348c3711741_3.jpg,test,REAL_3,terlalu_kecil,1389.2376473223035,27,21
FAKE_MERAH3_mp4-0159_jpg.rf.91f03f215e5aca276e3ad348c3711741_4.jpg,test,R1,terlalu_kecil,2858.0390655391984,26,17
FAKE_MERAH3_mp4-0159_jpg.rf.91f03f215e5aca276e3ad348c3711741_5.jpg,test,R1,terlalu_kecil,176.11065988015304,57,18
FAKE_MERAH3_mp4-0183_jpg.rf.28838f4cd7934ef2946b9b781cec5f8b_4.jpg,test,REAL_3,terlalu_kecil,1300.5024387986489,35,21
FAKE_MERAH3_mp4-0183_jpg.rf.28838f4cd7934ef2946b9b781cec5f8b_5.jpg,test,R1,terlalu_kecil,635.2599196507306,48,21
FAKE_MERAH3_mp4-0183_jpg.rf.28838f4cd7934ef2946b9b781cec5f8b_6.jpg,test,R1,terlalu_kecil,308.7889564469902,62,23
FAKE_MERAH3_mp4-0183_jpg.rf.28838f4cd7934ef2946b9b781cec5f8b_7.jpg,test,R1,terlalu_kecil,931.2706509074218,34,14
FAKE_MERAH3_mp4-0183_jpg.rf.28838f4cd7934ef2946b9b781cec5f8b_8.jpg,test,R1,terlalu_kecil,5677.792375451964,29,14
FAKE_MERAH3_mp4-0188_jpg.rf.767b3493f1d7f178cec74f811b833cf0_4.jpg,test,R1,terlalu_kecil,1205.4753047052154,42,16
FAKE_MERAH3_mp4-0188_jpg.rf.767b3493f1d7f178cec74f811b833cf0_5.jpg,test,R1,terlalu_kecil,731.3366319120292,58,22
FAKE_MERAH3_mp4-0188_jpg.rf.767b3493f1d7f178cec74f811b833cf0_6.jpg,test,REAL_3,terlalu_kecil,1069.0512084960938,48,24
FAKE_MERAH3_mp4-0188_jpg.rf.767b3493f1d7f178cec74f811b833cf0_7.jpg,test,R1,terlalu_kecil,2038.3434027564037,45,19
FAKE_MERAH3_mp4-0188_jpg.rf.767b3493f1d7f178cec74f811b833cf0_8.jpg,test,R1,terlalu_kecil,1660.349977324263,28,15
FAKE_MERAH3_mp4-0188_jpg.rf.767b3493f1d7f178cec74f811b833cf0_9.jpg,test,REAL_6,terlalu_kecil,1568.00414399093,60,7
FAKE_MERAH3_mp4-0201_jpg.rf.4bf38af3e8871b583bf12fc33d291ddd_1.jpg,test,R1,terlalu_kecil,2653.315423854848,41,20
FAKE_MERAH3_mp4-0201_jpg.rf.4bf38af3e8871b583bf12fc33d291ddd_3.jpg,test,R1,terlalu_kecil,4527.790510552913,58,20
FAKE_MERAH3_mp4-0201_jpg.rf.4bf38af3e8871b583bf12fc33d291ddd_4.jpg,test,FAKE_8,terlalu_kecil,586.215806002436,126,13
FAKE_MERAH3_mp4-0201_jpg.rf.4bf38af3e8871b583bf12fc33d291ddd_5.jpg,test,R1,terlalu_kecil,4215.284001233931,33,16
FAKE_MERAH_mp4-0002_jpg.rf.85cff4d6303d9775bce1f58935a86367_0.jpg,test,FAKE_3,terlalu_kecil,1147.2373826981775,68,21
FAKE_MERAH_mp4-0002_jpg.rf.85cff4d6303d9775bce1f58935a86367_1.jpg,test,FAKE_4,terlalu_kecil,815.4289996139438,68,11
FAKE_MERAH_mp4-0002_jpg.rf.85cff4d6303d9775bce1f58935a86367_2.jpg,test,FAKE_9,terlalu_kecil,4219.818094135802,36,16
FAKE_MERAH_mp4-0028_jpg.rf.80c02ea99a27c2453122156826f76e0a_1.jpg,test,FAKE_9,terlalu_kecil,4724.870307382213,63,24
FAKE_MERAH_mp4-0033_jpg.rf.0ece3bf30e072b80df80375ef0fbef0d_1.jpg,test,FAKE_9,terlalu_kecil,4971.125126861166,62,18
FAKE_MERAH_mp4-0043_jpg.rf.07c8d64a8f06fe63d9dd6d095a934ec3_1.jpg,test,FAKE_9,terlalu_kecil,4582.969006437075,58,18
FAKE_MERAH_mp4-0073_jpg.rf.ee64e7bb7c63affa0468b24c62ae3cad_1.jpg,test,FAKE_3,terlalu_kecil,1501.784484381988,119,24
FAKE_MERAH_mp4-0080_jpg.rf.ab62ef65f8118f17b9eb4ed9ccddb9ee_1.jpg,test,FAKE_3,terlalu_kecil,868.4016022531015,119,18
FAKE_MERAH_mp4-0110_jpg.rf.5666a825753418418eb065d91ded9994_2.jpg,test,FAKE_15,terlalu_kecil,1486.1379253592468,107,11
FAKE_MERAH_mp4-0119_jpg.rf.c193746b293a1e33ce3e5e4114b4d49a_0.jpg,test,FAKE_15,terlalu_kecil,420.6310125410319,109,20
FAKE_MERAH_mp4-0126_jpg.rf.b75593e98db39ab28d9060f719a76f86_1.jpg,test,FAKE_15,terlalu_kecil,2647.8851598454967,104,24
FAKE_MERAH_mp4-0142_jpg.rf.bd6963cfa72d3e76c65f3365c3915c4f_2.jpg,test,FAKE_1,terlalu_kecil,1250.8793686461725,97,14
FAKE_MERAH_mp4-0142_jpg.rf.bd6963cfa72d3e76c65f3365c3915c4f_5.jpg,test,R1,terlalu_kecil,674.0752480397312,46,13
FAKE_MERAH_mp4-0157_jpg.rf.8529010e62a24c587c756e3a77a70189_1.jpg,test,FAKE_9,terlalu_kecil,8387.98375123967,55,20
FAKE_MERAH_mp4-0157_jpg.rf.8529010e62a24c587c756e3a77a70189_2.jpg,test,FAKE_12,terlalu_kecil,6403.106267755682,44,16
FAKE_MERAH_mp4-0157_jpg.rf.8529010e62a24c587c756e3a77a70189_3.jpg,test,FAKE_14,terlalu_kecil,4553.6374609375,32,10
FAKE_MERAH_mp4-0157_jpg.rf.8529010e62a24c587c756e3a77a70189_4.jpg,test,FAKE_7,terlalu_kecil,4701.95282085048,45,15
FAKE_MERAH_mp4-0157_jpg.rf.8529010e62a24c587c756e3a77a70189_5.jpg,test,R1,terlalu_kecil,5771.2309859375,50,16
FAKE_MERAH_mp4-0157_jpg.rf.8529010e62a24c587c756e3a77a70189_6.jpg,test,FAKE_2,terlalu_kecil,3652.288260726252,43,13
FAKE_MERAH_mp4-0157_jpg.rf.8529010e62a24c587c756e3a77a70189_8.jpg,test,REAL_10,terlalu_kecil,4667.8951646596915,38,22
FAKE_MERAH_mp4-0157_jpg.rf.8529010e62a24c587c756e3a77a70189_9.jpg,test,R1,terlalu_kecil,1433.794596606648,40,19
FAKE_MERAH_mp4-0157_jpg.rf.8529010e62a24c587c756e3a77a70189_10.jpg,test,REAL_9,terlalu_kecil,3862.6442800453515,42,10
FAKE_MERAH_mp4-0162_jpg.rf.c00f5322fd6112af350d9f60be98e76b_1.jpg,test,FAKE_9,terlalu_kecil,8082.1349117772115,56,18
FAKE_MERAH_mp4-0162_jpg.rf.c00f5322fd6112af350d9f60be98e76b_2.jpg,test,FAKE_7,terlalu_kecil,5488.739540289256,44,14
FAKE_MERAH_mp4-0162_jpg.rf.c00f5322fd6112af350d9f60be98e76b_4.jpg,test,R1,terlalu_kecil,1388.8811296778129,37,22
FAKE_MERAH_mp4-0162_jpg.rf.c00f5322fd6112af350d9f60be98e76b_5.jpg,test,R1,terlalu_kecil,1608.698010607825,49,14
FAKE_MERAH_mp4-0162_jpg.rf.c00f5322fd6112af350d9f60be98e76b_6.jpg,test,FAKE_12,terlalu_kecil,2328.6753741496595,42,15
FAKE_MERAH_mp4-0162_jpg.rf.c00f5322fd6112af350d9f60be98e76b_7.jpg,test,REAL_10,terlalu_kecil,1521.766064597584,38,21
FAKE_MERAH_mp4-0162_jpg.rf.c00f5322fd6112af350d9f60be98e76b_8.jpg,test,FAKE_2,terlalu_kecil,4271.503605442177,42,10
FAKE_MERAH_mp4-0162_jpg.rf.c00f5322fd6112af350d9f60be98e76b_9.jpg,test,FAKE_9,terlalu_kecil,3642.639375,40,10
FAKE_MERAH_mp4-0162_jpg.rf.c00f5322fd6112af350d9f60be98e76b_10.jpg,test,FAKE_14,terlalu_kecil,4007.3455045343158,39,11
FAKE_MERAH_mp4-0166_jpg.rf.65f873cd88579ea99a5cad872ee4e4c2_0.jpg,test,FAKE_9,terlalu_kecil,6982.2417115997705,57,18
FAKE_MERAH_mp4-0166_jpg.rf.65f873cd88579ea99a5cad872ee4e4c2_2.jpg,test,REAL_10,terlalu_kecil,2056.725967346939,35,20
FAKE_MERAH_mp4-0166_jpg.rf.65f873cd88579ea99a5cad872ee4e4c2_3.jpg,test,R1,terlalu_kecil,1199.007218573704,34,21
FAKE_MERAH_mp4-0166_jpg.rf.65f873cd88579ea99a5cad872ee4e4c2_4.jpg,test,FAKE_12,terlalu_kecil,2176.0741516293215,41,15
FAKE_MERAH_mp4-0166_jpg.rf.65f873cd88579ea99a5cad872ee4e4c2_5.jpg,test,FAKE_7,terlalu_kecil,2088.595884634846,44,14
FAKE_MERAH_mp4-0166_jpg.rf.65f873cd88579ea99a5cad872ee4e4c2_6.jpg,test,R1,terlalu_kecil,2412.0323289996527,46,14
FAKE_MERAH_mp4-0166_jpg.rf.65f873cd88579ea99a5cad872ee4e4c2_7.jpg,test,FAKE_14,terlalu_kecil,648.7338568298028,37,10
FAKE_MERAH_mp4-0166_jpg.rf.65f873cd88579ea99a5cad872ee4e4c2_8.jpg,test,FAKE_2,terlalu_kecil,986.4623966942148,40,11
FAKE_MERAH_mp4-0166_jpg.rf.65f873cd88579ea99a5cad872ee4e4c2_9.jpg,test,REAL_9,terlalu_kecil,496.7953864673441,42,9
FAKE_MERAH_mp4-0166_jpg.rf.65f873cd88579ea99a5cad872ee4e4c2_10.jpg,test,R1,terlalu_kecil,3771.0381190923995,32,18
FAKE_MERAH_mp4-0190_jpg.rf.8deb23564b6256df7a7cf52b9563ce1d_0.jpg,test,REAL_10,terlalu_kecil,4260.421883650519,34,20
FAKE_MERAH_mp4-0190_jpg.rf.8deb23564b6256df7a7cf52b9563ce1d_2.jpg,test,FAKE_9,terlalu_kecil,7874.631829537227,54,24
FAKE_MERAH_mp4-0190_jpg.rf.8deb23564b6256df7a7cf52b9563ce1d_4.jpg,test,FAKE_7,terlalu_kecil,1313.6576331360945,40,13
FAKE_MERAH_mp4-0190_jpg.rf.8deb23564b6256df7a7cf52b9563ce1d_5.jpg,test,FAKE_4,terlalu_kecil,4715.173393306335,109,19
FAKE_MERAH_mp4-0190_jpg.rf.8deb23564b6256df7a7cf52b9563ce1d_6.jpg,test,FAKE_12,terlalu_kecil,5714.964427045056,38,14
FAKE_MERAH_mp4-0190_jpg.rf.8deb23564b6256df7a7cf52b9563ce1d_7.jpg,test,R1,terlalu_kecil,6341.442128191206,23,17
FAKE_MERAH_mp4-0197_jpg.rf.d5e7be99d202fb0310fb8463a74712e5_0.jpg,test,FAKE_15,terlalu_kecil,1652.6980190224235,105,24
FAKE_MERAH_mp4-0197_jpg.rf.d5e7be99d202fb0310fb8463a74712e5_3.jpg,test,FAKE_12,terlalu_kecil,1069.9975305555556,40,15
FAKE_MERAH_mp4-0197_jpg.rf.d5e7be99d202fb0310fb8463a74712e5_4.jpg,test,REAL_10,terlalu_kecil,1992.4599050236118,37,21
FAKE_MERAH_mp4-0197_jpg.rf.d5e7be99d202fb0310fb8463a74712e5_6.jpg,test,FAKE_7,terlalu_kecil,990.4071737176132,42,13
FAKE_MERAH_mp4-0202_jpg.rf.e46acaffaef86f99d16cbd4272a60891_0.jpg,test,REAL_10,terlalu_kecil,1416.2121913580247,36,21
FAKE_MERAH_mp4-0202_jpg.rf.e46acaffaef86f99d16cbd4272a60891_4.jpg,test,FAKE_7,terlalu_kecil,4723.68892828684,43,13
FAKE_MERAH_mp4-0202_jpg.rf.e46acaffaef86f99d16cbd4272a60891_6.jpg,test,FAKE_15,terlalu_kecil,1607.3815419501134,105,20
FAKE_MERAH_mp4-0202_jpg.rf.e46acaffaef86f99d16cbd4272a60891_7.jpg,test,FAKE_12,terlalu_kecil,6213.349159726354,41,16
FAKE_MERAH_mp4-0202_jpg.rf.e46acaffaef86f99d16cbd4272a60891_8.jpg,test,R1,terlalu_kecil,3187.3491423081127,46,11
FAKE_MERAH_mp4-0202_jpg.rf.e46acaffaef86f99d16cbd4272a60891_9.jpg,test,R1,terlalu_kecil,3120.430119308498,37,12
FAKE_MERAH_mp4-0210_jpg.rf.88484862789891b99c3aeaf10e04f53d_0.jpg,test,FAKE_7,terlalu_kecil,1529.2600601121135,46,17
FAKE_MERAH_mp4-0210_jpg.rf.88484862789891b99c3aeaf10e04f53d_5.jpg,test,FAKE_12,terlalu_kecil,2069.84465200831,40,19
FAKE_MERAH_mp4-0210_jpg.rf.88484862789891b99c3aeaf10e04f53d_6.jpg,test,R1,terlalu_kecil,2005.4910514987246,32,14
FAKE_MERAH_mp4-0210_jpg.rf.88484862789891b99c3aeaf10e04f53d_7.jpg,test,FAKE_15,terlalu_kecil,1629.9648085613642,112,16
FAKE_MERAH_mp4-0210_jpg.rf.88484862789891b99c3aeaf10e04f53d_8.jpg,test,R1,terlalu_kecil,4337.550983244494,31,14
FAKE_MERAH_mp4-0210_jpg.rf.88484862789891b99c3aeaf10e04f53d_9.jpg,test,R1,terlalu_kecil,2831.720818005617,53,9
FAKE_MERAH_mp4-0240_jpg.rf.21bcf2ce49f75af68fa6a251521ec62b_2.jpg,test,FAKE_3,terlalu_kecil,634.5181902192074,118,14
FAKE_MERAH_mp4-0272_jpg.rf.68c03a1340468700e5a0b403b486cf16_1.jpg,test,FAKE_4,terlalu_kecil,831.6944976012352,116,12
IMG_9377_MOV-0224_jpg.rf.4ace1a5d543213773e1dc90d6b9234f0_1.jpg,test,REAL_8,terlalu_kecil,1669.7756656659262,49,24
WhatsApp-Video-2025-09-30-at-23_43_16_ace80a6e_mp4-0001_jpg.rf.e8916270e64d3a6b549b64b09dda2072_0.jpg,test,REAL_7,terlalu_kecil,6955.198978346221,64,14
WhatsApp-Video-2025-09-30-at-23_43_16_ace80a6e_mp4-0037_jpg.rf.24f78c8f86a4c1341a4b8d9301df8a51_0.jpg,test,REAL_1,terlalu_kecil,5973.919713317866,101,15
WhatsApp-Video-2025-09-30-at-23_43_16_ace80a6e_mp4-0037_jpg.rf.24f78c8f86a4c1341a4b8d9301df8a51_1.jpg,test,REAL_7,terlalu_kecil,3223.9099495208047,101,18
WhatsApp-Video-2025-09-30-at-23_43_16_ace80a6e_mp4-0047_jpg.rf.aafc9ec3716a56cb01172a5fd299327a_0.jpg,test,REAL_1,terlalu_kecil,2107.881514171963,117,20
WhatsApp-Video-2025-09-30-at-23_43_16_ace80a6e_mp4-0047_jpg.rf.aafc9ec3716a56cb01172a5fd299327a_1.jpg,test,REAL_7,terlalu_kecil,2899.673273431222,117,20
WhatsApp-Video-2025-09-30-at-23_43_16_ace80a6e_mp4-0062_jpg.rf.221a42357175a100c3925f5029668e24_1.jpg,test,REAL_7,terlalu_kecil,2781.4018450819335,126,19
WhatsApp-Video-2025-09-30-at-23_43_16_ace80a6e_mp4-0073_jpg.rf.847e715685e914eaa673d4582ff29d32_1.jpg,test,REAL_7,terlalu_kecil,2584.403626328875,135,16
WhatsApp-Video-2025-09-30-at-23_43_16_ace80a6e_mp4-0130_jpg.rf.c0a0f0509ab4ee51b52ecac0fd986400_1.jpg,test,REAL_3,terlalu_kecil,5411.547752870212,126,17
WhatsApp-Video-2025-09-30-at-23_43_16_ace80a6e_mp4-0161_jpg.rf.636c9d09a76d6a9c50e0668d3e72a3c0_1.jpg,test,REAL_1,terlalu_kecil,1061.984375,147,24
WhatsApp-Video-2025-09-30-at-23_43_16_ace80a6e_mp4-0169_jpg.rf.5e43a325f5ba6b3b24b4594e4fd1a198_1.jpg,test,REAL_1,terlalu_kecil,698.5386585828994,160,12
WhatsApp-Video-2025-09-30-at-23_43_16_ace80a6e_mp4-0196_jpg.rf.2ae5c2e0d36c58c741627435038038d0_1.jpg,test,REAL_11,terlalu_kecil,1189.3753222222222,20,15
WhatsApp-Video-2025-09-30-at-23_43_16_ace80a6e_mp4-0196_jpg.rf.2ae5c2e0d36c58c741627435038038d0_2.jpg,test,REAL_11,terlalu_kecil,6875.5309674281225,84,18
WhatsApp-Video-2025-09-30-at-23_43_16_ace80a6e_mp4-0196_jpg.rf.2ae5c2e0d36c58c741627435038038d0_3.jpg,test,REAL_10,terlalu_kecil,3429.6088551512294,40,23
WhatsApp-Video-2025-09-30-at-23_43_16_ace80a6e_mp4-0196_jpg.rf.2ae5c2e0d36c58c741627435038038d0_4.jpg,test,FAKE_1,terlalu_kecil,5853.213508655756,31,11
WhatsApp-Video-2025-09-30-at-23_43_16_ace80a6e_mp4-0217_jpg.rf.6f5d706c7c3a91408e66e0a1a615847f_2.jpg,test,REAL_10,terlalu_kecil,2664.4761275476662,39,20
WhatsApp-Video-2025-09-30-at-23_43_16_ace80a6e_mp4-0217_jpg.rf.6f5d706c7c3a91408e66e0a1a615847f_3.jpg,test,FAKE_14,terlalu_kecil,9043.681484017148,33,13
WhatsApp-Video-2025-09-30-at-23_43_16_ace80a6e_mp4-0217_jpg.rf.6f5d706c7c3a91408e66e0a1a615847f_4.jpg,test,REAL_11,terlalu_kecil,6292.896167800453,84,15
WhatsApp-Video-2025-09-30-at-23_43_16_ace80a6e_mp4-0217_jpg.rf.6f5d706c7c3a91408e66e0a1a615847f_5.jpg,test,FAKE_1,terlalu_kecil,3399.443087233813,29,11
WhatsApp-Video-2025-09-30-at-23_43_16_ace80a6e_mp4-0222_jpg.rf.f1fe545db8d6f36f13e9ebd9844258bd_2.jpg,test,REAL_10,terlalu_kecil,1199.0493694339848,39,22
WhatsApp-Video-2025-09-30-at-23_43_16_ace80a6e_mp4-0222_jpg.rf.f1fe545db8d6f36f13e9ebd9844258bd_3.jpg,test,FAKE_14,terlalu_kecil,1451.790810998956,34,13
WhatsApp-Video-2025-09-30-at-23_43_16_ace80a6e_mp4-0222_jpg.rf.f1fe545db8d6f36f13e9ebd9844258bd_4.jpg,test,REAL_11,terlalu_kecil,6804.315949747386,88,16
WhatsApp-Video-2025-09-30-at-23_43_16_ace80a6e_mp4-0229_jpg.rf.6a8045f5ac3b2db95443674318e4c920_3.jpg,test,REAL_10,terlalu_kecil,6854.230219636064,42,22
WhatsApp-Video-2025-09-30-at-23_43_16_ace80a6e_mp4-0229_jpg.rf.6a8045f5ac3b2db95443674318e4c920_5.jpg,test,FAKE_1,terlalu_kecil,5081.1209458761905,33,13
WhatsApp-Video-2025-09-30-at-23_43_16_ace80a6e_mp4-0229_jpg.rf.6a8045f5ac3b2db95443674318e4c920_7.jpg,test,FAKE_7,terlalu_kecil,4920.055114746094,32,8
WhatsApp-Video-2025-09-30-at-23_43_16_ace80a6e_mp4-0229_jpg.rf.6a8045f5ac3b2db95443674318e4c920_10.jpg,test,FAKE_12,terlalu_kecil,1005.1101532567051,29,12
WhatsApp-Video-2025-09-30-at-23_43_16_ace80a6e_mp4-0236_jpg.rf.2436021faba0fd385a8313154e0ae10c_2.jpg,test,REAL_10,terlalu_kecil,2352.0932908712884,38,21
WhatsApp-Video-2025-09-30-at-23_43_16_ace80a6e_mp4-0236_jpg.rf.2436021faba0fd385a8313154e0ae10c_3.jpg,test,FAKE_14,terlalu_kecil,11317.66908416259,21,11
WhatsApp-Video-2025-09-30-at-23_43_16_ace80a6e_mp4-0236_jpg.rf.2436021faba0fd385a8313154e0ae10c_4.jpg,test,REAL_11,terlalu_kecil,1116.5614555555555,20,15
WhatsApp-Video-2025-09-30-at-23_43_16_ace80a6e_mp4-0236_jpg.rf.2436021faba0fd385a8313154e0ae10c_5.jpg,test,FAKE_1,terlalu_kecil,1562.6999869927158,31,12
WhatsApp-Video-2025-09-30-at-23_43_16_ace80a6e_mp4-0236_jpg.rf.2436021faba0fd385a8313154e0ae10c_6.jpg,test,REAL_11,terlalu_kecil,5254.346449310134,73,17
